START: Wed Aug 27 03:13:51 PM CEST 2025
JobID: 3495036
Random seed set to: 42
Output directory: /faststorage/project/EcoGenetics/people/jilong/local_adaptation/pop_phylo/steps/EntNic/bootstrap_sequences
Parsing samples from /faststorage/project/EcoGenetics/people/jilong/local_adaptation/sweepfinder/data/EntNiC_sweepfinder_input.vcf...
Found 41 samples

Generating bootstrap replicate 1...
Reading and sampling variants...
  Processed 10000 variants (filtered 0)...
  Processed 20000 variants (filtered 0)...
  Processed 30000 variants (filtered 0)...
  Processed 40000 variants (filtered 0)...
  Processed 50000 variants (filtered 0)...
  Processed 60000 variants (filtered 0)...
  Processed 70000 variants (filtered 0)...
  Processed 80000 variants (filtered 0)...
  Processed 90000 variants (filtered 0)...
  Processed 100000 variants (filtered 0)...
  Processed 110000 variants (filtered 0)...
  Processed 120000 variants (filtered 0)...
  Processed 130000 variants (filtered 0)...
  Processed 140000 variants (filtered 0)...
  Processed 150000 variants (filtered 0)...
  Processed 160000 variants (filtered 0)...
  Processed 170000 variants (filtered 0)...
  Processed 180000 variants (filtered 0)...
  Processed 190000 variants (filtered 0)...
  Processed 200000 variants (filtered 0)...
  Processed 210000 variants (filtered 0)...
  Processed 220000 variants (filtered 0)...
  Processed 230000 variants (filtered 0)...
  Processed 240000 variants (filtered 0)...
  Processed 250000 variants (filtered 0)...
  Processed 260000 variants (filtered 0)...
  Processed 270000 variants (filtered 0)...
  Processed 280000 variants (filtered 0)...
  Processed 290000 variants (filtered 0)...
  Processed 300000 variants (filtered 0)...
  Processed 310000 variants (filtered 0)...
  Processed 320000 variants (filtered 0)...
  Processed 330000 variants (filtered 0)...
  Processed 340000 variants (filtered 0)...
  Processed 350000 variants (filtered 0)...
  Processed 360000 variants (filtered 0)...
  Processed 370000 variants (filtered 0)...
  Processed 380000 variants (filtered 0)...
  Processed 390000 variants (filtered 0)...
  Processed 400000 variants (filtered 0)...
  Processed 410000 variants (filtered 0)...
  Processed 420000 variants (filtered 0)...
  Processed 430000 variants (filtered 0)...
  Processed 440000 variants (filtered 0)...
  Processed 450000 variants (filtered 0)...
  Processed 460000 variants (filtered 0)...
  Processed 470000 variants (filtered 0)...
  Processed 480000 variants (filtered 0)...
  Processed 490000 variants (filtered 0)...
  Processed 500000 variants (filtered 0)...
  Processed 510000 variants (filtered 0)...
  Processed 520000 variants (filtered 0)...
  Processed 530000 variants (filtered 0)...
  Processed 540000 variants (filtered 0)...
  Processed 550000 variants (filtered 0)...
  Processed 560000 variants (filtered 0)...
  Processed 570000 variants (filtered 0)...
  Processed 580000 variants (filtered 0)...
  Processed 590000 variants (filtered 0)...
  Processed 600000 variants (filtered 0)...
  Processed 610000 variants (filtered 0)...
  Processed 620000 variants (filtered 0)...
  Processed 630000 variants (filtered 0)...
  Processed 640000 variants (filtered 0)...
  Processed 650000 variants (filtered 0)...
  Processed 660000 variants (filtered 0)...
  Processed 670000 variants (filtered 0)...
  Processed 680000 variants (filtered 0)...
  Processed 690000 variants (filtered 0)...
  Processed 700000 variants (filtered 0)...
  Processed 710000 variants (filtered 0)...
  Processed 720000 variants (filtered 0)...
  Processed 730000 variants (filtered 0)...
  Processed 740000 variants (filtered 0)...
  Processed 750000 variants (filtered 0)...
  Processed 760000 variants (filtered 0)...
  Processed 770000 variants (filtered 0)...
  Processed 780000 variants (filtered 0)...
  Processed 790000 variants (filtered 0)...
  Processed 800000 variants (filtered 0)...
  Processed 810000 variants (filtered 0)...
  Processed 820000 variants (filtered 0)...
  Processed 830000 variants (filtered 0)...
  Processed 840000 variants (filtered 0)...
  Processed 850000 variants (filtered 0)...
  Processed 860000 variants (filtered 0)...
  Processed 870000 variants (filtered 0)...
  Processed 880000 variants (filtered 0)...
  Processed 890000 variants (filtered 0)...
  Processed 900000 variants (filtered 0)...
  Processed 910000 variants (filtered 0)...
  Processed 920000 variants (filtered 0)...
  Processed 930000 variants (filtered 0)...
  Processed 940000 variants (filtered 0)...
  Processed 950000 variants (filtered 0)...
  Processed 960000 variants (filtered 0)...
  Processed 970000 variants (filtered 0)...
  Processed 980000 variants (filtered 0)...
  Processed 990000 variants (filtered 0)...
  Processed 1000000 variants (filtered 0)...
  Processed 1010000 variants (filtered 0)...
  Processed 1020000 variants (filtered 0)...
  Processed 1030000 variants (filtered 0)...
  Processed 1040000 variants (filtered 0)...
  Processed 1050000 variants (filtered 0)...
  Processed 1060000 variants (filtered 0)...
  Processed 1070000 variants (filtered 0)...
  Processed 1080000 variants (filtered 0)...
  Processed 1090000 variants (filtered 0)...
  Processed 1100000 variants (filtered 0)...
  Processed 1110000 variants (filtered 0)...
  Processed 1120000 variants (filtered 0)...
  Processed 1130000 variants (filtered 0)...
  Processed 1140000 variants (filtered 0)...
  Processed 1150000 variants (filtered 0)...
  Processed 1160000 variants (filtered 0)...
  Processed 1170000 variants (filtered 0)...
  Processed 1180000 variants (filtered 0)...
  Processed 1190000 variants (filtered 0)...
  Processed 1200000 variants (filtered 0)...
  Processed 1210000 variants (filtered 0)...
  Processed 1220000 variants (filtered 0)...
  Processed 1230000 variants (filtered 0)...
  Processed 1240000 variants (filtered 0)...
  Processed 1250000 variants (filtered 0)...
  Processed 1260000 variants (filtered 0)...
  Processed 1270000 variants (filtered 0)...
  Processed 1280000 variants (filtered 0)...
  Processed 1290000 variants (filtered 0)...
  Processed 1300000 variants (filtered 0)...
  Processed 1310000 variants (filtered 0)...
  Processed 1320000 variants (filtered 0)...
  Processed 1330000 variants (filtered 0)...
  Processed 1340000 variants (filtered 0)...
  Processed 1350000 variants (filtered 0)...
  Processed 1360000 variants (filtered 0)...
  Processed 1370000 variants (filtered 0)...
  Processed 1380000 variants (filtered 0)...
  Processed 1390000 variants (filtered 0)...
  Processed 1400000 variants (filtered 0)...
  Processed 1410000 variants (filtered 0)...
  Processed 1420000 variants (filtered 0)...
  Processed 1430000 variants (filtered 0)...
  Processed 1440000 variants (filtered 0)...
  Processed 1450000 variants (filtered 0)...
  Processed 1460000 variants (filtered 0)...
  Processed 1470000 variants (filtered 0)...
  Processed 1480000 variants (filtered 0)...
  Processed 1490000 variants (filtered 0)...
  Processed 1500000 variants (filtered 0)...
  Processed 1510000 variants (filtered 0)...
  Processed 1520000 variants (filtered 0)...
  Processed 1530000 variants (filtered 0)...
  Processed 1540000 variants (filtered 0)...
  Processed 1550000 variants (filtered 0)...
  Processed 1560000 variants (filtered 0)...
  Processed 1570000 variants (filtered 0)...
  Processed 1580000 variants (filtered 0)...
  Processed 1590000 variants (filtered 0)...
  Processed 1600000 variants (filtered 0)...
  Processed 1610000 variants (filtered 0)...
  Processed 1620000 variants (filtered 0)...
  Processed 1630000 variants (filtered 0)...
  Processed 1640000 variants (filtered 0)...
  Processed 1650000 variants (filtered 0)...
  Processed 1660000 variants (filtered 0)...
  Processed 1670000 variants (filtered 0)...
  Processed 1680000 variants (filtered 0)...
  Processed 1690000 variants (filtered 0)...
  Processed 1700000 variants (filtered 0)...
  Processed 1710000 variants (filtered 0)...
  Processed 1720000 variants (filtered 0)...
  Processed 1730000 variants (filtered 0)...
  Processed 1740000 variants (filtered 0)...
  Processed 1750000 variants (filtered 0)...
  Processed 1760000 variants (filtered 0)...
  Processed 1770000 variants (filtered 0)...
  Processed 1780000 variants (filtered 0)...
  Processed 1790000 variants (filtered 0)...
  Processed 1800000 variants (filtered 0)...
  Processed 1810000 variants (filtered 0)...
  Processed 1820000 variants (filtered 0)...
  Processed 1830000 variants (filtered 0)...
  Processed 1840000 variants (filtered 0)...
  Processed 1850000 variants (filtered 0)...
  Processed 1860000 variants (filtered 0)...
  Processed 1870000 variants (filtered 0)...
  Processed 1880000 variants (filtered 0)...
  Processed 1890000 variants (filtered 0)...
  Processed 1900000 variants (filtered 0)...
  Processed 1910000 variants (filtered 0)...
  Processed 1920000 variants (filtered 0)...
  Processed 1930000 variants (filtered 0)...
  Processed 1940000 variants (filtered 0)...
  Processed 1950000 variants (filtered 0)...
  Processed 1960000 variants (filtered 0)...
  Processed 1970000 variants (filtered 0)...
  Processed 1980000 variants (filtered 0)...
  Processed 1990000 variants (filtered 0)...
  Processed 2000000 variants (filtered 0)...
  Processed 2010000 variants (filtered 0)...
  Processed 2020000 variants (filtered 0)...
  Processed 2030000 variants (filtered 0)...
  Processed 2040000 variants (filtered 0)...
  Processed 2050000 variants (filtered 0)...
  Processed 2060000 variants (filtered 0)...
  Processed 2070000 variants (filtered 0)...
  Processed 2080000 variants (filtered 0)...
  Processed 2090000 variants (filtered 0)...
  Processed 2100000 variants (filtered 0)...
  Processed 2110000 variants (filtered 0)...
  Processed 2120000 variants (filtered 0)...
  Processed 2130000 variants (filtered 0)...
  Processed 2140000 variants (filtered 0)...
  Processed 2150000 variants (filtered 0)...
  Processed 2160000 variants (filtered 0)...
  Processed 2170000 variants (filtered 0)...
  Processed 2180000 variants (filtered 0)...
  Processed 2190000 variants (filtered 0)...
  Processed 2200000 variants (filtered 0)...
  Processed 2210000 variants (filtered 0)...
  Processed 2220000 variants (filtered 0)...
  Processed 2230000 variants (filtered 0)...
  Processed 2240000 variants (filtered 0)...
  Processed 2250000 variants (filtered 0)...
  Processed 2260000 variants (filtered 0)...
  Processed 2270000 variants (filtered 0)...
  Processed 2280000 variants (filtered 0)...
  Processed 2290000 variants (filtered 0)...
  Processed 2300000 variants (filtered 0)...
  Processed 2310000 variants (filtered 0)...
  Processed 2320000 variants (filtered 0)...
  Processed 2330000 variants (filtered 0)...
  Processed 2340000 variants (filtered 0)...
  Processed 2350000 variants (filtered 0)...
  Processed 2360000 variants (filtered 0)...
  Processed 2370000 variants (filtered 0)...
  Processed 2380000 variants (filtered 0)...
  Processed 2390000 variants (filtered 0)...
  Processed 2400000 variants (filtered 0)...
  Processed 2410000 variants (filtered 0)...
  Processed 2420000 variants (filtered 0)...
  Processed 2430000 variants (filtered 0)...
  Processed 2440000 variants (filtered 0)...
  Processed 2450000 variants (filtered 0)...
  Processed 2460000 variants (filtered 0)...
  Processed 2470000 variants (filtered 0)...
  Processed 2480000 variants (filtered 0)...
  Processed 2490000 variants (filtered 0)...
  Processed 2500000 variants (filtered 0)...
  Processed 2510000 variants (filtered 0)...
  Processed 2520000 variants (filtered 0)...
  Processed 2530000 variants (filtered 0)...
  Processed 2540000 variants (filtered 0)...
  Processed 2550000 variants (filtered 0)...
  Processed 2560000 variants (filtered 0)...
  Processed 2570000 variants (filtered 0)...
  Processed 2580000 variants (filtered 0)...
  Processed 2590000 variants (filtered 0)...
  Processed 2600000 variants (filtered 0)...
  Processed 2610000 variants (filtered 0)...
  Processed 2620000 variants (filtered 0)...
  Processed 2630000 variants (filtered 0)...
  Processed 2640000 variants (filtered 0)...
  Processed 2650000 variants (filtered 0)...
  Processed 2660000 variants (filtered 0)...
  Processed 2670000 variants (filtered 0)...
  Processed 2680000 variants (filtered 0)...
  Processed 2690000 variants (filtered 0)...
  Processed 2700000 variants (filtered 0)...
  Processed 2710000 variants (filtered 0)...
  Processed 2720000 variants (filtered 0)...
  Processed 2730000 variants (filtered 0)...
  Processed 2740000 variants (filtered 0)...
  Processed 2750000 variants (filtered 0)...
  Processed 2760000 variants (filtered 0)...
  Processed 2770000 variants (filtered 0)...
  Processed 2780000 variants (filtered 0)...
  Processed 2790000 variants (filtered 0)...
  Processed 2800000 variants (filtered 0)...
  Processed 2810000 variants (filtered 0)...
  Processed 2820000 variants (filtered 0)...
  Processed 2830000 variants (filtered 0)...
  Processed 2840000 variants (filtered 0)...
  Processed 2850000 variants (filtered 0)...
  Processed 2860000 variants (filtered 0)...
  Processed 2870000 variants (filtered 0)...
  Processed 2880000 variants (filtered 0)...
  Processed 2890000 variants (filtered 0)...
  Processed 2900000 variants (filtered 0)...
  Processed 2910000 variants (filtered 0)...
  Processed 2920000 variants (filtered 0)...
  Processed 2930000 variants (filtered 0)...
  Processed 2940000 variants (filtered 0)...
  Processed 2950000 variants (filtered 0)...
  Processed 2960000 variants (filtered 0)...
  Processed 2970000 variants (filtered 0)...
  Processed 2980000 variants (filtered 0)...
  Processed 2990000 variants (filtered 0)...
  Processed 3000000 variants (filtered 0)...
  Processed 3010000 variants (filtered 0)...
  Processed 3020000 variants (filtered 0)...
  Processed 3030000 variants (filtered 0)...
  Processed 3040000 variants (filtered 0)...
  Processed 3050000 variants (filtered 0)...
  Processed 3060000 variants (filtered 0)...
  Processed 3070000 variants (filtered 0)...
  Processed 3080000 variants (filtered 0)...
  Processed 3090000 variants (filtered 0)...
  Processed 3100000 variants (filtered 0)...
  Processed 3110000 variants (filtered 0)...
  Processed 3120000 variants (filtered 0)...
  Processed 3130000 variants (filtered 0)...
  Processed 3140000 variants (filtered 0)...
  Processed 3150000 variants (filtered 0)...
  Processed 3160000 variants (filtered 0)...
  Processed 3170000 variants (filtered 0)...
  Processed 3180000 variants (filtered 0)...
  Processed 3190000 variants (filtered 0)...
  Processed 3200000 variants (filtered 0)...
  Processed 3210000 variants (filtered 0)...
  Processed 3220000 variants (filtered 0)...
  Processed 3230000 variants (filtered 0)...
  Processed 3240000 variants (filtered 0)...
  Processed 3250000 variants (filtered 0)...
  Processed 3260000 variants (filtered 0)...
  Processed 3270000 variants (filtered 0)...
  Processed 3280000 variants (filtered 0)...
  Processed 3290000 variants (filtered 0)...
  Processed 3300000 variants (filtered 0)...
  Processed 3310000 variants (filtered 0)...
  Processed 3320000 variants (filtered 0)...
  Processed 3330000 variants (filtered 0)...
  Processed 3340000 variants (filtered 0)...
  Processed 3350000 variants (filtered 0)...
  Processed 3360000 variants (filtered 0)...
  Processed 3370000 variants (filtered 0)...
  Processed 3380000 variants (filtered 0)...
  Processed 3390000 variants (filtered 0)...
  Processed 3400000 variants (filtered 0)...
  Processed 3410000 variants (filtered 0)...
  Processed 3420000 variants (filtered 0)...
  Processed 3430000 variants (filtered 0)...
  Processed 3440000 variants (filtered 0)...
  Processed 3450000 variants (filtered 0)...
  Processed 3460000 variants (filtered 0)...
  Processed 3470000 variants (filtered 0)...
  Processed 3480000 variants (filtered 0)...
  Processed 3490000 variants (filtered 0)...
  Processed 3500000 variants (filtered 0)...
  Processed 3510000 variants (filtered 0)...
  Processed 3520000 variants (filtered 0)...
  Processed 3530000 variants (filtered 0)...
  Processed 3540000 variants (filtered 0)...
  Processed 3550000 variants (filtered 0)...
  Processed 3560000 variants (filtered 0)...
  Processed 3570000 variants (filtered 0)...
  Processed 3580000 variants (filtered 0)...
  Processed 3590000 variants (filtered 0)...
  Processed 3600000 variants (filtered 0)...
  Processed 3610000 variants (filtered 0)...
  Processed 3620000 variants (filtered 0)...
  Processed 3630000 variants (filtered 0)...
  Processed 3640000 variants (filtered 0)...
  Processed 3650000 variants (filtered 0)...
  Processed 3660000 variants (filtered 0)...
  Processed 3670000 variants (filtered 0)...
  Processed 3680000 variants (filtered 0)...
  Processed 3690000 variants (filtered 0)...
  Processed 3700000 variants (filtered 0)...
  Processed 3710000 variants (filtered 0)...
  Processed 3720000 variants (filtered 0)...
  Processed 3730000 variants (filtered 0)...
  Processed 3740000 variants (filtered 0)...
  Processed 3750000 variants (filtered 0)...
  Processed 3760000 variants (filtered 0)...
  Processed 3770000 variants (filtered 0)...
  Processed 3780000 variants (filtered 0)...
  Processed 3790000 variants (filtered 0)...
  Processed 3800000 variants (filtered 0)...
  Processed 3810000 variants (filtered 0)...
  Processed 3820000 variants (filtered 0)...
  Processed 3830000 variants (filtered 0)...
  Processed 3840000 variants (filtered 0)...
  Processed 3850000 variants (filtered 0)...
  Processed 3860000 variants (filtered 0)...
  Processed 3870000 variants (filtered 0)...
  Processed 3880000 variants (filtered 0)...
  Processed 3890000 variants (filtered 0)...
  Processed 3900000 variants (filtered 0)...
  Processed 3910000 variants (filtered 0)...
  Processed 3920000 variants (filtered 0)...
  Processed 3930000 variants (filtered 0)...
  Processed 3940000 variants (filtered 0)...
  Processed 3950000 variants (filtered 0)...
  Processed 3960000 variants (filtered 0)...
  Processed 3970000 variants (filtered 0)...
  Processed 3980000 variants (filtered 0)...
  Processed 3990000 variants (filtered 0)...
  Processed 4000000 variants (filtered 0)...
  Processed 4010000 variants (filtered 0)...
  Processed 4020000 variants (filtered 0)...
  Processed 4030000 variants (filtered 0)...
  Processed 4040000 variants (filtered 0)...
  Processed 4050000 variants (filtered 0)...
  Processed 4060000 variants (filtered 0)...
  Processed 4070000 variants (filtered 0)...
  Processed 4080000 variants (filtered 0)...
  Processed 4090000 variants (filtered 0)...
  Processed 4100000 variants (filtered 0)...
  Processed 4110000 variants (filtered 0)...
  Processed 4120000 variants (filtered 0)...
  Processed 4130000 variants (filtered 0)...
  Processed 4140000 variants (filtered 0)...
  Processed 4150000 variants (filtered 0)...
  Processed 4160000 variants (filtered 0)...
  Processed 4170000 variants (filtered 0)...
  Processed 4180000 variants (filtered 0)...
  Processed 4190000 variants (filtered 0)...
  Processed 4200000 variants (filtered 0)...
  Processed 4210000 variants (filtered 0)...
  Processed 4220000 variants (filtered 0)...
  Processed 4230000 variants (filtered 0)...
  Processed 4240000 variants (filtered 0)...
  Processed 4250000 variants (filtered 0)...
  Processed 4260000 variants (filtered 0)...
  Processed 4270000 variants (filtered 0)...
  Processed 4280000 variants (filtered 0)...
  Processed 4290000 variants (filtered 0)...
  Processed 4300000 variants (filtered 0)...
  Processed 4310000 variants (filtered 0)...
  Processed 4320000 variants (filtered 0)...
  Processed 4330000 variants (filtered 0)...
  Processed 4340000 variants (filtered 0)...
  Processed 4350000 variants (filtered 0)...
  Processed 4360000 variants (filtered 0)...
  Processed 4370000 variants (filtered 0)...
  Processed 4380000 variants (filtered 0)...
  Processed 4390000 variants (filtered 0)...
  Processed 4400000 variants (filtered 0)...
  Processed 4410000 variants (filtered 0)...
  Processed 4420000 variants (filtered 0)...
  Processed 4430000 variants (filtered 0)...
  Processed 4440000 variants (filtered 0)...
  Processed 4450000 variants (filtered 0)...
  Processed 4460000 variants (filtered 0)...
  Processed 4470000 variants (filtered 0)...
  Processed 4480000 variants (filtered 0)...
  Processed 4490000 variants (filtered 0)...
  Processed 4500000 variants (filtered 0)...
  Processed 4510000 variants (filtered 0)...
  Processed 4520000 variants (filtered 0)...
  Processed 4530000 variants (filtered 0)...
  Processed 4540000 variants (filtered 0)...
  Processed 4550000 variants (filtered 0)...
  Processed 4560000 variants (filtered 0)...
  Processed 4570000 variants (filtered 0)...
  Processed 4580000 variants (filtered 0)...
  Processed 4590000 variants (filtered 0)...
  Processed 4600000 variants (filtered 0)...
  Processed 4610000 variants (filtered 0)...
  Processed 4620000 variants (filtered 0)...
  Processed 4630000 variants (filtered 0)...
  Processed 4640000 variants (filtered 0)...
  Processed 4650000 variants (filtered 0)...
  Processed 4660000 variants (filtered 0)...
  Processed 4670000 variants (filtered 0)...
  Processed 4680000 variants (filtered 0)...
  Processed 4690000 variants (filtered 0)...
  Processed 4700000 variants (filtered 0)...
  Processed 4710000 variants (filtered 0)...
  Processed 4720000 variants (filtered 0)...
  Processed 4730000 variants (filtered 0)...
  Processed 4740000 variants (filtered 0)...
  Processed 4750000 variants (filtered 0)...
  Processed 4760000 variants (filtered 0)...
  Processed 4770000 variants (filtered 0)...
  Processed 4780000 variants (filtered 0)...
  Processed 4790000 variants (filtered 0)...
  Processed 4800000 variants (filtered 0)...
  Processed 4810000 variants (filtered 0)...
  Processed 4820000 variants (filtered 0)...
  Processed 4830000 variants (filtered 0)...
  Processed 4840000 variants (filtered 0)...
  Processed 4850000 variants (filtered 0)...
  Processed 4860000 variants (filtered 0)...
  Processed 4870000 variants (filtered 0)...
  Processed 4880000 variants (filtered 0)...
  Processed 4890000 variants (filtered 0)...
  Processed 4900000 variants (filtered 0)...
  Processed 4910000 variants (filtered 0)...
  Processed 4920000 variants (filtered 0)...
  Processed 4930000 variants (filtered 0)...
  Processed 4940000 variants (filtered 0)...
  Processed 4950000 variants (filtered 0)...
  Processed 4960000 variants (filtered 0)...
  Processed 4970000 variants (filtered 0)...
  Processed 4980000 variants (filtered 0)...
  Processed 4990000 variants (filtered 0)...
  Processed 5000000 variants (filtered 0)...
  Processed 5010000 variants (filtered 0)...
  Processed 5020000 variants (filtered 0)...
  Processed 5030000 variants (filtered 0)...
  Processed 5040000 variants (filtered 0)...
  Processed 5050000 variants (filtered 0)...
  Processed 5060000 variants (filtered 0)...
  Processed 5070000 variants (filtered 0)...
  Processed 5080000 variants (filtered 0)...
  Processed 5090000 variants (filtered 0)...
  Processed 5100000 variants (filtered 0)...
  Processed 5110000 variants (filtered 0)...
  Processed 5120000 variants (filtered 0)...
  Processed 5130000 variants (filtered 0)...
  Processed 5140000 variants (filtered 0)...
  Processed 5150000 variants (filtered 0)...
  Processed 5160000 variants (filtered 0)...
  Processed 5170000 variants (filtered 0)...
  Processed 5180000 variants (filtered 0)...
  Processed 5190000 variants (filtered 0)...
  Processed 5200000 variants (filtered 0)...
  Processed 5210000 variants (filtered 0)...
  Processed 5220000 variants (filtered 0)...
  Processed 5230000 variants (filtered 0)...
  Processed 5240000 variants (filtered 0)...
  Processed 5250000 variants (filtered 0)...
  Processed 5260000 variants (filtered 0)...
  Processed 5270000 variants (filtered 0)...
  Processed 5280000 variants (filtered 0)...
  Processed 5290000 variants (filtered 0)...
  Processed 5300000 variants (filtered 0)...
  Processed 5310000 variants (filtered 0)...
  Processed 5320000 variants (filtered 0)...
  Processed 5330000 variants (filtered 0)...
  Processed 5340000 variants (filtered 0)...
  Processed 5350000 variants (filtered 0)...
  Processed 5360000 variants (filtered 0)...
  Processed 5370000 variants (filtered 0)...
  Processed 5380000 variants (filtered 0)...
  Processed 5390000 variants (filtered 0)...
  Processed 5400000 variants (filtered 0)...
  Processed 5410000 variants (filtered 0)...
  Processed 5420000 variants (filtered 0)...
  Processed 5430000 variants (filtered 0)...
  Processed 5440000 variants (filtered 0)...
  Processed 5450000 variants (filtered 0)...
  Processed 5460000 variants (filtered 0)...
  Processed 5470000 variants (filtered 0)...
  Processed 5480000 variants (filtered 0)...
  Processed 5490000 variants (filtered 0)...
  Processed 5500000 variants (filtered 0)...
  Processed 5510000 variants (filtered 0)...
  Processed 5520000 variants (filtered 0)...
  Processed 5530000 variants (filtered 0)...
  Processed 5540000 variants (filtered 0)...
  Processed 5550000 variants (filtered 0)...
  Processed 5560000 variants (filtered 0)...
  Processed 5570000 variants (filtered 0)...
  Processed 5580000 variants (filtered 0)...
  Processed 5590000 variants (filtered 0)...
  Processed 5600000 variants (filtered 0)...
  Processed 5610000 variants (filtered 0)...
  Processed 5620000 variants (filtered 0)...
  Processed 5630000 variants (filtered 0)...
  Processed 5640000 variants (filtered 0)...
  Processed 5650000 variants (filtered 0)...
  Processed 5660000 variants (filtered 0)...
  Processed 5670000 variants (filtered 0)...
  Processed 5680000 variants (filtered 0)...
  Processed 5690000 variants (filtered 0)...
  Processed 5700000 variants (filtered 0)...
  Processed 5710000 variants (filtered 0)...
  Processed 5720000 variants (filtered 0)...
  Processed 5730000 variants (filtered 0)...
  Processed 5740000 variants (filtered 0)...
  Processed 5750000 variants (filtered 0)...
  Processed 5760000 variants (filtered 0)...
  Processed 5770000 variants (filtered 0)...
  Processed 5780000 variants (filtered 0)...
  Processed 5790000 variants (filtered 0)...
  Processed 5800000 variants (filtered 0)...
  Processed 5810000 variants (filtered 0)...
  Processed 5820000 variants (filtered 0)...
  Processed 5830000 variants (filtered 0)...
  Processed 5840000 variants (filtered 0)...
  Processed 5850000 variants (filtered 0)...
  Processed 5860000 variants (filtered 0)...
  Processed 5870000 variants (filtered 0)...
  Processed 5880000 variants (filtered 0)...
  Processed 5890000 variants (filtered 0)...
  Processed 5900000 variants (filtered 0)...
  Processed 5910000 variants (filtered 0)...
  Processed 5920000 variants (filtered 0)...
  Processed 5930000 variants (filtered 0)...
  Processed 5940000 variants (filtered 0)...
  Processed 5950000 variants (filtered 0)...
  Processed 5960000 variants (filtered 0)...
  Processed 5970000 variants (filtered 0)...
  Processed 5980000 variants (filtered 0)...
  Processed 5990000 variants (filtered 0)...
  Processed 6000000 variants (filtered 0)...
  Processed 6010000 variants (filtered 0)...
  Processed 6020000 variants (filtered 0)...
  Processed 6030000 variants (filtered 0)...
  Processed 6040000 variants (filtered 0)...
  Processed 6050000 variants (filtered 0)...
  Processed 6060000 variants (filtered 0)...
  Processed 6070000 variants (filtered 0)...
  Processed 6080000 variants (filtered 0)...
  Processed 6090000 variants (filtered 0)...
  Processed 6100000 variants (filtered 0)...
  Processed 6110000 variants (filtered 0)...
  Processed 6120000 variants (filtered 0)...
  Processed 6130000 variants (filtered 0)...
  Processed 6140000 variants (filtered 0)...
  Processed 6150000 variants (filtered 0)...
  Processed 6160000 variants (filtered 0)...
  Processed 6170000 variants (filtered 0)...
  Processed 6180000 variants (filtered 0)...
  Processed 6190000 variants (filtered 0)...
  Processed 6200000 variants (filtered 0)...
  Processed 6210000 variants (filtered 0)...
  Processed 6220000 variants (filtered 0)...
  Processed 6230000 variants (filtered 0)...
  Processed 6240000 variants (filtered 0)...
  Processed 6250000 variants (filtered 0)...
  Processed 6260000 variants (filtered 0)...
  Processed 6270000 variants (filtered 0)...
  Processed 6280000 variants (filtered 0)...
  Processed 6290000 variants (filtered 0)...
  Processed 6300000 variants (filtered 0)...
  Processed 6310000 variants (filtered 0)...
  Processed 6320000 variants (filtered 0)...
  Processed 6330000 variants (filtered 0)...
  Processed 6340000 variants (filtered 0)...
  Processed 6350000 variants (filtered 0)...
  Processed 6360000 variants (filtered 0)...
  Processed 6370000 variants (filtered 0)...
  Processed 6380000 variants (filtered 0)...
  Processed 6390000 variants (filtered 0)...
  Processed 6400000 variants (filtered 0)...
  Processed 6410000 variants (filtered 0)...
  Processed 6420000 variants (filtered 0)...
  Processed 6430000 variants (filtered 0)...
  Processed 6440000 variants (filtered 0)...
  Processed 6450000 variants (filtered 0)...
  Processed 6460000 variants (filtered 0)...
  Processed 6470000 variants (filtered 0)...
  Processed 6480000 variants (filtered 0)...
  Processed 6490000 variants (filtered 0)...
  Processed 6500000 variants (filtered 0)...
  Processed 6510000 variants (filtered 0)...
  Processed 6520000 variants (filtered 0)...
  Processed 6530000 variants (filtered 0)...
  Processed 6540000 variants (filtered 0)...
  Processed 6550000 variants (filtered 0)...
  Processed 6560000 variants (filtered 0)...
  Processed 6570000 variants (filtered 0)...
  Processed 6580000 variants (filtered 0)...
  Processed 6590000 variants (filtered 0)...
  Processed 6600000 variants (filtered 0)...
  Processed 6610000 variants (filtered 0)...
  Processed 6620000 variants (filtered 0)...
  Processed 6630000 variants (filtered 0)...
  Processed 6640000 variants (filtered 0)...
  Processed 6650000 variants (filtered 0)...
  Processed 6660000 variants (filtered 0)...
  Processed 6670000 variants (filtered 0)...
  Processed 6680000 variants (filtered 0)...
  Processed 6690000 variants (filtered 0)...
  Processed 6700000 variants (filtered 0)...
  Processed 6710000 variants (filtered 0)...
  Processed 6720000 variants (filtered 0)...
  Processed 6730000 variants (filtered 0)...
  Processed 6740000 variants (filtered 0)...
  Processed 6750000 variants (filtered 0)...
  Processed 6760000 variants (filtered 0)...
  Processed 6770000 variants (filtered 0)...
  Processed 6780000 variants (filtered 0)...
  Processed 6790000 variants (filtered 0)...
  Processed 6800000 variants (filtered 0)...
  Processed 6810000 variants (filtered 0)...
  Processed 6820000 variants (filtered 0)...
  Processed 6830000 variants (filtered 0)...
  Processed 6840000 variants (filtered 0)...
  Processed 6850000 variants (filtered 0)...
  Processed 6860000 variants (filtered 0)...
  Processed 6870000 variants (filtered 0)...
  Processed 6880000 variants (filtered 0)...
  Processed 6890000 variants (filtered 0)...
  Processed 6900000 variants (filtered 0)...
  Processed 6910000 variants (filtered 0)...
  Processed 6920000 variants (filtered 0)...
  Processed 6930000 variants (filtered 0)...
  Processed 6940000 variants (filtered 0)...
  Processed 6950000 variants (filtered 0)...
  Processed 6960000 variants (filtered 0)...
  Processed 6970000 variants (filtered 0)...
  Processed 6980000 variants (filtered 0)...
  Processed 6990000 variants (filtered 0)...
  Processed 7000000 variants (filtered 0)...
  Processed 7010000 variants (filtered 0)...
  Processed 7020000 variants (filtered 0)...
  Processed 7030000 variants (filtered 0)...
  Processed 7040000 variants (filtered 0)...
  Processed 7050000 variants (filtered 0)...
  Processed 7060000 variants (filtered 0)...
  Processed 7070000 variants (filtered 0)...
  Processed 7080000 variants (filtered 0)...
  Processed 7090000 variants (filtered 0)...
  Processed 7100000 variants (filtered 0)...
  Processed 7110000 variants (filtered 0)...
  Processed 7120000 variants (filtered 0)...
  Processed 7130000 variants (filtered 0)...
  Processed 7140000 variants (filtered 0)...
  Processed 7150000 variants (filtered 0)...
  Processed 7160000 variants (filtered 0)...
  Processed 7170000 variants (filtered 0)...
  Processed 7180000 variants (filtered 0)...
  Processed 7190000 variants (filtered 0)...
  Processed 7200000 variants (filtered 0)...
  Processed 7210000 variants (filtered 0)...
  Processed 7220000 variants (filtered 0)...
  Processed 7230000 variants (filtered 0)...
  Processed 7240000 variants (filtered 0)...
  Processed 7250000 variants (filtered 0)...
  Processed 7260000 variants (filtered 0)...
  Processed 7270000 variants (filtered 0)...
  Processed 7280000 variants (filtered 0)...
  Processed 7290000 variants (filtered 0)...
  Processed 7300000 variants (filtered 0)...
  Processed 7310000 variants (filtered 0)...
  Processed 7320000 variants (filtered 0)...
  Processed 7330000 variants (filtered 0)...
  Processed 7340000 variants (filtered 0)...
  Processed 7350000 variants (filtered 0)...
  Processed 7360000 variants (filtered 0)...
  Processed 7370000 variants (filtered 0)...
  Processed 7380000 variants (filtered 0)...
  Processed 7390000 variants (filtered 0)...
  Processed 7400000 variants (filtered 0)...
  Processed 7410000 variants (filtered 0)...
  Processed 7420000 variants (filtered 0)...
  Processed 7430000 variants (filtered 0)...
  Processed 7440000 variants (filtered 0)...
  Processed 7450000 variants (filtered 0)...
  Processed 7460000 variants (filtered 0)...
  Processed 7470000 variants (filtered 0)...
  Processed 7480000 variants (filtered 0)...
  Processed 7490000 variants (filtered 0)...
  Processed 7500000 variants (filtered 0)...
  Processed 7510000 variants (filtered 0)...
  Processed 7520000 variants (filtered 0)...
  Processed 7530000 variants (filtered 0)...
  Processed 7540000 variants (filtered 0)...
  Processed 7550000 variants (filtered 0)...
  Processed 7560000 variants (filtered 0)...
  Processed 7570000 variants (filtered 0)...
  Processed 7580000 variants (filtered 0)...
  Processed 7590000 variants (filtered 0)...
  Processed 7600000 variants (filtered 0)...
  Processed 7610000 variants (filtered 0)...
  Processed 7620000 variants (filtered 0)...
  Processed 7630000 variants (filtered 0)...
  Processed 7640000 variants (filtered 0)...
  Processed 7650000 variants (filtered 0)...
  Processed 7660000 variants (filtered 0)...
  Processed 7670000 variants (filtered 0)...
  Processed 7680000 variants (filtered 0)...
  Processed 7690000 variants (filtered 0)...
  Processed 7700000 variants (filtered 0)...
  Processed 7710000 variants (filtered 0)...
  Processed 7720000 variants (filtered 0)...
  Processed 7730000 variants (filtered 0)...
  Processed 7740000 variants (filtered 0)...
  Processed 7750000 variants (filtered 0)...
  Processed 7760000 variants (filtered 0)...
  Processed 7770000 variants (filtered 0)...
  Processed 7780000 variants (filtered 0)...
  Processed 7790000 variants (filtered 0)...
  Processed 7800000 variants (filtered 0)...
  Processed 7810000 variants (filtered 0)...
  Processed 7820000 variants (filtered 0)...
  Processed 7830000 variants (filtered 0)...
  Processed 7840000 variants (filtered 0)...
  Processed 7850000 variants (filtered 0)...
  Processed 7860000 variants (filtered 0)...
  Processed 7870000 variants (filtered 0)...
  Processed 7880000 variants (filtered 0)...
  Processed 7890000 variants (filtered 0)...
  Processed 7900000 variants (filtered 0)...
  Processed 7910000 variants (filtered 0)...
  Processed 7920000 variants (filtered 0)...
  Processed 7930000 variants (filtered 0)...
  Processed 7940000 variants (filtered 0)...
  Processed 7950000 variants (filtered 0)...
  Processed 7960000 variants (filtered 0)...
  Processed 7970000 variants (filtered 0)...
  Processed 7980000 variants (filtered 0)...
  Processed 7990000 variants (filtered 0)...
  Processed 8000000 variants (filtered 0)...
  Processed 8010000 variants (filtered 0)...
  Processed 8020000 variants (filtered 0)...
  Processed 8030000 variants (filtered 0)...
  Processed 8040000 variants (filtered 0)...
  Processed 8050000 variants (filtered 0)...
  Processed 8060000 variants (filtered 0)...
  Processed 8070000 variants (filtered 0)...
  Processed 8080000 variants (filtered 0)...
  Processed 8090000 variants (filtered 0)...
  Processed 8100000 variants (filtered 0)...
  Processed 8110000 variants (filtered 0)...
  Processed 8120000 variants (filtered 0)...
  Processed 8130000 variants (filtered 0)...
  Processed 8140000 variants (filtered 0)...
  Processed 8150000 variants (filtered 0)...
  Processed 8160000 variants (filtered 0)...
  Processed 8170000 variants (filtered 0)...
  Processed 8180000 variants (filtered 0)...
  Processed 8190000 variants (filtered 0)...
  Processed 8200000 variants (filtered 0)...
  Processed 8210000 variants (filtered 0)...
  Processed 8220000 variants (filtered 0)...
  Processed 8230000 variants (filtered 0)...
  Processed 8240000 variants (filtered 0)...
  Processed 8250000 variants (filtered 0)...
  Processed 8260000 variants (filtered 0)...
  Processed 8270000 variants (filtered 0)...
  Processed 8280000 variants (filtered 0)...
  Processed 8290000 variants (filtered 0)...
  Processed 8300000 variants (filtered 0)...
  Processed 8310000 variants (filtered 0)...
  Processed 8320000 variants (filtered 0)...
  Processed 8330000 variants (filtered 0)...
  Processed 8340000 variants (filtered 0)...
  Processed 8350000 variants (filtered 0)...
  Processed 8360000 variants (filtered 0)...
  Processed 8370000 variants (filtered 0)...
  Processed 8380000 variants (filtered 0)...
  Processed 8390000 variants (filtered 0)...
  Processed 8400000 variants (filtered 0)...
  Processed 8410000 variants (filtered 0)...
  Processed 8420000 variants (filtered 0)...
  Processed 8430000 variants (filtered 0)...
  Processed 8440000 variants (filtered 0)...
  Processed 8450000 variants (filtered 0)...
  Processed 8460000 variants (filtered 0)...
  Processed 8470000 variants (filtered 0)...
  Processed 8480000 variants (filtered 0)...
  Processed 8490000 variants (filtered 0)...
  Processed 8500000 variants (filtered 0)...
  Processed 8510000 variants (filtered 0)...
  Processed 8520000 variants (filtered 0)...
  Processed 8530000 variants (filtered 0)...
  Processed 8540000 variants (filtered 0)...
  Processed 8550000 variants (filtered 0)...
  Processed 8560000 variants (filtered 0)...
  Processed 8570000 variants (filtered 0)...
  Processed 8580000 variants (filtered 0)...
  Processed 8590000 variants (filtered 0)...
  Processed 8600000 variants (filtered 0)...
  Processed 8610000 variants (filtered 0)...
  Processed 8620000 variants (filtered 0)...
  Processed 8630000 variants (filtered 0)...
  Processed 8640000 variants (filtered 0)...
  Processed 8650000 variants (filtered 0)...
  Processed 8660000 variants (filtered 0)...
  Processed 8670000 variants (filtered 0)...
  Processed 8680000 variants (filtered 0)...
  Processed 8690000 variants (filtered 0)...
  Processed 8700000 variants (filtered 0)...
  Processed 8710000 variants (filtered 0)...
  Processed 8720000 variants (filtered 0)...
  Processed 8730000 variants (filtered 0)...
  Processed 8740000 variants (filtered 0)...
  Processed 8750000 variants (filtered 0)...
  Processed 8760000 variants (filtered 0)...
  Processed 8770000 variants (filtered 0)...
  Processed 8780000 variants (filtered 0)...
  Processed 8790000 variants (filtered 0)...
  Processed 8800000 variants (filtered 0)...
  Processed 8810000 variants (filtered 0)...
  Processed 8820000 variants (filtered 0)...
  Processed 8830000 variants (filtered 0)...
  Processed 8840000 variants (filtered 0)...
  Processed 8850000 variants (filtered 0)...
  Processed 8860000 variants (filtered 0)...
  Processed 8870000 variants (filtered 0)...
  Processed 8880000 variants (filtered 0)...
  Processed 8890000 variants (filtered 0)...
  Processed 8900000 variants (filtered 0)...
  Processed 8910000 variants (filtered 0)...
  Processed 8920000 variants (filtered 0)...
  Processed 8930000 variants (filtered 0)...
  Processed 8940000 variants (filtered 0)...
  Processed 8950000 variants (filtered 0)...
  Processed 8960000 variants (filtered 0)...
  Processed 8970000 variants (filtered 0)...
  Processed 8980000 variants (filtered 0)...
  Processed 8990000 variants (filtered 0)...
  Processed 9000000 variants (filtered 0)...
  Processed 9010000 variants (filtered 0)...
  Processed 9020000 variants (filtered 0)...
  Processed 9030000 variants (filtered 0)...
  Processed 9040000 variants (filtered 0)...
  Processed 9050000 variants (filtered 0)...
  Processed 9060000 variants (filtered 0)...
  Processed 9070000 variants (filtered 0)...
  Processed 9080000 variants (filtered 0)...
  Processed 9090000 variants (filtered 0)...
  Processed 9100000 variants (filtered 0)...
  Processed 9110000 variants (filtered 0)...
  Processed 9120000 variants (filtered 0)...
  Processed 9130000 variants (filtered 0)...
  Processed 9140000 variants (filtered 0)...
  Processed 9150000 variants (filtered 0)...
  Processed 9160000 variants (filtered 0)...
  Processed 9170000 variants (filtered 0)...
  Processed 9180000 variants (filtered 0)...
  Processed 9190000 variants (filtered 0)...
  Processed 9200000 variants (filtered 0)...
  Processed 9210000 variants (filtered 0)...
  Processed 9220000 variants (filtered 0)...
  Processed 9230000 variants (filtered 0)...
  Processed 9240000 variants (filtered 0)...
  Processed 9250000 variants (filtered 0)...
  Processed 9260000 variants (filtered 0)...
  Processed 9270000 variants (filtered 0)...
  Processed 9280000 variants (filtered 0)...
  Processed 9290000 variants (filtered 0)...
  Processed 9300000 variants (filtered 0)...
  Processed 9310000 variants (filtered 0)...
  Processed 9320000 variants (filtered 0)...
  Processed 9330000 variants (filtered 0)...
  Processed 9340000 variants (filtered 0)...
  Processed 9350000 variants (filtered 0)...
  Processed 9360000 variants (filtered 0)...
  Processed 9370000 variants (filtered 0)...
  Processed 9380000 variants (filtered 0)...
  Processed 9390000 variants (filtered 0)...
  Processed 9400000 variants (filtered 0)...
  Processed 9410000 variants (filtered 0)...
  Processed 9420000 variants (filtered 0)...
  Processed 9430000 variants (filtered 0)...
  Processed 9440000 variants (filtered 0)...
  Processed 9450000 variants (filtered 0)...
  Processed 9460000 variants (filtered 0)...
  Processed 9470000 variants (filtered 0)...
  Processed 9480000 variants (filtered 0)...
  Processed 9490000 variants (filtered 0)...
  Processed 9500000 variants (filtered 0)...
  Processed 9510000 variants (filtered 0)...
  Processed 9520000 variants (filtered 0)...
  Processed 9530000 variants (filtered 0)...
  Processed 9540000 variants (filtered 0)...
  Processed 9550000 variants (filtered 0)...
  Processed 9560000 variants (filtered 0)...
  Processed 9570000 variants (filtered 0)...
  Processed 9580000 variants (filtered 0)...
  Processed 9590000 variants (filtered 0)...
  Processed 9600000 variants (filtered 0)...
  Processed 9610000 variants (filtered 0)...
  Processed 9620000 variants (filtered 0)...
  Processed 9630000 variants (filtered 0)...
  Processed 9640000 variants (filtered 0)...
  Processed 9650000 variants (filtered 0)...
  Processed 9660000 variants (filtered 0)...
  Processed 9670000 variants (filtered 0)...
  Processed 9680000 variants (filtered 0)...
  Processed 9690000 variants (filtered 0)...
  Processed 9700000 variants (filtered 0)...
  Processed 9710000 variants (filtered 0)...
  Processed 9720000 variants (filtered 0)...
  Processed 9730000 variants (filtered 0)...
  Processed 9740000 variants (filtered 0)...
  Processed 9750000 variants (filtered 0)...
  Processed 9760000 variants (filtered 0)...
  Processed 9770000 variants (filtered 0)...
  Processed 9780000 variants (filtered 0)...
  Processed 9790000 variants (filtered 0)...
  Processed 9800000 variants (filtered 0)...
  Processed 9810000 variants (filtered 0)...
  Processed 9820000 variants (filtered 0)...
  Processed 9830000 variants (filtered 0)...
  Processed 9840000 variants (filtered 0)...
  Processed 9850000 variants (filtered 0)...
  Processed 9860000 variants (filtered 0)...
  Processed 9870000 variants (filtered 0)...
  Processed 9880000 variants (filtered 0)...
  Processed 9890000 variants (filtered 0)...
  Processed 9900000 variants (filtered 0)...
  Processed 9910000 variants (filtered 0)...
  Processed 9920000 variants (filtered 0)...
  Processed 9930000 variants (filtered 0)...
  Processed 9940000 variants (filtered 0)...
  Processed 9950000 variants (filtered 0)...
  Processed 9960000 variants (filtered 0)...
  Processed 9970000 variants (filtered 0)...
  Processed 9980000 variants (filtered 0)...
  Processed 9990000 variants (filtered 0)...
  Processed 10000000 variants (filtered 0)...
  Processed 10010000 variants (filtered 0)...
  Processed 10020000 variants (filtered 0)...
  Processed 10030000 variants (filtered 0)...
  Processed 10040000 variants (filtered 0)...
  Processed 10050000 variants (filtered 0)...
  Processed 10060000 variants (filtered 0)...
  Processed 10070000 variants (filtered 0)...
  Processed 10080000 variants (filtered 0)...
  Processed 10090000 variants (filtered 0)...
  Processed 10100000 variants (filtered 0)...
  Processed 10110000 variants (filtered 0)...
  Processed 10120000 variants (filtered 0)...
  Processed 10130000 variants (filtered 0)...
  Processed 10140000 variants (filtered 0)...
  Processed 10150000 variants (filtered 0)...
  Processed 10160000 variants (filtered 0)...
  Processed 10170000 variants (filtered 0)...
  Processed 10180000 variants (filtered 0)...
  Processed 10190000 variants (filtered 0)...
  Processed 10200000 variants (filtered 0)...
  Processed 10210000 variants (filtered 0)...
  Processed 10220000 variants (filtered 0)...
  Processed 10230000 variants (filtered 0)...
  Processed 10240000 variants (filtered 0)...
  Processed 10250000 variants (filtered 0)...
  Processed 10260000 variants (filtered 0)...
  Processed 10270000 variants (filtered 0)...
  Processed 10280000 variants (filtered 0)...
  Processed 10290000 variants (filtered 0)...
  Processed 10300000 variants (filtered 0)...
  Processed 10310000 variants (filtered 0)...
  Processed 10320000 variants (filtered 0)...
  Processed 10330000 variants (filtered 0)...
  Processed 10340000 variants (filtered 0)...
  Processed 10350000 variants (filtered 0)...
  Processed 10360000 variants (filtered 0)...
  Processed 10370000 variants (filtered 0)...
  Processed 10380000 variants (filtered 0)...
  Processed 10390000 variants (filtered 0)...
  Processed 10400000 variants (filtered 0)...
  Processed 10410000 variants (filtered 0)...
  Processed 10420000 variants (filtered 0)...
  Processed 10430000 variants (filtered 0)...
  Processed 10440000 variants (filtered 0)...
  Processed 10450000 variants (filtered 0)...
  Processed 10460000 variants (filtered 0)...
  Processed 10470000 variants (filtered 0)...
  Processed 10480000 variants (filtered 0)...
  Processed 10490000 variants (filtered 0)...
  Processed 10500000 variants (filtered 0)...
  Processed 10510000 variants (filtered 0)...
  Processed 10520000 variants (filtered 0)...
  Processed 10530000 variants (filtered 0)...
  Processed 10540000 variants (filtered 0)...
  Processed 10550000 variants (filtered 0)...
  Processed 10560000 variants (filtered 0)...
  Processed 10570000 variants (filtered 0)...
  Processed 10580000 variants (filtered 0)...
  Processed 10590000 variants (filtered 0)...
  Processed 10600000 variants (filtered 0)...
  Processed 10610000 variants (filtered 0)...
  Processed 10620000 variants (filtered 0)...
  Processed 10630000 variants (filtered 0)...
  Processed 10640000 variants (filtered 0)...
  Processed 10650000 variants (filtered 0)...
  Processed 10660000 variants (filtered 0)...
  Processed 10670000 variants (filtered 0)...
  Processed 10680000 variants (filtered 0)...
  Processed 10690000 variants (filtered 0)...
  Processed 10700000 variants (filtered 0)...
  Processed 10710000 variants (filtered 0)...
  Processed 10720000 variants (filtered 0)...
  Processed 10730000 variants (filtered 0)...
  Processed 10740000 variants (filtered 0)...
  Processed 10750000 variants (filtered 0)...
  Processed 10760000 variants (filtered 0)...
  Processed 10770000 variants (filtered 0)...
  Processed 10780000 variants (filtered 0)...
  Processed 10790000 variants (filtered 0)...
  Processed 10800000 variants (filtered 0)...
  Processed 10810000 variants (filtered 0)...
  Processed 10820000 variants (filtered 0)...
  Processed 10830000 variants (filtered 0)...
  Processed 10840000 variants (filtered 0)...
  Processed 10850000 variants (filtered 0)...
  Processed 10860000 variants (filtered 0)...
  Processed 10870000 variants (filtered 0)...
  Processed 10880000 variants (filtered 0)...
  Processed 10890000 variants (filtered 0)...
  Processed 10900000 variants (filtered 0)...
  Processed 10910000 variants (filtered 0)...
  Processed 10920000 variants (filtered 0)...
  Processed 10930000 variants (filtered 0)...
  Processed 10940000 variants (filtered 0)...
  Processed 10950000 variants (filtered 0)...
  Processed 10960000 variants (filtered 0)...
  Processed 10970000 variants (filtered 0)...
  Processed 10980000 variants (filtered 0)...
  Processed 10990000 variants (filtered 0)...
  Processed 11000000 variants (filtered 0)...
  Processed 11010000 variants (filtered 0)...
  Processed 11020000 variants (filtered 0)...
  Processed 11030000 variants (filtered 0)...
  Processed 11040000 variants (filtered 0)...
  Processed 11050000 variants (filtered 0)...
  Processed 11060000 variants (filtered 0)...
  Processed 11070000 variants (filtered 0)...
  Processed 11080000 variants (filtered 0)...
  Processed 11090000 variants (filtered 0)...
  Processed 11100000 variants (filtered 0)...
  Processed 11110000 variants (filtered 0)...
  Processed 11120000 variants (filtered 0)...
  Processed 11130000 variants (filtered 0)...
  Processed 11140000 variants (filtered 0)...
  Processed 11150000 variants (filtered 0)...
  Processed 11160000 variants (filtered 0)...
  Processed 11170000 variants (filtered 0)...
  Processed 11180000 variants (filtered 0)...
  Processed 11190000 variants (filtered 0)...
  Processed 11200000 variants (filtered 0)...
  Processed 11210000 variants (filtered 0)...
  Processed 11220000 variants (filtered 0)...
  Processed 11230000 variants (filtered 0)...
  Processed 11240000 variants (filtered 0)...
  Processed 11250000 variants (filtered 0)...
  Processed 11260000 variants (filtered 0)...
  Processed 11270000 variants (filtered 0)...
  Processed 11280000 variants (filtered 0)...
  Processed 11290000 variants (filtered 0)...
  Processed 11300000 variants (filtered 0)...
  Processed 11310000 variants (filtered 0)...
  Processed 11320000 variants (filtered 0)...
  Processed 11330000 variants (filtered 0)...
  Processed 11340000 variants (filtered 0)...
  Processed 11350000 variants (filtered 0)...
  Processed 11360000 variants (filtered 0)...
  Processed 11370000 variants (filtered 0)...
  Processed 11380000 variants (filtered 0)...
  Processed 11390000 variants (filtered 0)...
  Processed 11400000 variants (filtered 0)...
  Processed 11410000 variants (filtered 0)...
  Processed 11420000 variants (filtered 0)...
  Processed 11430000 variants (filtered 0)...
  Processed 11440000 variants (filtered 0)...
  Processed 11450000 variants (filtered 0)...
  Processed 11460000 variants (filtered 0)...
  Processed 11470000 variants (filtered 0)...
  Processed 11480000 variants (filtered 0)...
  Processed 11490000 variants (filtered 0)...
  Processed 11500000 variants (filtered 0)...
  Processed 11510000 variants (filtered 0)...
  Processed 11520000 variants (filtered 0)...
  Processed 11530000 variants (filtered 0)...
  Processed 11540000 variants (filtered 0)...
  Processed 11550000 variants (filtered 0)...
  Processed 11560000 variants (filtered 0)...
  Processed 11570000 variants (filtered 0)...
  Processed 11580000 variants (filtered 0)...
  Processed 11590000 variants (filtered 0)...
  Processed 11600000 variants (filtered 0)...
  Processed 11610000 variants (filtered 0)...
  Processed 11620000 variants (filtered 0)...
  Processed 11630000 variants (filtered 0)...
  Processed 11640000 variants (filtered 0)...
  Processed 11650000 variants (filtered 0)...
  Processed 11660000 variants (filtered 0)...
  Processed 11670000 variants (filtered 0)...
  Processed 11680000 variants (filtered 0)...
  Processed 11690000 variants (filtered 0)...
  Processed 11700000 variants (filtered 0)...
  Processed 11710000 variants (filtered 0)...
  Processed 11720000 variants (filtered 0)...
  Processed 11730000 variants (filtered 0)...
  Processed 11740000 variants (filtered 0)...
  Processed 11750000 variants (filtered 0)...
  Processed 11760000 variants (filtered 0)...
  Processed 11770000 variants (filtered 0)...
  Processed 11780000 variants (filtered 0)...
  Processed 11790000 variants (filtered 0)...
  Processed 11800000 variants (filtered 0)...
  Processed 11810000 variants (filtered 0)...
  Processed 11820000 variants (filtered 0)...
  Processed 11830000 variants (filtered 0)...
  Processed 11840000 variants (filtered 0)...
  Processed 11850000 variants (filtered 0)...
  Processed 11860000 variants (filtered 0)...
  Processed 11870000 variants (filtered 0)...
  Processed 11880000 variants (filtered 0)...
  Processed 11890000 variants (filtered 0)...
  Processed 11900000 variants (filtered 0)...
  Processed 11910000 variants (filtered 0)...
  Processed 11920000 variants (filtered 0)...
  Processed 11930000 variants (filtered 0)...
  Processed 11940000 variants (filtered 0)...
  Processed 11950000 variants (filtered 0)...
  Processed 11960000 variants (filtered 0)...
  Processed 11970000 variants (filtered 0)...
  Processed 11980000 variants (filtered 0)...
  Processed 11990000 variants (filtered 0)...
  Processed 12000000 variants (filtered 0)...
  Processed 12010000 variants (filtered 0)...
  Processed 12020000 variants (filtered 0)...
  Processed 12030000 variants (filtered 0)...
  Processed 12040000 variants (filtered 0)...
  Processed 12050000 variants (filtered 0)...
  Processed 12060000 variants (filtered 0)...
  Processed 12070000 variants (filtered 0)...
  Processed 12080000 variants (filtered 0)...
  Processed 12090000 variants (filtered 0)...
  Processed 12100000 variants (filtered 0)...
  Processed 12110000 variants (filtered 0)...
  Processed 12120000 variants (filtered 0)...
  Processed 12130000 variants (filtered 0)...
  Processed 12140000 variants (filtered 0)...
  Processed 12150000 variants (filtered 0)...
  Processed 12160000 variants (filtered 0)...
  Processed 12170000 variants (filtered 0)...
  Processed 12180000 variants (filtered 0)...
  Processed 12190000 variants (filtered 0)...
  Processed 12200000 variants (filtered 0)...
  Processed 12210000 variants (filtered 0)...
  Processed 12220000 variants (filtered 0)...
  Processed 12230000 variants (filtered 0)...
  Processed 12240000 variants (filtered 0)...
  Processed 12250000 variants (filtered 0)...
  Processed 12260000 variants (filtered 0)...
  Processed 12270000 variants (filtered 0)...
  Processed 12280000 variants (filtered 0)...
  Processed 12290000 variants (filtered 0)...
  Processed 12300000 variants (filtered 0)...
  Processed 12310000 variants (filtered 0)...
  Processed 12320000 variants (filtered 0)...
  Processed 12330000 variants (filtered 0)...
  Processed 12340000 variants (filtered 0)...
  Processed 12350000 variants (filtered 0)...
  Processed 12360000 variants (filtered 0)...
  Processed 12370000 variants (filtered 0)...
  Processed 12380000 variants (filtered 0)...
  Processed 12390000 variants (filtered 0)...
  Processed 12400000 variants (filtered 0)...
  Processed 12410000 variants (filtered 0)...
  Processed 12420000 variants (filtered 0)...
  Processed 12430000 variants (filtered 0)...
  Processed 12440000 variants (filtered 0)...
  Processed 12450000 variants (filtered 0)...
  Processed 12460000 variants (filtered 0)...
  Processed 12470000 variants (filtered 0)...
  Processed 12480000 variants (filtered 0)...
  Processed 12490000 variants (filtered 0)...
  Processed 12500000 variants (filtered 0)...
  Processed 12510000 variants (filtered 0)...
  Processed 12520000 variants (filtered 0)...
  Processed 12530000 variants (filtered 0)...
  Processed 12540000 variants (filtered 0)...
  Processed 12550000 variants (filtered 0)...
  Processed 12560000 variants (filtered 0)...
  Processed 12570000 variants (filtered 0)...
  Processed 12580000 variants (filtered 0)...
  Processed 12590000 variants (filtered 0)...
  Processed 12600000 variants (filtered 0)...
  Processed 12610000 variants (filtered 0)...
  Processed 12620000 variants (filtered 0)...
  Processed 12630000 variants (filtered 0)...
  Processed 12640000 variants (filtered 0)...
  Processed 12650000 variants (filtered 0)...
  Processed 12660000 variants (filtered 0)...
  Processed 12670000 variants (filtered 0)...
  Processed 12680000 variants (filtered 0)...
  Processed 12690000 variants (filtered 0)...
  Processed 12700000 variants (filtered 0)...
  Processed 12710000 variants (filtered 0)...
  Processed 12720000 variants (filtered 0)...
  Processed 12730000 variants (filtered 0)...
  Processed 12740000 variants (filtered 0)...
  Processed 12750000 variants (filtered 0)...
  Processed 12760000 variants (filtered 0)...
  Processed 12770000 variants (filtered 0)...
  Processed 12780000 variants (filtered 0)...
  Processed 12790000 variants (filtered 0)...
  Processed 12800000 variants (filtered 0)...
  Processed 12810000 variants (filtered 0)...
  Processed 12820000 variants (filtered 0)...
  Processed 12830000 variants (filtered 0)...
  Processed 12840000 variants (filtered 0)...
  Processed 12850000 variants (filtered 0)...
  Processed 12860000 variants (filtered 0)...
  Processed 12870000 variants (filtered 0)...
  Processed 12880000 variants (filtered 0)...
  Processed 12890000 variants (filtered 0)...
  Processed 12900000 variants (filtered 0)...
  Processed 12910000 variants (filtered 0)...
  Processed 12920000 variants (filtered 0)...
  Processed 12930000 variants (filtered 0)...
  Processed 12940000 variants (filtered 0)...
  Processed 12950000 variants (filtered 0)...
  Processed 12960000 variants (filtered 0)...
  Processed 12970000 variants (filtered 0)...
  Processed 12980000 variants (filtered 0)...
  Processed 12990000 variants (filtered 0)...
  Processed 13000000 variants (filtered 0)...
  Processed 13010000 variants (filtered 0)...
  Processed 13020000 variants (filtered 0)...
  Processed 13030000 variants (filtered 0)...
  Processed 13040000 variants (filtered 0)...
  Processed 13050000 variants (filtered 0)...
  Processed 13060000 variants (filtered 0)...
  Processed 13070000 variants (filtered 0)...
  Processed 13080000 variants (filtered 0)...
  Processed 13090000 variants (filtered 0)...
  Processed 13100000 variants (filtered 0)...
  Processed 13110000 variants (filtered 0)...
  Processed 13120000 variants (filtered 0)...
  Processed 13130000 variants (filtered 0)...
  Processed 13140000 variants (filtered 0)...
  Processed 13150000 variants (filtered 0)...
Total variants processed: 13153792 (filtered out: 0)
Writing sequences to /faststorage/project/EcoGenetics/people/jilong/local_adaptation/pop_phylo/steps/EntNic/bootstrap_sequences/phylo_sequences_rep001.fasta...
Written 41 concatenated sequences of length 13153792 to /faststorage/project/EcoGenetics/people/jilong/local_adaptation/pop_phylo/steps/EntNic/bootstrap_sequences/phylo_sequences_rep001.fasta

Generating bootstrap replicate 2...
Reading and sampling variants...
  Processed 10000 variants (filtered 0)...
  Processed 20000 variants (filtered 0)...
  Processed 30000 variants (filtered 0)...
  Processed 40000 variants (filtered 0)...
  Processed 50000 variants (filtered 0)...
  Processed 60000 variants (filtered 0)...
  Processed 70000 variants (filtered 0)...
  Processed 80000 variants (filtered 0)...
  Processed 90000 variants (filtered 0)...
  Processed 100000 variants (filtered 0)...
  Processed 110000 variants (filtered 0)...
  Processed 120000 variants (filtered 0)...
  Processed 130000 variants (filtered 0)...
  Processed 140000 variants (filtered 0)...
  Processed 150000 variants (filtered 0)...
  Processed 160000 variants (filtered 0)...
  Processed 170000 variants (filtered 0)...
  Processed 180000 variants (filtered 0)...
  Processed 190000 variants (filtered 0)...
  Processed 200000 variants (filtered 0)...
  Processed 210000 variants (filtered 0)...
  Processed 220000 variants (filtered 0)...
  Processed 230000 variants (filtered 0)...
  Processed 240000 variants (filtered 0)...
  Processed 250000 variants (filtered 0)...
  Processed 260000 variants (filtered 0)...
  Processed 270000 variants (filtered 0)...
  Processed 280000 variants (filtered 0)...
  Processed 290000 variants (filtered 0)...
  Processed 300000 variants (filtered 0)...
  Processed 310000 variants (filtered 0)...
  Processed 320000 variants (filtered 0)...
  Processed 330000 variants (filtered 0)...
  Processed 340000 variants (filtered 0)...
  Processed 350000 variants (filtered 0)...
  Processed 360000 variants (filtered 0)...
  Processed 370000 variants (filtered 0)...
  Processed 380000 variants (filtered 0)...
  Processed 390000 variants (filtered 0)...
  Processed 400000 variants (filtered 0)...
  Processed 410000 variants (filtered 0)...
  Processed 420000 variants (filtered 0)...
  Processed 430000 variants (filtered 0)...
  Processed 440000 variants (filtered 0)...
  Processed 450000 variants (filtered 0)...
  Processed 460000 variants (filtered 0)...
  Processed 470000 variants (filtered 0)...
  Processed 480000 variants (filtered 0)...
  Processed 490000 variants (filtered 0)...
  Processed 500000 variants (filtered 0)...
  Processed 510000 variants (filtered 0)...
  Processed 520000 variants (filtered 0)...
  Processed 530000 variants (filtered 0)...
  Processed 540000 variants (filtered 0)...
  Processed 550000 variants (filtered 0)...
  Processed 560000 variants (filtered 0)...
  Processed 570000 variants (filtered 0)...
  Processed 580000 variants (filtered 0)...
  Processed 590000 variants (filtered 0)...
  Processed 600000 variants (filtered 0)...
  Processed 610000 variants (filtered 0)...
  Processed 620000 variants (filtered 0)...
  Processed 630000 variants (filtered 0)...
  Processed 640000 variants (filtered 0)...
  Processed 650000 variants (filtered 0)...
  Processed 660000 variants (filtered 0)...
  Processed 670000 variants (filtered 0)...
  Processed 680000 variants (filtered 0)...
  Processed 690000 variants (filtered 0)...
  Processed 700000 variants (filtered 0)...
  Processed 710000 variants (filtered 0)...
  Processed 720000 variants (filtered 0)...
  Processed 730000 variants (filtered 0)...
  Processed 740000 variants (filtered 0)...
  Processed 750000 variants (filtered 0)...
  Processed 760000 variants (filtered 0)...
  Processed 770000 variants (filtered 0)...
  Processed 780000 variants (filtered 0)...
  Processed 790000 variants (filtered 0)...
  Processed 800000 variants (filtered 0)...
  Processed 810000 variants (filtered 0)...
  Processed 820000 variants (filtered 0)...
  Processed 830000 variants (filtered 0)...
  Processed 840000 variants (filtered 0)...
  Processed 850000 variants (filtered 0)...
  Processed 860000 variants (filtered 0)...
  Processed 870000 variants (filtered 0)...
  Processed 880000 variants (filtered 0)...
  Processed 890000 variants (filtered 0)...
  Processed 900000 variants (filtered 0)...
  Processed 910000 variants (filtered 0)...
  Processed 920000 variants (filtered 0)...
  Processed 930000 variants (filtered 0)...
  Processed 940000 variants (filtered 0)...
  Processed 950000 variants (filtered 0)...
  Processed 960000 variants (filtered 0)...
  Processed 970000 variants (filtered 0)...
  Processed 980000 variants (filtered 0)...
  Processed 990000 variants (filtered 0)...
  Processed 1000000 variants (filtered 0)...
  Processed 1010000 variants (filtered 0)...
  Processed 1020000 variants (filtered 0)...
  Processed 1030000 variants (filtered 0)...
  Processed 1040000 variants (filtered 0)...
  Processed 1050000 variants (filtered 0)...
  Processed 1060000 variants (filtered 0)...
  Processed 1070000 variants (filtered 0)...
  Processed 1080000 variants (filtered 0)...
  Processed 1090000 variants (filtered 0)...
  Processed 1100000 variants (filtered 0)...
  Processed 1110000 variants (filtered 0)...
  Processed 1120000 variants (filtered 0)...
  Processed 1130000 variants (filtered 0)...
  Processed 1140000 variants (filtered 0)...
  Processed 1150000 variants (filtered 0)...
  Processed 1160000 variants (filtered 0)...
  Processed 1170000 variants (filtered 0)...
  Processed 1180000 variants (filtered 0)...
  Processed 1190000 variants (filtered 0)...
  Processed 1200000 variants (filtered 0)...
  Processed 1210000 variants (filtered 0)...
  Processed 1220000 variants (filtered 0)...
  Processed 1230000 variants (filtered 0)...
  Processed 1240000 variants (filtered 0)...
  Processed 1250000 variants (filtered 0)...
  Processed 1260000 variants (filtered 0)...
  Processed 1270000 variants (filtered 0)...
  Processed 1280000 variants (filtered 0)...
  Processed 1290000 variants (filtered 0)...
  Processed 1300000 variants (filtered 0)...
  Processed 1310000 variants (filtered 0)...
  Processed 1320000 variants (filtered 0)...
  Processed 1330000 variants (filtered 0)...
  Processed 1340000 variants (filtered 0)...
  Processed 1350000 variants (filtered 0)...
  Processed 1360000 variants (filtered 0)...
  Processed 1370000 variants (filtered 0)...
  Processed 1380000 variants (filtered 0)...
  Processed 1390000 variants (filtered 0)...
  Processed 1400000 variants (filtered 0)...
  Processed 1410000 variants (filtered 0)...
  Processed 1420000 variants (filtered 0)...
  Processed 1430000 variants (filtered 0)...
  Processed 1440000 variants (filtered 0)...
  Processed 1450000 variants (filtered 0)...
  Processed 1460000 variants (filtered 0)...
  Processed 1470000 variants (filtered 0)...
  Processed 1480000 variants (filtered 0)...
  Processed 1490000 variants (filtered 0)...
  Processed 1500000 variants (filtered 0)...
  Processed 1510000 variants (filtered 0)...
  Processed 1520000 variants (filtered 0)...
  Processed 1530000 variants (filtered 0)...
  Processed 1540000 variants (filtered 0)...
  Processed 1550000 variants (filtered 0)...
  Processed 1560000 variants (filtered 0)...
  Processed 1570000 variants (filtered 0)...
  Processed 1580000 variants (filtered 0)...
  Processed 1590000 variants (filtered 0)...
  Processed 1600000 variants (filtered 0)...
  Processed 1610000 variants (filtered 0)...
  Processed 1620000 variants (filtered 0)...
  Processed 1630000 variants (filtered 0)...
  Processed 1640000 variants (filtered 0)...
  Processed 1650000 variants (filtered 0)...
  Processed 1660000 variants (filtered 0)...
  Processed 1670000 variants (filtered 0)...
  Processed 1680000 variants (filtered 0)...
  Processed 1690000 variants (filtered 0)...
  Processed 1700000 variants (filtered 0)...
  Processed 1710000 variants (filtered 0)...
  Processed 1720000 variants (filtered 0)...
  Processed 1730000 variants (filtered 0)...
  Processed 1740000 variants (filtered 0)...
  Processed 1750000 variants (filtered 0)...
  Processed 1760000 variants (filtered 0)...
  Processed 1770000 variants (filtered 0)...
  Processed 1780000 variants (filtered 0)...
  Processed 1790000 variants (filtered 0)...
  Processed 1800000 variants (filtered 0)...
  Processed 1810000 variants (filtered 0)...
  Processed 1820000 variants (filtered 0)...
  Processed 1830000 variants (filtered 0)...
  Processed 1840000 variants (filtered 0)...
  Processed 1850000 variants (filtered 0)...
  Processed 1860000 variants (filtered 0)...
  Processed 1870000 variants (filtered 0)...
  Processed 1880000 variants (filtered 0)...
  Processed 1890000 variants (filtered 0)...
  Processed 1900000 variants (filtered 0)...
  Processed 1910000 variants (filtered 0)...
  Processed 1920000 variants (filtered 0)...
  Processed 1930000 variants (filtered 0)...
  Processed 1940000 variants (filtered 0)...
  Processed 1950000 variants (filtered 0)...
  Processed 1960000 variants (filtered 0)...
  Processed 1970000 variants (filtered 0)...
  Processed 1980000 variants (filtered 0)...
  Processed 1990000 variants (filtered 0)...
  Processed 2000000 variants (filtered 0)...
  Processed 2010000 variants (filtered 0)...
  Processed 2020000 variants (filtered 0)...
  Processed 2030000 variants (filtered 0)...
  Processed 2040000 variants (filtered 0)...
  Processed 2050000 variants (filtered 0)...
  Processed 2060000 variants (filtered 0)...
  Processed 2070000 variants (filtered 0)...
  Processed 2080000 variants (filtered 0)...
  Processed 2090000 variants (filtered 0)...
  Processed 2100000 variants (filtered 0)...
  Processed 2110000 variants (filtered 0)...
  Processed 2120000 variants (filtered 0)...
  Processed 2130000 variants (filtered 0)...
  Processed 2140000 variants (filtered 0)...
  Processed 2150000 variants (filtered 0)...
  Processed 2160000 variants (filtered 0)...
  Processed 2170000 variants (filtered 0)...
  Processed 2180000 variants (filtered 0)...
  Processed 2190000 variants (filtered 0)...
  Processed 2200000 variants (filtered 0)...
  Processed 2210000 variants (filtered 0)...
  Processed 2220000 variants (filtered 0)...
  Processed 2230000 variants (filtered 0)...
  Processed 2240000 variants (filtered 0)...
  Processed 2250000 variants (filtered 0)...
  Processed 2260000 variants (filtered 0)...
  Processed 2270000 variants (filtered 0)...
  Processed 2280000 variants (filtered 0)...
  Processed 2290000 variants (filtered 0)...
  Processed 2300000 variants (filtered 0)...
  Processed 2310000 variants (filtered 0)...
  Processed 2320000 variants (filtered 0)...
  Processed 2330000 variants (filtered 0)...
  Processed 2340000 variants (filtered 0)...
  Processed 2350000 variants (filtered 0)...
  Processed 2360000 variants (filtered 0)...
  Processed 2370000 variants (filtered 0)...
  Processed 2380000 variants (filtered 0)...
  Processed 2390000 variants (filtered 0)...
  Processed 2400000 variants (filtered 0)...
  Processed 2410000 variants (filtered 0)...
  Processed 2420000 variants (filtered 0)...
  Processed 2430000 variants (filtered 0)...
  Processed 2440000 variants (filtered 0)...
  Processed 2450000 variants (filtered 0)...
  Processed 2460000 variants (filtered 0)...
  Processed 2470000 variants (filtered 0)...
  Processed 2480000 variants (filtered 0)...
  Processed 2490000 variants (filtered 0)...
  Processed 2500000 variants (filtered 0)...
  Processed 2510000 variants (filtered 0)...
  Processed 2520000 variants (filtered 0)...
  Processed 2530000 variants (filtered 0)...
  Processed 2540000 variants (filtered 0)...
  Processed 2550000 variants (filtered 0)...
  Processed 2560000 variants (filtered 0)...
  Processed 2570000 variants (filtered 0)...
  Processed 2580000 variants (filtered 0)...
  Processed 2590000 variants (filtered 0)...
  Processed 2600000 variants (filtered 0)...
  Processed 2610000 variants (filtered 0)...
  Processed 2620000 variants (filtered 0)...
  Processed 2630000 variants (filtered 0)...
  Processed 2640000 variants (filtered 0)...
  Processed 2650000 variants (filtered 0)...
  Processed 2660000 variants (filtered 0)...
  Processed 2670000 variants (filtered 0)...
  Processed 2680000 variants (filtered 0)...
  Processed 2690000 variants (filtered 0)...
  Processed 2700000 variants (filtered 0)...
  Processed 2710000 variants (filtered 0)...
  Processed 2720000 variants (filtered 0)...
  Processed 2730000 variants (filtered 0)...
  Processed 2740000 variants (filtered 0)...
  Processed 2750000 variants (filtered 0)...
  Processed 2760000 variants (filtered 0)...
  Processed 2770000 variants (filtered 0)...
  Processed 2780000 variants (filtered 0)...
  Processed 2790000 variants (filtered 0)...
  Processed 2800000 variants (filtered 0)...
  Processed 2810000 variants (filtered 0)...
  Processed 2820000 variants (filtered 0)...
  Processed 2830000 variants (filtered 0)...
  Processed 2840000 variants (filtered 0)...
  Processed 2850000 variants (filtered 0)...
  Processed 2860000 variants (filtered 0)...
  Processed 2870000 variants (filtered 0)...
  Processed 2880000 variants (filtered 0)...
  Processed 2890000 variants (filtered 0)...
  Processed 2900000 variants (filtered 0)...
  Processed 2910000 variants (filtered 0)...
  Processed 2920000 variants (filtered 0)...
  Processed 2930000 variants (filtered 0)...
  Processed 2940000 variants (filtered 0)...
  Processed 2950000 variants (filtered 0)...
  Processed 2960000 variants (filtered 0)...
  Processed 2970000 variants (filtered 0)...
  Processed 2980000 variants (filtered 0)...
  Processed 2990000 variants (filtered 0)...
  Processed 3000000 variants (filtered 0)...
  Processed 3010000 variants (filtered 0)...
  Processed 3020000 variants (filtered 0)...
  Processed 3030000 variants (filtered 0)...
  Processed 3040000 variants (filtered 0)...
  Processed 3050000 variants (filtered 0)...
  Processed 3060000 variants (filtered 0)...
  Processed 3070000 variants (filtered 0)...
  Processed 3080000 variants (filtered 0)...
  Processed 3090000 variants (filtered 0)...
  Processed 3100000 variants (filtered 0)...
  Processed 3110000 variants (filtered 0)...
  Processed 3120000 variants (filtered 0)...
  Processed 3130000 variants (filtered 0)...
  Processed 3140000 variants (filtered 0)...
  Processed 3150000 variants (filtered 0)...
  Processed 3160000 variants (filtered 0)...
  Processed 3170000 variants (filtered 0)...
  Processed 3180000 variants (filtered 0)...
  Processed 3190000 variants (filtered 0)...
  Processed 3200000 variants (filtered 0)...
  Processed 3210000 variants (filtered 0)...
  Processed 3220000 variants (filtered 0)...
  Processed 3230000 variants (filtered 0)...
  Processed 3240000 variants (filtered 0)...
  Processed 3250000 variants (filtered 0)...
  Processed 3260000 variants (filtered 0)...
  Processed 3270000 variants (filtered 0)...
  Processed 3280000 variants (filtered 0)...
  Processed 3290000 variants (filtered 0)...
  Processed 3300000 variants (filtered 0)...
  Processed 3310000 variants (filtered 0)...
  Processed 3320000 variants (filtered 0)...
  Processed 3330000 variants (filtered 0)...
  Processed 3340000 variants (filtered 0)...
  Processed 3350000 variants (filtered 0)...
  Processed 3360000 variants (filtered 0)...
  Processed 3370000 variants (filtered 0)...
  Processed 3380000 variants (filtered 0)...
  Processed 3390000 variants (filtered 0)...
  Processed 3400000 variants (filtered 0)...
  Processed 3410000 variants (filtered 0)...
  Processed 3420000 variants (filtered 0)...
  Processed 3430000 variants (filtered 0)...
  Processed 3440000 variants (filtered 0)...
  Processed 3450000 variants (filtered 0)...
  Processed 3460000 variants (filtered 0)...
  Processed 3470000 variants (filtered 0)...
  Processed 3480000 variants (filtered 0)...
  Processed 3490000 variants (filtered 0)...
  Processed 3500000 variants (filtered 0)...
  Processed 3510000 variants (filtered 0)...
  Processed 3520000 variants (filtered 0)...
  Processed 3530000 variants (filtered 0)...
  Processed 3540000 variants (filtered 0)...
  Processed 3550000 variants (filtered 0)...
  Processed 3560000 variants (filtered 0)...
  Processed 3570000 variants (filtered 0)...
  Processed 3580000 variants (filtered 0)...
  Processed 3590000 variants (filtered 0)...
  Processed 3600000 variants (filtered 0)...
  Processed 3610000 variants (filtered 0)...
  Processed 3620000 variants (filtered 0)...
  Processed 3630000 variants (filtered 0)...
  Processed 3640000 variants (filtered 0)...
  Processed 3650000 variants (filtered 0)...
  Processed 3660000 variants (filtered 0)...
  Processed 3670000 variants (filtered 0)...
  Processed 3680000 variants (filtered 0)...
  Processed 3690000 variants (filtered 0)...
  Processed 3700000 variants (filtered 0)...
  Processed 3710000 variants (filtered 0)...
  Processed 3720000 variants (filtered 0)...
  Processed 3730000 variants (filtered 0)...
  Processed 3740000 variants (filtered 0)...
  Processed 3750000 variants (filtered 0)...
  Processed 3760000 variants (filtered 0)...
  Processed 3770000 variants (filtered 0)...
  Processed 3780000 variants (filtered 0)...
  Processed 3790000 variants (filtered 0)...
  Processed 3800000 variants (filtered 0)...
  Processed 3810000 variants (filtered 0)...
  Processed 3820000 variants (filtered 0)...
  Processed 3830000 variants (filtered 0)...
  Processed 3840000 variants (filtered 0)...
  Processed 3850000 variants (filtered 0)...
  Processed 3860000 variants (filtered 0)...
  Processed 3870000 variants (filtered 0)...
  Processed 3880000 variants (filtered 0)...
  Processed 3890000 variants (filtered 0)...
  Processed 3900000 variants (filtered 0)...
  Processed 3910000 variants (filtered 0)...
  Processed 3920000 variants (filtered 0)...
  Processed 3930000 variants (filtered 0)...
  Processed 3940000 variants (filtered 0)...
  Processed 3950000 variants (filtered 0)...
  Processed 3960000 variants (filtered 0)...
  Processed 3970000 variants (filtered 0)...
  Processed 3980000 variants (filtered 0)...
  Processed 3990000 variants (filtered 0)...
  Processed 4000000 variants (filtered 0)...
  Processed 4010000 variants (filtered 0)...
  Processed 4020000 variants (filtered 0)...
  Processed 4030000 variants (filtered 0)...
  Processed 4040000 variants (filtered 0)...
  Processed 4050000 variants (filtered 0)...
  Processed 4060000 variants (filtered 0)...
  Processed 4070000 variants (filtered 0)...
  Processed 4080000 variants (filtered 0)...
  Processed 4090000 variants (filtered 0)...
  Processed 4100000 variants (filtered 0)...
  Processed 4110000 variants (filtered 0)...
  Processed 4120000 variants (filtered 0)...
  Processed 4130000 variants (filtered 0)...
  Processed 4140000 variants (filtered 0)...
  Processed 4150000 variants (filtered 0)...
  Processed 4160000 variants (filtered 0)...
  Processed 4170000 variants (filtered 0)...
  Processed 4180000 variants (filtered 0)...
  Processed 4190000 variants (filtered 0)...
  Processed 4200000 variants (filtered 0)...
  Processed 4210000 variants (filtered 0)...
  Processed 4220000 variants (filtered 0)...
  Processed 4230000 variants (filtered 0)...
  Processed 4240000 variants (filtered 0)...
  Processed 4250000 variants (filtered 0)...
  Processed 4260000 variants (filtered 0)...
  Processed 4270000 variants (filtered 0)...
  Processed 4280000 variants (filtered 0)...
  Processed 4290000 variants (filtered 0)...
  Processed 4300000 variants (filtered 0)...
  Processed 4310000 variants (filtered 0)...
  Processed 4320000 variants (filtered 0)...
  Processed 4330000 variants (filtered 0)...
  Processed 4340000 variants (filtered 0)...
  Processed 4350000 variants (filtered 0)...
  Processed 4360000 variants (filtered 0)...
  Processed 4370000 variants (filtered 0)...
  Processed 4380000 variants (filtered 0)...
  Processed 4390000 variants (filtered 0)...
  Processed 4400000 variants (filtered 0)...
  Processed 4410000 variants (filtered 0)...
  Processed 4420000 variants (filtered 0)...
  Processed 4430000 variants (filtered 0)...
  Processed 4440000 variants (filtered 0)...
  Processed 4450000 variants (filtered 0)...
  Processed 4460000 variants (filtered 0)...
  Processed 4470000 variants (filtered 0)...
  Processed 4480000 variants (filtered 0)...
  Processed 4490000 variants (filtered 0)...
  Processed 4500000 variants (filtered 0)...
  Processed 4510000 variants (filtered 0)...
  Processed 4520000 variants (filtered 0)...
  Processed 4530000 variants (filtered 0)...
  Processed 4540000 variants (filtered 0)...
  Processed 4550000 variants (filtered 0)...
  Processed 4560000 variants (filtered 0)...
  Processed 4570000 variants (filtered 0)...
  Processed 4580000 variants (filtered 0)...
  Processed 4590000 variants (filtered 0)...
  Processed 4600000 variants (filtered 0)...
  Processed 4610000 variants (filtered 0)...
  Processed 4620000 variants (filtered 0)...
  Processed 4630000 variants (filtered 0)...
  Processed 4640000 variants (filtered 0)...
  Processed 4650000 variants (filtered 0)...
  Processed 4660000 variants (filtered 0)...
  Processed 4670000 variants (filtered 0)...
  Processed 4680000 variants (filtered 0)...
  Processed 4690000 variants (filtered 0)...
  Processed 4700000 variants (filtered 0)...
  Processed 4710000 variants (filtered 0)...
  Processed 4720000 variants (filtered 0)...
  Processed 4730000 variants (filtered 0)...
  Processed 4740000 variants (filtered 0)...
  Processed 4750000 variants (filtered 0)...
  Processed 4760000 variants (filtered 0)...
  Processed 4770000 variants (filtered 0)...
  Processed 4780000 variants (filtered 0)...
  Processed 4790000 variants (filtered 0)...
  Processed 4800000 variants (filtered 0)...
  Processed 4810000 variants (filtered 0)...
  Processed 4820000 variants (filtered 0)...
  Processed 4830000 variants (filtered 0)...
  Processed 4840000 variants (filtered 0)...
  Processed 4850000 variants (filtered 0)...
  Processed 4860000 variants (filtered 0)...
  Processed 4870000 variants (filtered 0)...
  Processed 4880000 variants (filtered 0)...
  Processed 4890000 variants (filtered 0)...
  Processed 4900000 variants (filtered 0)...
  Processed 4910000 variants (filtered 0)...
  Processed 4920000 variants (filtered 0)...
  Processed 4930000 variants (filtered 0)...
  Processed 4940000 variants (filtered 0)...
  Processed 4950000 variants (filtered 0)...
  Processed 4960000 variants (filtered 0)...
  Processed 4970000 variants (filtered 0)...
  Processed 4980000 variants (filtered 0)...
  Processed 4990000 variants (filtered 0)...
  Processed 5000000 variants (filtered 0)...
  Processed 5010000 variants (filtered 0)...
  Processed 5020000 variants (filtered 0)...
  Processed 5030000 variants (filtered 0)...
  Processed 5040000 variants (filtered 0)...
  Processed 5050000 variants (filtered 0)...
  Processed 5060000 variants (filtered 0)...
  Processed 5070000 variants (filtered 0)...
  Processed 5080000 variants (filtered 0)...
  Processed 5090000 variants (filtered 0)...
  Processed 5100000 variants (filtered 0)...
  Processed 5110000 variants (filtered 0)...
  Processed 5120000 variants (filtered 0)...
  Processed 5130000 variants (filtered 0)...
  Processed 5140000 variants (filtered 0)...
  Processed 5150000 variants (filtered 0)...
  Processed 5160000 variants (filtered 0)...
  Processed 5170000 variants (filtered 0)...
  Processed 5180000 variants (filtered 0)...
  Processed 5190000 variants (filtered 0)...
  Processed 5200000 variants (filtered 0)...
  Processed 5210000 variants (filtered 0)...
  Processed 5220000 variants (filtered 0)...
  Processed 5230000 variants (filtered 0)...
  Processed 5240000 variants (filtered 0)...
  Processed 5250000 variants (filtered 0)...
  Processed 5260000 variants (filtered 0)...
  Processed 5270000 variants (filtered 0)...
  Processed 5280000 variants (filtered 0)...
  Processed 5290000 variants (filtered 0)...
  Processed 5300000 variants (filtered 0)...
  Processed 5310000 variants (filtered 0)...
  Processed 5320000 variants (filtered 0)...
  Processed 5330000 variants (filtered 0)...
  Processed 5340000 variants (filtered 0)...
  Processed 5350000 variants (filtered 0)...
  Processed 5360000 variants (filtered 0)...
  Processed 5370000 variants (filtered 0)...
  Processed 5380000 variants (filtered 0)...
  Processed 5390000 variants (filtered 0)...
  Processed 5400000 variants (filtered 0)...
  Processed 5410000 variants (filtered 0)...
  Processed 5420000 variants (filtered 0)...
  Processed 5430000 variants (filtered 0)...
  Processed 5440000 variants (filtered 0)...
  Processed 5450000 variants (filtered 0)...
  Processed 5460000 variants (filtered 0)...
  Processed 5470000 variants (filtered 0)...
  Processed 5480000 variants (filtered 0)...
  Processed 5490000 variants (filtered 0)...
  Processed 5500000 variants (filtered 0)...
  Processed 5510000 variants (filtered 0)...
  Processed 5520000 variants (filtered 0)...
  Processed 5530000 variants (filtered 0)...
  Processed 5540000 variants (filtered 0)...
  Processed 5550000 variants (filtered 0)...
  Processed 5560000 variants (filtered 0)...
  Processed 5570000 variants (filtered 0)...
  Processed 5580000 variants (filtered 0)...
  Processed 5590000 variants (filtered 0)...
  Processed 5600000 variants (filtered 0)...
  Processed 5610000 variants (filtered 0)...
  Processed 5620000 variants (filtered 0)...
  Processed 5630000 variants (filtered 0)...
  Processed 5640000 variants (filtered 0)...
  Processed 5650000 variants (filtered 0)...
  Processed 5660000 variants (filtered 0)...
  Processed 5670000 variants (filtered 0)...
  Processed 5680000 variants (filtered 0)...
  Processed 5690000 variants (filtered 0)...
  Processed 5700000 variants (filtered 0)...
  Processed 5710000 variants (filtered 0)...
  Processed 5720000 variants (filtered 0)...
  Processed 5730000 variants (filtered 0)...
  Processed 5740000 variants (filtered 0)...
  Processed 5750000 variants (filtered 0)...
  Processed 5760000 variants (filtered 0)...
  Processed 5770000 variants (filtered 0)...
  Processed 5780000 variants (filtered 0)...
  Processed 5790000 variants (filtered 0)...
  Processed 5800000 variants (filtered 0)...
  Processed 5810000 variants (filtered 0)...
  Processed 5820000 variants (filtered 0)...
  Processed 5830000 variants (filtered 0)...
  Processed 5840000 variants (filtered 0)...
  Processed 5850000 variants (filtered 0)...
  Processed 5860000 variants (filtered 0)...
  Processed 5870000 variants (filtered 0)...
  Processed 5880000 variants (filtered 0)...
  Processed 5890000 variants (filtered 0)...
  Processed 5900000 variants (filtered 0)...
  Processed 5910000 variants (filtered 0)...
  Processed 5920000 variants (filtered 0)...
  Processed 5930000 variants (filtered 0)...
  Processed 5940000 variants (filtered 0)...
  Processed 5950000 variants (filtered 0)...
  Processed 5960000 variants (filtered 0)...
  Processed 5970000 variants (filtered 0)...
  Processed 5980000 variants (filtered 0)...
  Processed 5990000 variants (filtered 0)...
  Processed 6000000 variants (filtered 0)...
  Processed 6010000 variants (filtered 0)...
  Processed 6020000 variants (filtered 0)...
  Processed 6030000 variants (filtered 0)...
  Processed 6040000 variants (filtered 0)...
  Processed 6050000 variants (filtered 0)...
  Processed 6060000 variants (filtered 0)...
  Processed 6070000 variants (filtered 0)...
  Processed 6080000 variants (filtered 0)...
  Processed 6090000 variants (filtered 0)...
  Processed 6100000 variants (filtered 0)...
  Processed 6110000 variants (filtered 0)...
  Processed 6120000 variants (filtered 0)...
  Processed 6130000 variants (filtered 0)...
  Processed 6140000 variants (filtered 0)...
  Processed 6150000 variants (filtered 0)...
  Processed 6160000 variants (filtered 0)...
  Processed 6170000 variants (filtered 0)...
  Processed 6180000 variants (filtered 0)...
  Processed 6190000 variants (filtered 0)...
  Processed 6200000 variants (filtered 0)...
  Processed 6210000 variants (filtered 0)...
  Processed 6220000 variants (filtered 0)...
  Processed 6230000 variants (filtered 0)...
  Processed 6240000 variants (filtered 0)...
  Processed 6250000 variants (filtered 0)...
  Processed 6260000 variants (filtered 0)...
  Processed 6270000 variants (filtered 0)...
  Processed 6280000 variants (filtered 0)...
  Processed 6290000 variants (filtered 0)...
  Processed 6300000 variants (filtered 0)...
  Processed 6310000 variants (filtered 0)...
  Processed 6320000 variants (filtered 0)...
  Processed 6330000 variants (filtered 0)...
  Processed 6340000 variants (filtered 0)...
  Processed 6350000 variants (filtered 0)...
  Processed 6360000 variants (filtered 0)...
  Processed 6370000 variants (filtered 0)...
  Processed 6380000 variants (filtered 0)...
  Processed 6390000 variants (filtered 0)...
  Processed 6400000 variants (filtered 0)...
  Processed 6410000 variants (filtered 0)...
  Processed 6420000 variants (filtered 0)...
  Processed 6430000 variants (filtered 0)...
  Processed 6440000 variants (filtered 0)...
  Processed 6450000 variants (filtered 0)...
  Processed 6460000 variants (filtered 0)...
  Processed 6470000 variants (filtered 0)...
  Processed 6480000 variants (filtered 0)...
  Processed 6490000 variants (filtered 0)...
  Processed 6500000 variants (filtered 0)...
  Processed 6510000 variants (filtered 0)...
  Processed 6520000 variants (filtered 0)...
  Processed 6530000 variants (filtered 0)...
  Processed 6540000 variants (filtered 0)...
  Processed 6550000 variants (filtered 0)...
  Processed 6560000 variants (filtered 0)...
  Processed 6570000 variants (filtered 0)...
  Processed 6580000 variants (filtered 0)...
  Processed 6590000 variants (filtered 0)...
  Processed 6600000 variants (filtered 0)...
  Processed 6610000 variants (filtered 0)...
  Processed 6620000 variants (filtered 0)...
  Processed 6630000 variants (filtered 0)...
  Processed 6640000 variants (filtered 0)...
  Processed 6650000 variants (filtered 0)...
  Processed 6660000 variants (filtered 0)...
  Processed 6670000 variants (filtered 0)...
  Processed 6680000 variants (filtered 0)...
  Processed 6690000 variants (filtered 0)...
  Processed 6700000 variants (filtered 0)...
  Processed 6710000 variants (filtered 0)...
  Processed 6720000 variants (filtered 0)...
  Processed 6730000 variants (filtered 0)...
  Processed 6740000 variants (filtered 0)...
  Processed 6750000 variants (filtered 0)...
  Processed 6760000 variants (filtered 0)...
  Processed 6770000 variants (filtered 0)...
  Processed 6780000 variants (filtered 0)...
  Processed 6790000 variants (filtered 0)...
  Processed 6800000 variants (filtered 0)...
  Processed 6810000 variants (filtered 0)...
  Processed 6820000 variants (filtered 0)...
  Processed 6830000 variants (filtered 0)...
  Processed 6840000 variants (filtered 0)...
  Processed 6850000 variants (filtered 0)...
  Processed 6860000 variants (filtered 0)...
  Processed 6870000 variants (filtered 0)...
  Processed 6880000 variants (filtered 0)...
  Processed 6890000 variants (filtered 0)...
  Processed 6900000 variants (filtered 0)...
  Processed 6910000 variants (filtered 0)...
  Processed 6920000 variants (filtered 0)...
  Processed 6930000 variants (filtered 0)...
  Processed 6940000 variants (filtered 0)...
  Processed 6950000 variants (filtered 0)...
  Processed 6960000 variants (filtered 0)...
  Processed 6970000 variants (filtered 0)...
  Processed 6980000 variants (filtered 0)...
  Processed 6990000 variants (filtered 0)...
  Processed 7000000 variants (filtered 0)...
  Processed 7010000 variants (filtered 0)...
  Processed 7020000 variants (filtered 0)...
  Processed 7030000 variants (filtered 0)...
  Processed 7040000 variants (filtered 0)...
  Processed 7050000 variants (filtered 0)...
  Processed 7060000 variants (filtered 0)...
  Processed 7070000 variants (filtered 0)...
  Processed 7080000 variants (filtered 0)...
  Processed 7090000 variants (filtered 0)...
  Processed 7100000 variants (filtered 0)...
  Processed 7110000 variants (filtered 0)...
  Processed 7120000 variants (filtered 0)...
  Processed 7130000 variants (filtered 0)...
  Processed 7140000 variants (filtered 0)...
  Processed 7150000 variants (filtered 0)...
  Processed 7160000 variants (filtered 0)...
  Processed 7170000 variants (filtered 0)...
  Processed 7180000 variants (filtered 0)...
  Processed 7190000 variants (filtered 0)...
  Processed 7200000 variants (filtered 0)...
  Processed 7210000 variants (filtered 0)...
  Processed 7220000 variants (filtered 0)...
  Processed 7230000 variants (filtered 0)...
  Processed 7240000 variants (filtered 0)...
  Processed 7250000 variants (filtered 0)...
  Processed 7260000 variants (filtered 0)...
  Processed 7270000 variants (filtered 0)...
  Processed 7280000 variants (filtered 0)...
  Processed 7290000 variants (filtered 0)...
  Processed 7300000 variants (filtered 0)...
  Processed 7310000 variants (filtered 0)...
  Processed 7320000 variants (filtered 0)...
  Processed 7330000 variants (filtered 0)...
  Processed 7340000 variants (filtered 0)...
  Processed 7350000 variants (filtered 0)...
  Processed 7360000 variants (filtered 0)...
  Processed 7370000 variants (filtered 0)...
  Processed 7380000 variants (filtered 0)...
  Processed 7390000 variants (filtered 0)...
  Processed 7400000 variants (filtered 0)...
  Processed 7410000 variants (filtered 0)...
  Processed 7420000 variants (filtered 0)...
  Processed 7430000 variants (filtered 0)...
  Processed 7440000 variants (filtered 0)...
  Processed 7450000 variants (filtered 0)...
  Processed 7460000 variants (filtered 0)...
  Processed 7470000 variants (filtered 0)...
  Processed 7480000 variants (filtered 0)...
  Processed 7490000 variants (filtered 0)...
  Processed 7500000 variants (filtered 0)...
  Processed 7510000 variants (filtered 0)...
  Processed 7520000 variants (filtered 0)...
  Processed 7530000 variants (filtered 0)...
  Processed 7540000 variants (filtered 0)...
  Processed 7550000 variants (filtered 0)...
  Processed 7560000 variants (filtered 0)...
  Processed 7570000 variants (filtered 0)...
  Processed 7580000 variants (filtered 0)...
  Processed 7590000 variants (filtered 0)...
  Processed 7600000 variants (filtered 0)...
  Processed 7610000 variants (filtered 0)...
  Processed 7620000 variants (filtered 0)...
  Processed 7630000 variants (filtered 0)...
  Processed 7640000 variants (filtered 0)...
  Processed 7650000 variants (filtered 0)...
  Processed 7660000 variants (filtered 0)...
  Processed 7670000 variants (filtered 0)...
  Processed 7680000 variants (filtered 0)...
  Processed 7690000 variants (filtered 0)...
  Processed 7700000 variants (filtered 0)...
  Processed 7710000 variants (filtered 0)...
  Processed 7720000 variants (filtered 0)...
  Processed 7730000 variants (filtered 0)...
  Processed 7740000 variants (filtered 0)...
  Processed 7750000 variants (filtered 0)...
  Processed 7760000 variants (filtered 0)...
  Processed 7770000 variants (filtered 0)...
  Processed 7780000 variants (filtered 0)...
  Processed 7790000 variants (filtered 0)...
  Processed 7800000 variants (filtered 0)...
  Processed 7810000 variants (filtered 0)...
  Processed 7820000 variants (filtered 0)...
  Processed 7830000 variants (filtered 0)...
  Processed 7840000 variants (filtered 0)...
  Processed 7850000 variants (filtered 0)...
  Processed 7860000 variants (filtered 0)...
  Processed 7870000 variants (filtered 0)...
  Processed 7880000 variants (filtered 0)...
  Processed 7890000 variants (filtered 0)...
  Processed 7900000 variants (filtered 0)...
  Processed 7910000 variants (filtered 0)...
  Processed 7920000 variants (filtered 0)...
  Processed 7930000 variants (filtered 0)...
  Processed 7940000 variants (filtered 0)...
  Processed 7950000 variants (filtered 0)...
  Processed 7960000 variants (filtered 0)...
  Processed 7970000 variants (filtered 0)...
  Processed 7980000 variants (filtered 0)...
  Processed 7990000 variants (filtered 0)...
  Processed 8000000 variants (filtered 0)...
  Processed 8010000 variants (filtered 0)...
  Processed 8020000 variants (filtered 0)...
  Processed 8030000 variants (filtered 0)...
  Processed 8040000 variants (filtered 0)...
  Processed 8050000 variants (filtered 0)...
  Processed 8060000 variants (filtered 0)...
  Processed 8070000 variants (filtered 0)...
  Processed 8080000 variants (filtered 0)...
  Processed 8090000 variants (filtered 0)...
  Processed 8100000 variants (filtered 0)...
  Processed 8110000 variants (filtered 0)...
  Processed 8120000 variants (filtered 0)...
  Processed 8130000 variants (filtered 0)...
  Processed 8140000 variants (filtered 0)...
  Processed 8150000 variants (filtered 0)...
  Processed 8160000 variants (filtered 0)...
  Processed 8170000 variants (filtered 0)...
  Processed 8180000 variants (filtered 0)...
  Processed 8190000 variants (filtered 0)...
  Processed 8200000 variants (filtered 0)...
  Processed 8210000 variants (filtered 0)...
  Processed 8220000 variants (filtered 0)...
  Processed 8230000 variants (filtered 0)...
  Processed 8240000 variants (filtered 0)...
  Processed 8250000 variants (filtered 0)...
  Processed 8260000 variants (filtered 0)...
  Processed 8270000 variants (filtered 0)...
  Processed 8280000 variants (filtered 0)...
  Processed 8290000 variants (filtered 0)...
  Processed 8300000 variants (filtered 0)...
  Processed 8310000 variants (filtered 0)...
  Processed 8320000 variants (filtered 0)...
  Processed 8330000 variants (filtered 0)...
  Processed 8340000 variants (filtered 0)...
  Processed 8350000 variants (filtered 0)...
  Processed 8360000 variants (filtered 0)...
  Processed 8370000 variants (filtered 0)...
  Processed 8380000 variants (filtered 0)...
  Processed 8390000 variants (filtered 0)...
  Processed 8400000 variants (filtered 0)...
  Processed 8410000 variants (filtered 0)...
  Processed 8420000 variants (filtered 0)...
  Processed 8430000 variants (filtered 0)...
  Processed 8440000 variants (filtered 0)...
  Processed 8450000 variants (filtered 0)...
  Processed 8460000 variants (filtered 0)...
  Processed 8470000 variants (filtered 0)...
  Processed 8480000 variants (filtered 0)...
  Processed 8490000 variants (filtered 0)...
  Processed 8500000 variants (filtered 0)...
  Processed 8510000 variants (filtered 0)...
  Processed 8520000 variants (filtered 0)...
  Processed 8530000 variants (filtered 0)...
  Processed 8540000 variants (filtered 0)...
  Processed 8550000 variants (filtered 0)...
  Processed 8560000 variants (filtered 0)...
  Processed 8570000 variants (filtered 0)...
  Processed 8580000 variants (filtered 0)...
  Processed 8590000 variants (filtered 0)...
  Processed 8600000 variants (filtered 0)...
  Processed 8610000 variants (filtered 0)...
  Processed 8620000 variants (filtered 0)...
  Processed 8630000 variants (filtered 0)...
  Processed 8640000 variants (filtered 0)...
  Processed 8650000 variants (filtered 0)...
  Processed 8660000 variants (filtered 0)...
  Processed 8670000 variants (filtered 0)...
  Processed 8680000 variants (filtered 0)...
  Processed 8690000 variants (filtered 0)...
  Processed 8700000 variants (filtered 0)...
  Processed 8710000 variants (filtered 0)...
  Processed 8720000 variants (filtered 0)...
  Processed 8730000 variants (filtered 0)...
  Processed 8740000 variants (filtered 0)...
  Processed 8750000 variants (filtered 0)...
  Processed 8760000 variants (filtered 0)...
  Processed 8770000 variants (filtered 0)...
  Processed 8780000 variants (filtered 0)...
  Processed 8790000 variants (filtered 0)...
  Processed 8800000 variants (filtered 0)...
  Processed 8810000 variants (filtered 0)...
  Processed 8820000 variants (filtered 0)...
  Processed 8830000 variants (filtered 0)...
  Processed 8840000 variants (filtered 0)...
  Processed 8850000 variants (filtered 0)...
  Processed 8860000 variants (filtered 0)...
  Processed 8870000 variants (filtered 0)...
  Processed 8880000 variants (filtered 0)...
  Processed 8890000 variants (filtered 0)...
  Processed 8900000 variants (filtered 0)...
  Processed 8910000 variants (filtered 0)...
  Processed 8920000 variants (filtered 0)...
  Processed 8930000 variants (filtered 0)...
  Processed 8940000 variants (filtered 0)...
  Processed 8950000 variants (filtered 0)...
  Processed 8960000 variants (filtered 0)...
  Processed 8970000 variants (filtered 0)...
  Processed 8980000 variants (filtered 0)...
  Processed 8990000 variants (filtered 0)...
  Processed 9000000 variants (filtered 0)...
  Processed 9010000 variants (filtered 0)...
  Processed 9020000 variants (filtered 0)...
  Processed 9030000 variants (filtered 0)...
  Processed 9040000 variants (filtered 0)...
  Processed 9050000 variants (filtered 0)...
  Processed 9060000 variants (filtered 0)...
  Processed 9070000 variants (filtered 0)...
  Processed 9080000 variants (filtered 0)...
  Processed 9090000 variants (filtered 0)...
  Processed 9100000 variants (filtered 0)...
  Processed 9110000 variants (filtered 0)...
  Processed 9120000 variants (filtered 0)...
  Processed 9130000 variants (filtered 0)...
  Processed 9140000 variants (filtered 0)...
  Processed 9150000 variants (filtered 0)...
  Processed 9160000 variants (filtered 0)...
  Processed 9170000 variants (filtered 0)...
  Processed 9180000 variants (filtered 0)...
  Processed 9190000 variants (filtered 0)...
  Processed 9200000 variants (filtered 0)...
  Processed 9210000 variants (filtered 0)...
  Processed 9220000 variants (filtered 0)...
  Processed 9230000 variants (filtered 0)...
  Processed 9240000 variants (filtered 0)...
  Processed 9250000 variants (filtered 0)...
  Processed 9260000 variants (filtered 0)...
  Processed 9270000 variants (filtered 0)...
  Processed 9280000 variants (filtered 0)...
  Processed 9290000 variants (filtered 0)...
  Processed 9300000 variants (filtered 0)...
  Processed 9310000 variants (filtered 0)...
  Processed 9320000 variants (filtered 0)...
  Processed 9330000 variants (filtered 0)...
  Processed 9340000 variants (filtered 0)...
  Processed 9350000 variants (filtered 0)...
  Processed 9360000 variants (filtered 0)...
  Processed 9370000 variants (filtered 0)...
  Processed 9380000 variants (filtered 0)...
  Processed 9390000 variants (filtered 0)...
  Processed 9400000 variants (filtered 0)...
  Processed 9410000 variants (filtered 0)...
  Processed 9420000 variants (filtered 0)...
  Processed 9430000 variants (filtered 0)...
  Processed 9440000 variants (filtered 0)...
  Processed 9450000 variants (filtered 0)...
  Processed 9460000 variants (filtered 0)...
  Processed 9470000 variants (filtered 0)...
  Processed 9480000 variants (filtered 0)...
  Processed 9490000 variants (filtered 0)...
  Processed 9500000 variants (filtered 0)...
  Processed 9510000 variants (filtered 0)...
  Processed 9520000 variants (filtered 0)...
  Processed 9530000 variants (filtered 0)...
  Processed 9540000 variants (filtered 0)...
  Processed 9550000 variants (filtered 0)...
  Processed 9560000 variants (filtered 0)...
  Processed 9570000 variants (filtered 0)...
  Processed 9580000 variants (filtered 0)...
  Processed 9590000 variants (filtered 0)...
  Processed 9600000 variants (filtered 0)...
  Processed 9610000 variants (filtered 0)...
  Processed 9620000 variants (filtered 0)...
  Processed 9630000 variants (filtered 0)...
  Processed 9640000 variants (filtered 0)...
  Processed 9650000 variants (filtered 0)...
  Processed 9660000 variants (filtered 0)...
  Processed 9670000 variants (filtered 0)...
  Processed 9680000 variants (filtered 0)...
  Processed 9690000 variants (filtered 0)...
  Processed 9700000 variants (filtered 0)...
  Processed 9710000 variants (filtered 0)...
  Processed 9720000 variants (filtered 0)...
  Processed 9730000 variants (filtered 0)...
  Processed 9740000 variants (filtered 0)...
  Processed 9750000 variants (filtered 0)...
  Processed 9760000 variants (filtered 0)...
  Processed 9770000 variants (filtered 0)...
  Processed 9780000 variants (filtered 0)...
  Processed 9790000 variants (filtered 0)...
  Processed 9800000 variants (filtered 0)...
  Processed 9810000 variants (filtered 0)...
  Processed 9820000 variants (filtered 0)...
  Processed 9830000 variants (filtered 0)...
  Processed 9840000 variants (filtered 0)...
  Processed 9850000 variants (filtered 0)...
  Processed 9860000 variants (filtered 0)...
  Processed 9870000 variants (filtered 0)...
  Processed 9880000 variants (filtered 0)...
  Processed 9890000 variants (filtered 0)...
  Processed 9900000 variants (filtered 0)...
  Processed 9910000 variants (filtered 0)...
  Processed 9920000 variants (filtered 0)...
  Processed 9930000 variants (filtered 0)...
  Processed 9940000 variants (filtered 0)...
  Processed 9950000 variants (filtered 0)...
  Processed 9960000 variants (filtered 0)...
  Processed 9970000 variants (filtered 0)...
  Processed 9980000 variants (filtered 0)...
  Processed 9990000 variants (filtered 0)...
  Processed 10000000 variants (filtered 0)...
  Processed 10010000 variants (filtered 0)...
  Processed 10020000 variants (filtered 0)...
  Processed 10030000 variants (filtered 0)...
  Processed 10040000 variants (filtered 0)...
  Processed 10050000 variants (filtered 0)...
  Processed 10060000 variants (filtered 0)...
  Processed 10070000 variants (filtered 0)...
  Processed 10080000 variants (filtered 0)...
  Processed 10090000 variants (filtered 0)...
  Processed 10100000 variants (filtered 0)...
  Processed 10110000 variants (filtered 0)...
  Processed 10120000 variants (filtered 0)...
  Processed 10130000 variants (filtered 0)...
  Processed 10140000 variants (filtered 0)...
  Processed 10150000 variants (filtered 0)...
  Processed 10160000 variants (filtered 0)...
  Processed 10170000 variants (filtered 0)...
  Processed 10180000 variants (filtered 0)...
  Processed 10190000 variants (filtered 0)...
  Processed 10200000 variants (filtered 0)...
  Processed 10210000 variants (filtered 0)...
  Processed 10220000 variants (filtered 0)...
  Processed 10230000 variants (filtered 0)...
  Processed 10240000 variants (filtered 0)...
  Processed 10250000 variants (filtered 0)...
  Processed 10260000 variants (filtered 0)...
  Processed 10270000 variants (filtered 0)...
  Processed 10280000 variants (filtered 0)...
  Processed 10290000 variants (filtered 0)...
  Processed 10300000 variants (filtered 0)...
  Processed 10310000 variants (filtered 0)...
  Processed 10320000 variants (filtered 0)...
  Processed 10330000 variants (filtered 0)...
  Processed 10340000 variants (filtered 0)...
  Processed 10350000 variants (filtered 0)...
  Processed 10360000 variants (filtered 0)...
  Processed 10370000 variants (filtered 0)...
  Processed 10380000 variants (filtered 0)...
  Processed 10390000 variants (filtered 0)...
  Processed 10400000 variants (filtered 0)...
  Processed 10410000 variants (filtered 0)...
  Processed 10420000 variants (filtered 0)...
  Processed 10430000 variants (filtered 0)...
  Processed 10440000 variants (filtered 0)...
  Processed 10450000 variants (filtered 0)...
  Processed 10460000 variants (filtered 0)...
  Processed 10470000 variants (filtered 0)...
  Processed 10480000 variants (filtered 0)...
  Processed 10490000 variants (filtered 0)...
  Processed 10500000 variants (filtered 0)...
  Processed 10510000 variants (filtered 0)...
  Processed 10520000 variants (filtered 0)...
  Processed 10530000 variants (filtered 0)...
  Processed 10540000 variants (filtered 0)...
  Processed 10550000 variants (filtered 0)...
  Processed 10560000 variants (filtered 0)...
  Processed 10570000 variants (filtered 0)...
  Processed 10580000 variants (filtered 0)...
  Processed 10590000 variants (filtered 0)...
  Processed 10600000 variants (filtered 0)...
  Processed 10610000 variants (filtered 0)...
  Processed 10620000 variants (filtered 0)...
  Processed 10630000 variants (filtered 0)...
  Processed 10640000 variants (filtered 0)...
  Processed 10650000 variants (filtered 0)...
  Processed 10660000 variants (filtered 0)...
  Processed 10670000 variants (filtered 0)...
  Processed 10680000 variants (filtered 0)...
  Processed 10690000 variants (filtered 0)...
  Processed 10700000 variants (filtered 0)...
  Processed 10710000 variants (filtered 0)...
  Processed 10720000 variants (filtered 0)...
  Processed 10730000 variants (filtered 0)...
  Processed 10740000 variants (filtered 0)...
  Processed 10750000 variants (filtered 0)...
  Processed 10760000 variants (filtered 0)...
  Processed 10770000 variants (filtered 0)...
  Processed 10780000 variants (filtered 0)...
  Processed 10790000 variants (filtered 0)...
  Processed 10800000 variants (filtered 0)...
  Processed 10810000 variants (filtered 0)...
  Processed 10820000 variants (filtered 0)...
  Processed 10830000 variants (filtered 0)...
  Processed 10840000 variants (filtered 0)...
  Processed 10850000 variants (filtered 0)...
  Processed 10860000 variants (filtered 0)...
  Processed 10870000 variants (filtered 0)...
  Processed 10880000 variants (filtered 0)...
  Processed 10890000 variants (filtered 0)...
  Processed 10900000 variants (filtered 0)...
  Processed 10910000 variants (filtered 0)...
  Processed 10920000 variants (filtered 0)...
  Processed 10930000 variants (filtered 0)...
  Processed 10940000 variants (filtered 0)...
  Processed 10950000 variants (filtered 0)...
  Processed 10960000 variants (filtered 0)...
  Processed 10970000 variants (filtered 0)...
  Processed 10980000 variants (filtered 0)...
  Processed 10990000 variants (filtered 0)...
  Processed 11000000 variants (filtered 0)...
  Processed 11010000 variants (filtered 0)...
  Processed 11020000 variants (filtered 0)...
  Processed 11030000 variants (filtered 0)...
  Processed 11040000 variants (filtered 0)...
  Processed 11050000 variants (filtered 0)...
  Processed 11060000 variants (filtered 0)...
  Processed 11070000 variants (filtered 0)...
  Processed 11080000 variants (filtered 0)...
  Processed 11090000 variants (filtered 0)...
  Processed 11100000 variants (filtered 0)...
  Processed 11110000 variants (filtered 0)...
  Processed 11120000 variants (filtered 0)...
  Processed 11130000 variants (filtered 0)...
  Processed 11140000 variants (filtered 0)...
  Processed 11150000 variants (filtered 0)...
  Processed 11160000 variants (filtered 0)...
  Processed 11170000 variants (filtered 0)...
  Processed 11180000 variants (filtered 0)...
  Processed 11190000 variants (filtered 0)...
  Processed 11200000 variants (filtered 0)...
  Processed 11210000 variants (filtered 0)...
  Processed 11220000 variants (filtered 0)...
  Processed 11230000 variants (filtered 0)...
  Processed 11240000 variants (filtered 0)...
  Processed 11250000 variants (filtered 0)...
  Processed 11260000 variants (filtered 0)...
  Processed 11270000 variants (filtered 0)...
  Processed 11280000 variants (filtered 0)...
  Processed 11290000 variants (filtered 0)...
  Processed 11300000 variants (filtered 0)...
  Processed 11310000 variants (filtered 0)...
  Processed 11320000 variants (filtered 0)...
  Processed 11330000 variants (filtered 0)...
  Processed 11340000 variants (filtered 0)...
  Processed 11350000 variants (filtered 0)...
  Processed 11360000 variants (filtered 0)...
  Processed 11370000 variants (filtered 0)...
  Processed 11380000 variants (filtered 0)...
  Processed 11390000 variants (filtered 0)...
  Processed 11400000 variants (filtered 0)...
  Processed 11410000 variants (filtered 0)...
  Processed 11420000 variants (filtered 0)...
  Processed 11430000 variants (filtered 0)...
  Processed 11440000 variants (filtered 0)...
  Processed 11450000 variants (filtered 0)...
  Processed 11460000 variants (filtered 0)...
  Processed 11470000 variants (filtered 0)...
  Processed 11480000 variants (filtered 0)...
  Processed 11490000 variants (filtered 0)...
  Processed 11500000 variants (filtered 0)...
  Processed 11510000 variants (filtered 0)...
  Processed 11520000 variants (filtered 0)...
  Processed 11530000 variants (filtered 0)...
  Processed 11540000 variants (filtered 0)...
  Processed 11550000 variants (filtered 0)...
  Processed 11560000 variants (filtered 0)...
  Processed 11570000 variants (filtered 0)...
  Processed 11580000 variants (filtered 0)...
  Processed 11590000 variants (filtered 0)...
  Processed 11600000 variants (filtered 0)...
  Processed 11610000 variants (filtered 0)...
  Processed 11620000 variants (filtered 0)...
  Processed 11630000 variants (filtered 0)...
  Processed 11640000 variants (filtered 0)...
  Processed 11650000 variants (filtered 0)...
  Processed 11660000 variants (filtered 0)...
  Processed 11670000 variants (filtered 0)...
  Processed 11680000 variants (filtered 0)...
  Processed 11690000 variants (filtered 0)...
  Processed 11700000 variants (filtered 0)...
  Processed 11710000 variants (filtered 0)...
  Processed 11720000 variants (filtered 0)...
  Processed 11730000 variants (filtered 0)...
  Processed 11740000 variants (filtered 0)...
  Processed 11750000 variants (filtered 0)...
  Processed 11760000 variants (filtered 0)...
  Processed 11770000 variants (filtered 0)...
  Processed 11780000 variants (filtered 0)...
  Processed 11790000 variants (filtered 0)...
  Processed 11800000 variants (filtered 0)...
  Processed 11810000 variants (filtered 0)...
  Processed 11820000 variants (filtered 0)...
  Processed 11830000 variants (filtered 0)...
  Processed 11840000 variants (filtered 0)...
  Processed 11850000 variants (filtered 0)...
  Processed 11860000 variants (filtered 0)...
  Processed 11870000 variants (filtered 0)...
  Processed 11880000 variants (filtered 0)...
  Processed 11890000 variants (filtered 0)...
  Processed 11900000 variants (filtered 0)...
  Processed 11910000 variants (filtered 0)...
  Processed 11920000 variants (filtered 0)...
  Processed 11930000 variants (filtered 0)...
  Processed 11940000 variants (filtered 0)...
  Processed 11950000 variants (filtered 0)...
  Processed 11960000 variants (filtered 0)...
  Processed 11970000 variants (filtered 0)...
  Processed 11980000 variants (filtered 0)...
  Processed 11990000 variants (filtered 0)...
  Processed 12000000 variants (filtered 0)...
  Processed 12010000 variants (filtered 0)...
  Processed 12020000 variants (filtered 0)...
  Processed 12030000 variants (filtered 0)...
  Processed 12040000 variants (filtered 0)...
  Processed 12050000 variants (filtered 0)...
  Processed 12060000 variants (filtered 0)...
  Processed 12070000 variants (filtered 0)...
  Processed 12080000 variants (filtered 0)...
  Processed 12090000 variants (filtered 0)...
  Processed 12100000 variants (filtered 0)...
  Processed 12110000 variants (filtered 0)...
  Processed 12120000 variants (filtered 0)...
  Processed 12130000 variants (filtered 0)...
  Processed 12140000 variants (filtered 0)...
  Processed 12150000 variants (filtered 0)...
  Processed 12160000 variants (filtered 0)...
  Processed 12170000 variants (filtered 0)...
  Processed 12180000 variants (filtered 0)...
  Processed 12190000 variants (filtered 0)...
  Processed 12200000 variants (filtered 0)...
  Processed 12210000 variants (filtered 0)...
  Processed 12220000 variants (filtered 0)...
  Processed 12230000 variants (filtered 0)...
  Processed 12240000 variants (filtered 0)...
  Processed 12250000 variants (filtered 0)...
  Processed 12260000 variants (filtered 0)...
  Processed 12270000 variants (filtered 0)...
  Processed 12280000 variants (filtered 0)...
  Processed 12290000 variants (filtered 0)...
  Processed 12300000 variants (filtered 0)...
  Processed 12310000 variants (filtered 0)...
  Processed 12320000 variants (filtered 0)...
  Processed 12330000 variants (filtered 0)...
  Processed 12340000 variants (filtered 0)...
  Processed 12350000 variants (filtered 0)...
  Processed 12360000 variants (filtered 0)...
  Processed 12370000 variants (filtered 0)...
  Processed 12380000 variants (filtered 0)...
  Processed 12390000 variants (filtered 0)...
  Processed 12400000 variants (filtered 0)...
  Processed 12410000 variants (filtered 0)...
  Processed 12420000 variants (filtered 0)...
  Processed 12430000 variants (filtered 0)...
  Processed 12440000 variants (filtered 0)...
  Processed 12450000 variants (filtered 0)...
  Processed 12460000 variants (filtered 0)...
  Processed 12470000 variants (filtered 0)...
  Processed 12480000 variants (filtered 0)...
  Processed 12490000 variants (filtered 0)...
  Processed 12500000 variants (filtered 0)...
  Processed 12510000 variants (filtered 0)...
  Processed 12520000 variants (filtered 0)...
  Processed 12530000 variants (filtered 0)...
  Processed 12540000 variants (filtered 0)...
  Processed 12550000 variants (filtered 0)...
  Processed 12560000 variants (filtered 0)...
  Processed 12570000 variants (filtered 0)...
  Processed 12580000 variants (filtered 0)...
  Processed 12590000 variants (filtered 0)...
  Processed 12600000 variants (filtered 0)...
  Processed 12610000 variants (filtered 0)...
  Processed 12620000 variants (filtered 0)...
  Processed 12630000 variants (filtered 0)...
  Processed 12640000 variants (filtered 0)...
  Processed 12650000 variants (filtered 0)...
  Processed 12660000 variants (filtered 0)...
  Processed 12670000 variants (filtered 0)...
  Processed 12680000 variants (filtered 0)...
  Processed 12690000 variants (filtered 0)...
  Processed 12700000 variants (filtered 0)...
  Processed 12710000 variants (filtered 0)...
  Processed 12720000 variants (filtered 0)...
  Processed 12730000 variants (filtered 0)...
  Processed 12740000 variants (filtered 0)...
  Processed 12750000 variants (filtered 0)...
  Processed 12760000 variants (filtered 0)...
  Processed 12770000 variants (filtered 0)...
  Processed 12780000 variants (filtered 0)...
  Processed 12790000 variants (filtered 0)...
  Processed 12800000 variants (filtered 0)...
  Processed 12810000 variants (filtered 0)...
  Processed 12820000 variants (filtered 0)...
  Processed 12830000 variants (filtered 0)...
  Processed 12840000 variants (filtered 0)...
  Processed 12850000 variants (filtered 0)...
  Processed 12860000 variants (filtered 0)...
  Processed 12870000 variants (filtered 0)...
  Processed 12880000 variants (filtered 0)...
  Processed 12890000 variants (filtered 0)...
  Processed 12900000 variants (filtered 0)...
  Processed 12910000 variants (filtered 0)...
  Processed 12920000 variants (filtered 0)...
  Processed 12930000 variants (filtered 0)...
  Processed 12940000 variants (filtered 0)...
  Processed 12950000 variants (filtered 0)...
  Processed 12960000 variants (filtered 0)...
  Processed 12970000 variants (filtered 0)...
  Processed 12980000 variants (filtered 0)...
  Processed 12990000 variants (filtered 0)...
  Processed 13000000 variants (filtered 0)...
  Processed 13010000 variants (filtered 0)...
  Processed 13020000 variants (filtered 0)...
  Processed 13030000 variants (filtered 0)...
  Processed 13040000 variants (filtered 0)...
  Processed 13050000 variants (filtered 0)...
  Processed 13060000 variants (filtered 0)...
  Processed 13070000 variants (filtered 0)...
  Processed 13080000 variants (filtered 0)...
  Processed 13090000 variants (filtered 0)...
  Processed 13100000 variants (filtered 0)...
  Processed 13110000 variants (filtered 0)...
  Processed 13120000 variants (filtered 0)...
  Processed 13130000 variants (filtered 0)...
  Processed 13140000 variants (filtered 0)...
  Processed 13150000 variants (filtered 0)...
Total variants processed: 13153792 (filtered out: 0)
Writing sequences to /faststorage/project/EcoGenetics/people/jilong/local_adaptation/pop_phylo/steps/EntNic/bootstrap_sequences/phylo_sequences_rep002.fasta...
Written 41 concatenated sequences of length 13153792 to /faststorage/project/EcoGenetics/people/jilong/local_adaptation/pop_phylo/steps/EntNic/bootstrap_sequences/phylo_sequences_rep002.fasta

Bootstrap sampling completed!
FINISH: Wed Aug 27 03:36:08 PM CEST 2025
Name                : EntNic_bootstrap_sampling
User                : jilong
Account             : spider2
Partition           : short
Nodes               : s21n74
Cores               : 1
GPUs                : 0
State               : RUNNING
ExitCode            : --
Submit              : 2025-08-27T15:13:46
Start               : 2025-08-27T15:13:47
End                 : --
Waited              : 00:00:01
Reserved walltime   : 12:00:00
Used walltime       : 00:22:21
Used CPU time       : 00:00:00
% User (Computation): --
% System (I/O)      : --
Mem reserved        : 8G
Max Mem used        : 4.06G (s21n74)
Max Disk Write      : 1.02G (s21n74)
Max Disk Read       : 239.77G (s21n74)
