Query	Entry	Entry_Name	Protein_Name	Gene_Names	Organism	GO_IDs	GO_Terms	GO_Evidence	Status
A0A1D2MRQ9	A0A1D2MRQ9	A0A1D2MRQ9_ORCCI	FMRFamide receptor	NA	Orchesella cincta	GO:0016020;GO:0004930	C:membrane;F:G protein-coupled receptor activity	IEA:UniProtKB-SubCell;IEA:InterPro	Success
A0A1D2NMV6	A0A1D2NMV6	A0A1D2NMV6_ORCCI	F-box domain-containing protein	NA	Orchesella cincta	NA	NA	NA	Success
A0A1D2N6I4	A0A1D2N6I4	A0A1D2N6I4_ORCCI	DBH-like monooxygenase protein 2	NA	Orchesella cincta	GO:0005615;GO:0030667;GO:0005507;GO:0004500;GO:0042420;GO:0042421;GO:0006589	C:extracellular space;C:secretory granule membrane;F:copper ion binding;F:dopamine beta-monooxygenase activity;P:dopamine catabolic process;P:norepinephrine biosynthetic process;P:octopamine biosynthetic process	IEA:TreeGrafter;IEA:TreeGrafter;IEA:InterPro;IEA:InterPro;IEA:TreeGrafter;IEA:TreeGrafter;IEA:TreeGrafter	Success
A0A1D2MNZ5	A0A1D2MNZ5	A0A1D2MNZ5_ORCCI	Probable RNA-binding protein EIF1AD	NA	Orchesella cincta	GO:0005634;GO:0003723;GO:0003743	C:nucleus;F:RNA binding;F:translation initiation factor activity	IEA:TreeGrafter;IEA:UniProtKB-KW;IEA:UniProtKB-UniRule	Success
A0A1D2N0E9	A0A1D2N0E9	A0A1D2N0E9_ORCCI	50S ribosomal protein L9	NA	Orchesella cincta	GO:0005840	C:ribosome	IEA:UniProtKB-KW	Success
A0A1D2MXX5	A0A1D2MXX5	A0A1D2MXX5_ORCCI	Endothelial lipase	NA	Orchesella cincta	GO:0005615;GO:0016020;GO:0016298;GO:0017171;GO:0016042	C:extracellular space;C:membrane;F:lipase activity;F:serine hydrolase activity;P:lipid catabolic process	IEA:TreeGrafter;IEA:UniProtKB-KW;IEA:InterPro;IEA:TreeGrafter;IEA:TreeGrafter	Success
A0A1D2N9J8	A0A1D2N9J8	A0A1D2N9J8_ORCCI	Pancreatic lipase-related protein 2	NA	Orchesella cincta	GO:0005615;GO:0016298;GO:0016042	C:extracellular space;F:lipase activity;P:lipid catabolic process	IEA:TreeGrafter;IEA:InterPro;IEA:TreeGrafter	Success
A0A1D2N9J8	A0A1D2N9J8	A0A1D2N9J8_ORCCI	Pancreatic lipase-related protein 2	NA	Orchesella cincta	GO:0005615;GO:0016298;GO:0016042	C:extracellular space;F:lipase activity;P:lipid catabolic process	IEA:TreeGrafter;IEA:InterPro;IEA:TreeGrafter	Success
A0A1D2N9J8	A0A1D2N9J8	A0A1D2N9J8_ORCCI	Pancreatic lipase-related protein 2	NA	Orchesella cincta	GO:0005615;GO:0016298;GO:0016042	C:extracellular space;F:lipase activity;P:lipid catabolic process	IEA:TreeGrafter;IEA:InterPro;IEA:TreeGrafter	Success
A0A1D2N9J8	A0A1D2N9J8	A0A1D2N9J8_ORCCI	Pancreatic lipase-related protein 2	NA	Orchesella cincta	GO:0005615;GO:0016298;GO:0016042	C:extracellular space;F:lipase activity;P:lipid catabolic process	IEA:TreeGrafter;IEA:InterPro;IEA:TreeGrafter	Success
A0A1D2MFW8	A0A1D2MFW8	A0A1D2MFW8_ORCCI	TD and POZ domain-containing protein 4	NA	Orchesella cincta	NA	NA	NA	Success
A0A1D2NHT6	A0A1D2NHT6	A0A1D2NHT6_ORCCI	Chromobox protein 5	NA	Orchesella cincta	GO:0000792;GO:0005634	C:heterochromatin;C:nucleus	IEA:UniProtKB-ARBA;IEA:UniProtKB-SubCell	Success
A0A1D2MG19	A0A1D2MG19	A0A1D2MG19_ORCCI	Matrilysin	NA	Orchesella cincta	GO:0031012;GO:0016020;GO:0004222;GO:0008270;GO:0030574;GO:0030198;GO:0006508	C:extracellular matrix;C:membrane;F:metalloendopeptidase activity;F:zinc ion binding;P:collagen catabolic process;P:extracellular matrix organization;P:proteolysis	IEA:InterPro;IEA:UniProtKB-KW;IEA:InterPro;IEA:InterPro;IEA:TreeGrafter;IEA:TreeGrafter;IEA:UniProtKB-KW	Success
A0A1D2M307	A0A1D2M307	A0A1D2M307_ORCCI	F-box domain-containing protein	NA	Orchesella cincta	NA	NA	NA	Success
A0A1D2ML21	A0A1D2ML21	A0A1D2ML21_ORCCI	Juvenile hormone acid O-methyltransferase	NA	Orchesella cincta	GO:0008168;GO:0032259	F:methyltransferase activity;P:methylation	IEA:UniProtKB-KW;IEA:UniProtKB-KW	Success
A0A1D2MAK1	A0A1D2MAK1	A0A1D2MAK1_ORCCI	non-specific serine/threonine protein kinase	NA	Orchesella cincta	GO:1990604;GO:0005524;GO:0004674;GO:0004521;GO:0051082;GO:0070059;GO:0036498;GO:0006397	C:IRE1-TRAF2-ASK1 complex;F:ATP binding;F:protein serine/threonine kinase activity;F:RNA endonuclease activity;F:unfolded protein binding;P:intrinsic apoptotic signaling pathway in response to endoplasmic reticulum stress;P:IRE1-mediated unfolded protein response;P:mRNA processing	IEA:TreeGrafter;IEA:UniProtKB-KW;IEA:InterPro;IEA:InterPro;IEA:TreeGrafter;IEA:TreeGrafter;IEA:TreeGrafter;IEA:InterPro	Success
A0A1D2MFW8	A0A1D2MFW8	A0A1D2MFW8_ORCCI	TD and POZ domain-containing protein 4	NA	Orchesella cincta	NA	NA	NA	Success
A0A1D2MFW8	A0A1D2MFW8	A0A1D2MFW8_ORCCI	TD and POZ domain-containing protein 4	NA	Orchesella cincta	NA	NA	NA	Success
A0A1D2M8J9	A0A1D2M8J9	A0A1D2M8J9_ORCCI	Putative E3 ubiquitin-protein ligase SINA-like 6	NA	Orchesella cincta	GO:0005737;GO:0061630;GO:0008270	C:cytoplasm;F:ubiquitin protein ligase activity;F:zinc ion binding	IEA:TreeGrafter;IEA:TreeGrafter;IEA:UniProtKB-KW	Success
A0A1D2MAK1	A0A1D2MAK1	A0A1D2MAK1_ORCCI	non-specific serine/threonine protein kinase	NA	Orchesella cincta	GO:1990604;GO:0005524;GO:0004674;GO:0004521;GO:0051082;GO:0070059;GO:0036498;GO:0006397	C:IRE1-TRAF2-ASK1 complex;F:ATP binding;F:protein serine/threonine kinase activity;F:RNA endonuclease activity;F:unfolded protein binding;P:intrinsic apoptotic signaling pathway in response to endoplasmic reticulum stress;P:IRE1-mediated unfolded protein response;P:mRNA processing	IEA:TreeGrafter;IEA:UniProtKB-KW;IEA:InterPro;IEA:InterPro;IEA:TreeGrafter;IEA:TreeGrafter;IEA:TreeGrafter;IEA:InterPro	Success
A0A1D2ML21	A0A1D2ML21	A0A1D2ML21_ORCCI	Juvenile hormone acid O-methyltransferase	NA	Orchesella cincta	GO:0008168;GO:0032259	F:methyltransferase activity;P:methylation	IEA:UniProtKB-KW;IEA:UniProtKB-KW	Success
A0A1D2MFW8	A0A1D2MFW8	A0A1D2MFW8_ORCCI	TD and POZ domain-containing protein 4	NA	Orchesella cincta	NA	NA	NA	Success
A0A1D2MFW8	A0A1D2MFW8	A0A1D2MFW8_ORCCI	TD and POZ domain-containing protein 4	NA	Orchesella cincta	NA	NA	NA	Success
A0A1D2MFW8	A0A1D2MFW8	A0A1D2MFW8_ORCCI	TD and POZ domain-containing protein 4	NA	Orchesella cincta	NA	NA	NA	Success
A0A1D2MAK1	A0A1D2MAK1	A0A1D2MAK1_ORCCI	non-specific serine/threonine protein kinase	NA	Orchesella cincta	GO:1990604;GO:0005524;GO:0004674;GO:0004521;GO:0051082;GO:0070059;GO:0036498;GO:0006397	C:IRE1-TRAF2-ASK1 complex;F:ATP binding;F:protein serine/threonine kinase activity;F:RNA endonuclease activity;F:unfolded protein binding;P:intrinsic apoptotic signaling pathway in response to endoplasmic reticulum stress;P:IRE1-mediated unfolded protein response;P:mRNA processing	IEA:TreeGrafter;IEA:UniProtKB-KW;IEA:InterPro;IEA:InterPro;IEA:TreeGrafter;IEA:TreeGrafter;IEA:TreeGrafter;IEA:InterPro	Success
A0A1D2ML21	A0A1D2ML21	A0A1D2ML21_ORCCI	Juvenile hormone acid O-methyltransferase	NA	Orchesella cincta	GO:0008168;GO:0032259	F:methyltransferase activity;P:methylation	IEA:UniProtKB-KW;IEA:UniProtKB-KW	Success
A0A1D2NFG0	A0A1D2NFG0	A0A1D2NFG0_ORCCI	Uncharacterized protein	NA	Orchesella cincta	NA	NA	NA	Success
A0A1D2MDR9	A0A1D2MDR9	A0A1D2MDR9_ORCCI	Putative zinc finger protein	NA	Orchesella cincta	GO:0008270	F:zinc ion binding	IEA:UniProtKB-KW	Success
A0A1D2MBI7	A0A1D2MBI7	A0A1D2MBI7_ORCCI	Transcriptional protein SWT1	NA	Orchesella cincta	GO:0005634	C:nucleus	IEA:TreeGrafter	Success
A0A1D2NHT6	A0A1D2NHT6	A0A1D2NHT6_ORCCI	Chromobox protein 5	NA	Orchesella cincta	GO:0000792;GO:0005634	C:heterochromatin;C:nucleus	IEA:UniProtKB-ARBA;IEA:UniProtKB-SubCell	Success
A0A1D2MHK5	A0A1D2MHK5	A0A1D2MHK5_ORCCI	Putative RNA-directed DNA polymerase from transposon BS	NA	Orchesella cincta	GO:0003964	F:RNA-directed DNA polymerase activity	IEA:UniProtKB-KW	Success
A0A1D2NHT6	A0A1D2NHT6	A0A1D2NHT6_ORCCI	Chromobox protein 5	NA	Orchesella cincta	GO:0000792;GO:0005634	C:heterochromatin;C:nucleus	IEA:UniProtKB-ARBA;IEA:UniProtKB-SubCell	Success
A0A1D2MPS9	A0A1D2MPS9	A0A1D2MPS9_ORCCI	DNA-directed RNA polymerase subunit	NA	Orchesella cincta	GO:0005739;GO:0005665;GO:0003677;GO:0003899;GO:0046872;GO:0006366	C:mitochondrion;C:RNA polymerase II, core complex;F:DNA binding;F:DNA-directed RNA polymerase activity;F:metal ion binding;P:transcription by RNA polymerase II	IEA:GOC;IEA:TreeGrafter;IEA:UniProtKB-KW;IEA:UniProtKB-EC;IEA:UniProtKB-KW;IEA:InterPro	Success
A0A1D2M1B3	A0A1D2M1B3	A0A1D2M1B3_ORCCI	Uncharacterized protein	NA	Orchesella cincta	NA	NA	NA	Success
A0A1D2MSN0	A0A1D2MSN0	A0A1D2MSN0_ORCCI	Putative RNA-binding protein EEED8.10	NA	Orchesella cincta	NA	NA	NA	Success
A0A1D2M4Z0	A0A1D2M4Z0	A0A1D2M4Z0_ORCCI	Putative zinc finger protein	NA	Orchesella cincta	GO:0005634;GO:0008270;GO:0010468	C:nucleus;F:zinc ion binding;P:regulation of gene expression	IEA:UniProtKB-SubCell;IEA:UniProtKB-KW;IEA:TreeGrafter	Success
A0A1D2M9X0	A0A1D2M9X0	A0A1D2M9X0_ORCCI	Metalloendopeptidase	NA	Orchesella cincta	GO:0004222;GO:0008270;GO:0006508	F:metalloendopeptidase activity;F:zinc ion binding;P:proteolysis	IEA:UniProtKB-UniRule;IEA:UniProtKB-UniRule;IEA:UniProtKB-KW	Success
A0A1D2MD79	A0A1D2MD79	A0A1D2MD79_ORCCI	Putative zinc finger protein	NA	Orchesella cincta	GO:0005634;GO:0001228;GO:0000978;GO:0008270	C:nucleus;F:DNA-binding transcription activator activity, RNA polymerase II-specific;F:RNA polymerase II cis-regulatory region sequence-specific DNA binding;F:zinc ion binding	IEA:UniProtKB-SubCell;IEA:TreeGrafter;IEA:TreeGrafter;IEA:UniProtKB-KW	Success
A0A1D2MG19	A0A1D2MG19	A0A1D2MG19_ORCCI	Matrilysin	NA	Orchesella cincta	GO:0031012;GO:0016020;GO:0004222;GO:0008270;GO:0030574;GO:0030198;GO:0006508	C:extracellular matrix;C:membrane;F:metalloendopeptidase activity;F:zinc ion binding;P:collagen catabolic process;P:extracellular matrix organization;P:proteolysis	IEA:InterPro;IEA:UniProtKB-KW;IEA:InterPro;IEA:InterPro;IEA:TreeGrafter;IEA:TreeGrafter;IEA:UniProtKB-KW	Success
A0A1D2MJ33	A0A1D2MJ33	A0A1D2MJ33_ORCCI	MARVEL domain-containing protein	NA	Orchesella cincta	GO:0016020	C:membrane	IEA:UniProtKB-KW	Success
A0A1D2NMH8	A0A1D2NMH8	A0A1D2NMH8_ORCCI	Folylpolyglutamate synthase	NA	Orchesella cincta	GO:0005829;GO:0005743;GO:0005759;GO:0005524;GO:0046872;GO:0004326;GO:0006730	C:cytosol;C:mitochondrial inner membrane;C:mitochondrial matrix;F:ATP binding;F:metal ion binding;F:tetrahydrofolylpolyglutamate synthase activity;P:one-carbon metabolic process	IEA:TreeGrafter;IEA:UniProtKB-SubCell;IEA:UniProtKB-SubCell;IEA:UniProtKB-KW;IEA:UniProtKB-KW;IEA:UniProtKB-EC;IEA:UniProtKB-KW	Success
A0A1D2MAL6	A0A1D2MAL6	A0A1D2MAL6_ORCCI	Uncharacterized protein	NA	Orchesella cincta	GO:0016020;GO:0020037;GO:0005506;GO:0004508;GO:0042446;GO:0042448	C:membrane;F:heme binding;F:iron ion binding;F:steroid 17-alpha-monooxygenase activity;P:hormone biosynthetic process;P:progesterone metabolic process	IEA:UniProtKB-KW;IEA:InterPro;IEA:InterPro;IEA:TreeGrafter;IEA:TreeGrafter;IEA:TreeGrafter	Success
A0A1D2MBU6	A0A1D2MBU6	A0A1D2MBU6_ORCCI	Glucose dehydrogenase [FAD, quinone]	NA	Orchesella cincta	GO:0016020;GO:0050660;GO:0016614	C:membrane;F:flavin adenine dinucleotide binding;F:oxidoreductase activity, acting on CH-OH group of donors	IEA:UniProtKB-KW;IEA:InterPro;IEA:InterPro	Success
A0A1D2MHA5	A0A1D2MHA5	A0A1D2MHA5_ORCCI	Uncharacterized protein	NA	Orchesella cincta	NA	NA	NA	Success
A0A1D2MG19	A0A1D2MG19	A0A1D2MG19_ORCCI	Matrilysin	NA	Orchesella cincta	GO:0031012;GO:0016020;GO:0004222;GO:0008270;GO:0030574;GO:0030198;GO:0006508	C:extracellular matrix;C:membrane;F:metalloendopeptidase activity;F:zinc ion binding;P:collagen catabolic process;P:extracellular matrix organization;P:proteolysis	IEA:InterPro;IEA:UniProtKB-KW;IEA:InterPro;IEA:InterPro;IEA:TreeGrafter;IEA:TreeGrafter;IEA:UniProtKB-KW	Success
A0A1D2MG19	A0A1D2MG19	A0A1D2MG19_ORCCI	Matrilysin	NA	Orchesella cincta	GO:0031012;GO:0016020;GO:0004222;GO:0008270;GO:0030574;GO:0030198;GO:0006508	C:extracellular matrix;C:membrane;F:metalloendopeptidase activity;F:zinc ion binding;P:collagen catabolic process;P:extracellular matrix organization;P:proteolysis	IEA:InterPro;IEA:UniProtKB-KW;IEA:InterPro;IEA:InterPro;IEA:TreeGrafter;IEA:TreeGrafter;IEA:UniProtKB-KW	Success
A0A1D2NDF5	A0A1D2NDF5	A0A1D2NDF5_ORCCI	Putative vitellogenin receptor	NA	Orchesella cincta	GO:0016324;GO:0005576;GO:0043235;GO:0005509;GO:0008061;GO:0042562;GO:0006898	C:apical plasma membrane;C:extracellular region;C:receptor complex;F:calcium ion binding;F:chitin binding;F:hormone binding;P:receptor-mediated endocytosis	IEA:TreeGrafter;IEA:InterPro;IEA:TreeGrafter;IEA:InterPro;IEA:InterPro;IEA:TreeGrafter;IEA:TreeGrafter	Success
A0A1D2MB83	A0A1D2MB83	A0A1D2MB83_ORCCI	Low-density lipoprotein receptor-related protein 4	NA	Orchesella cincta	NA	NA	NA	Success
A0A1D2M9W2	A0A1D2M9W2	A0A1D2M9W2_ORCCI	BTB/POZ domain-containing protein	NA	Orchesella cincta	NA	NA	NA	Success
A0A1D2MTZ4	A0A1D2MTZ4	A0A1D2MTZ4_ORCCI	BTB and MATH domain-containing protein 42	NA	Orchesella cincta	NA	NA	NA	Success
A0A1D2M9W2	A0A1D2M9W2	A0A1D2M9W2_ORCCI	BTB/POZ domain-containing protein	NA	Orchesella cincta	NA	NA	NA	Success
A0A1D2MFA2	A0A1D2MFA2	A0A1D2MFA2_ORCCI	Endonuclease G, mitochondrial	NA	Orchesella cincta	GO:0004519;GO:0046872;GO:0003676	F:endonuclease activity;F:metal ion binding;F:nucleic acid binding	IEA:UniProtKB-KW;IEA:UniProtKB-KW;IEA:InterPro	Success
A0A1D2NMY1	A0A1D2NMY1	A0A1D2NMY1_ORCCI	A disintegrin and metalloproteinase with thrombospondin motifs 17	NA	Orchesella cincta	GO:0046872;GO:0004222;GO:0007229;GO:0006509	F:metal ion binding;F:metalloendopeptidase activity;P:integrin-mediated signaling pathway;P:membrane protein ectodomain proteolysis	IEA:UniProtKB-KW;IEA:InterPro;IEA:UniProtKB-KW;IEA:TreeGrafter	Success
A0A1D2M5Q3	A0A1D2M5Q3	A0A1D2M5Q3_ORCCI	Acyl-CoA Delta(11) desaturase	NA	Orchesella cincta	GO:0005789;GO:0005506;GO:0004768;GO:0006636	C:endoplasmic reticulum membrane;F:iron ion binding;F:stearoyl-CoA 9-desaturase activity;P:unsaturated fatty acid biosynthetic process	IEA:TreeGrafter;IEA:TreeGrafter;IEA:TreeGrafter;IEA:TreeGrafter	Success
A0A1D2MB60	A0A1D2MB60	A0A1D2MB60_ORCCI	Glycosyltransferase family 92 protein	NA	Orchesella cincta	GO:0005737;GO:0016020;GO:0016757;GO:0070085	C:cytoplasm;C:membrane;F:glycosyltransferase activity;P:glycosylation	IEA:TreeGrafter;IEA:UniProtKB-SubCell;IEA:UniProtKB-UniRule;IEA:TreeGrafter	Success
A0A1D2MWP6	A0A1D2MWP6	A0A1D2MWP6_ORCCI	Sodium-coupled monocarboxylate transporter 2	NA	Orchesella cincta	GO:0005886;GO:0015293;GO:0006814	C:plasma membrane;F:symporter activity;P:sodium ion transport	IEA:UniProtKB-SubCell;IEA:TreeGrafter;IEA:UniProtKB-KW	Success
A0A1D2M1H4	A0A1D2M1H4	A0A1D2M1H4_ORCCI	Protein maternal effect lethal 26	NA	Orchesella cincta	NA	NA	NA	Success
A0A1D2M1L8	A0A1D2M1L8	A0A1D2M1L8_ORCCI	Heat shock 70 kDa protein	NA	Orchesella cincta	GO:0005524;GO:0140662	F:ATP binding;F:ATP-dependent protein folding chaperone	IEA:UniProtKB-KW;IEA:InterPro	Success
A0A1D2NDF5	A0A1D2NDF5	A0A1D2NDF5_ORCCI	Putative vitellogenin receptor	NA	Orchesella cincta	GO:0016324;GO:0005576;GO:0043235;GO:0005509;GO:0008061;GO:0042562;GO:0006898	C:apical plasma membrane;C:extracellular region;C:receptor complex;F:calcium ion binding;F:chitin binding;F:hormone binding;P:receptor-mediated endocytosis	IEA:TreeGrafter;IEA:InterPro;IEA:TreeGrafter;IEA:InterPro;IEA:InterPro;IEA:TreeGrafter;IEA:TreeGrafter	Success
A0A1D2MPE4	A0A1D2MPE4	A0A1D2MPE4_ORCCI	BTB/POZ domain-containing protein	NA	Orchesella cincta	GO:0016020	C:membrane	IEA:UniProtKB-KW	Success
A0A1D2N845	A0A1D2N845	A0A1D2N845_ORCCI	Uncharacterized protein	NA	Orchesella cincta	NA	NA	NA	Success
A0A1D2MTZ4	A0A1D2MTZ4	A0A1D2MTZ4_ORCCI	BTB and MATH domain-containing protein 42	NA	Orchesella cincta	NA	NA	NA	Success
A0A1D2MSW3	A0A1D2MSW3	A0A1D2MSW3_ORCCI	Protein PRY1	NA	Orchesella cincta	GO:0016020	C:membrane	IEA:UniProtKB-KW	Success
A0A1D2MKC9	A0A1D2MKC9	A0A1D2MKC9_ORCCI	Gastrula zinc finger protein XlCGF48.2	NA	Orchesella cincta	GO:0005634;GO:0000981;GO:0000978;GO:0008270	C:nucleus;F:DNA-binding transcription factor activity, RNA polymerase II-specific;F:RNA polymerase II cis-regulatory region sequence-specific DNA binding;F:zinc ion binding	IEA:UniProtKB-SubCell;IEA:TreeGrafter;IEA:TreeGrafter;IEA:UniProtKB-KW	Success
A0A1D2MG19	A0A1D2MG19	A0A1D2MG19_ORCCI	Matrilysin	NA	Orchesella cincta	GO:0031012;GO:0016020;GO:0004222;GO:0008270;GO:0030574;GO:0030198;GO:0006508	C:extracellular matrix;C:membrane;F:metalloendopeptidase activity;F:zinc ion binding;P:collagen catabolic process;P:extracellular matrix organization;P:proteolysis	IEA:InterPro;IEA:UniProtKB-KW;IEA:InterPro;IEA:InterPro;IEA:TreeGrafter;IEA:TreeGrafter;IEA:UniProtKB-KW	Success
A0A1D2M734	A0A1D2M734	A0A1D2M734_ORCCI	BTB/POZ domain-containing protein	NA	Orchesella cincta	NA	NA	NA	Success
A0A1D2MPE4	A0A1D2MPE4	A0A1D2MPE4_ORCCI	BTB/POZ domain-containing protein	NA	Orchesella cincta	GO:0016020	C:membrane	IEA:UniProtKB-KW	Success
A0A1D2M9W2	A0A1D2M9W2	A0A1D2M9W2_ORCCI	BTB/POZ domain-containing protein	NA	Orchesella cincta	NA	NA	NA	Success
A0A1D2MEI9	A0A1D2MEI9	A0A1D2MEI9_ORCCI	Poly(A) RNA polymerase cid13	NA	Orchesella cincta	GO:0016779;GO:0031123	F:nucleotidyltransferase activity;P:RNA 3'-end processing	IEA:TreeGrafter;IEA:TreeGrafter	Success
A0A1D2MEI9	A0A1D2MEI9	A0A1D2MEI9_ORCCI	Poly(A) RNA polymerase cid13	NA	Orchesella cincta	GO:0016779;GO:0031123	F:nucleotidyltransferase activity;P:RNA 3'-end processing	IEA:TreeGrafter;IEA:TreeGrafter	Success
A0A1D2MHC9	A0A1D2MHC9	A0A1D2MHC9_ORCCI	Uncharacterized protein	NA	Orchesella cincta	NA	NA	NA	Success
A0A1D2MB75	A0A1D2MB75	A0A1D2MB75_ORCCI	Heat shock 70 kDa protein cognate 4	NA	Orchesella cincta	GO:0005524;GO:0140662	F:ATP binding;F:ATP-dependent protein folding chaperone	IEA:UniProtKB-KW;IEA:InterPro	Success
A0A1D2NER2	A0A1D2NER2	A0A1D2NER2_ORCCI	UDP-glucuronosyltransferase	NA	Orchesella cincta	GO:0016020;GO:0015020	C:membrane;F:glucuronosyltransferase activity	IEA:UniProtKB-SubCell;IEA:UniProtKB-EC	Success
A0A1D2M4L8	A0A1D2M4L8	A0A1D2M4L8_ORCCI	UDP-glucuronosyltransferase 1-7C	NA	Orchesella cincta	GO:0016020;GO:0008194	C:membrane;F:UDP-glycosyltransferase activity	IEA:UniProtKB-KW;IEA:InterPro	Success
A0A1D2N1Y0	A0A1D2N1Y0	A0A1D2N1Y0_ORCCI	Fibroblast growth factor receptor	NA	Orchesella cincta	GO:0005886;GO:0043235;GO:0005524;GO:0004568;GO:0004714;GO:0007169;GO:0016998;GO:0006032	C:plasma membrane;C:receptor complex;F:ATP binding;F:chitinase activity;F:transmembrane receptor protein tyrosine kinase activity;P:cell surface receptor protein tyrosine kinase signaling pathway;P:cell wall macromolecule catabolic process;P:chitin catabolic process	IEA:TreeGrafter;IEA:TreeGrafter;IEA:UniProtKB-UniRule;IEA:InterPro;IEA:TreeGrafter;IEA:TreeGrafter;IEA:InterPro;IEA:InterPro	Success
A0A1D2M0J6	A0A1D2M0J6	A0A1D2M0J6_ORCCI	Transcriptional regulator ADR1	NA	Orchesella cincta	GO:0008270	F:zinc ion binding	IEA:UniProtKB-KW	Success
A0A1D2N0J5	A0A1D2N0J5	A0A1D2N0J5_ORCCI	Alkaline phosphatase	NA	Orchesella cincta	GO:0004035;GO:0046872	F:alkaline phosphatase activity;F:metal ion binding	IEA:UniProtKB-EC;IEA:UniProtKB-KW	Success
A0A1D2MG19	A0A1D2MG19	A0A1D2MG19_ORCCI	Matrilysin	NA	Orchesella cincta	GO:0031012;GO:0016020;GO:0004222;GO:0008270;GO:0030574;GO:0030198;GO:0006508	C:extracellular matrix;C:membrane;F:metalloendopeptidase activity;F:zinc ion binding;P:collagen catabolic process;P:extracellular matrix organization;P:proteolysis	IEA:InterPro;IEA:UniProtKB-KW;IEA:InterPro;IEA:InterPro;IEA:TreeGrafter;IEA:TreeGrafter;IEA:UniProtKB-KW	Success
A0A1D2NHW2	A0A1D2NHW2	A0A1D2NHW2_ORCCI	Uncharacterized protein	NA	Orchesella cincta	GO:0016020	C:membrane	IEA:UniProtKB-KW	Success
A0A1D2NHW2	A0A1D2NHW2	A0A1D2NHW2_ORCCI	Uncharacterized protein	NA	Orchesella cincta	GO:0016020	C:membrane	IEA:UniProtKB-KW	Success
A0A1D2MSN0	A0A1D2MSN0	A0A1D2MSN0_ORCCI	Putative RNA-binding protein EEED8.10	NA	Orchesella cincta	NA	NA	NA	Success
A0A1D2N0C3	A0A1D2N0C3	A0A1D2N0C3_ORCCI	Lovastatin diketide synthase LovF	NA	Orchesella cincta	GO:0004315;GO:0016491;GO:0031177;GO:0006633	F:3-oxoacyl-[acyl-carrier-protein] synthase activity;F:oxidoreductase activity;F:phosphopantetheine binding;P:fatty acid biosynthetic process	IEA:InterPro;IEA:InterPro;IEA:InterPro;IEA:UniProtKB-UniPathway	Success
A0A1D2MAD0	A0A1D2MAD0	A0A1D2MAD0_ORCCI	Cytochrome P450 4c3	NA	Orchesella cincta	GO:0005789;GO:0020037;GO:0005506;GO:0004497;GO:0016705	C:endoplasmic reticulum membrane;F:heme binding;F:iron ion binding;F:monooxygenase activity;F:oxidoreductase activity, acting on paired donors, with incorporation or reduction of molecular oxygen	IEA:UniProtKB-SubCell;IEA:InterPro;IEA:InterPro;IEA:UniProtKB-KW;IEA:InterPro	Success
A0A1D2M6S6	A0A1D2M6S6	A0A1D2M6S6_ORCCI	Putative transposase-like protein	NA	Orchesella cincta	NA	NA	NA	Success
A0A1D2NHG0	A0A1D2NHG0	A0A1D2NHG0_ORCCI	RanBP-type and C3HC4-type zinc finger-containing protein 1	NA	Orchesella cincta	GO:0071797;GO:0043130;GO:0004842;GO:0008270;GO:0009893;GO:0043161;GO:0097039;GO:0060255	C:LUBAC complex;F:ubiquitin binding;F:ubiquitin-protein transferase activity;F:zinc ion binding;P:positive regulation of metabolic process;P:proteasome-mediated ubiquitin-dependent protein catabolic process;P:protein linear polyubiquitination;P:regulation of macromolecule metabolic process	IEA:TreeGrafter;IEA:TreeGrafter;IEA:TreeGrafter;IEA:UniProtKB-KW;IEA:UniProtKB-ARBA;IEA:TreeGrafter;IEA:TreeGrafter;IEA:UniProtKB-ARBA	Success
A0A1D2M7P4	A0A1D2M7P4	A0A1D2M7P4_ORCCI	FMRFamide receptor	NA	Orchesella cincta	GO:0016020;GO:0004930	C:membrane;F:G protein-coupled receptor activity	IEA:UniProtKB-SubCell;IEA:InterPro	Success
A0A1D2MCJ1	A0A1D2MCJ1	A0A1D2MCJ1_ORCCI	Pathogenesis-related protein 1C	NA	Orchesella cincta	NA	NA	NA	Success
A0A1D2MN30	A0A1D2MN30	A0A1D2MN30_ORCCI	Obscurin	NA	Orchesella cincta	GO:0016020	C:membrane	IEA:UniProtKB-KW	Success
A0A1D2MAT7	A0A1D2MAT7	A0A1D2MAT7_ORCCI	Glucose 1,6-bisphosphate synthase	NA	Orchesella cincta	GO:0016020	C:membrane	IEA:UniProtKB-KW	Success
A0A1D2MPE4	A0A1D2MPE4	A0A1D2MPE4_ORCCI	BTB/POZ domain-containing protein	NA	Orchesella cincta	GO:0016020	C:membrane	IEA:UniProtKB-KW	Success
A0A1D2MHX8	A0A1D2MHX8	A0A1D2MHX8_ORCCI	Protein hedgehog	NA	Orchesella cincta	GO:0005525;GO:0007267;GO:0016540	F:GTP binding;P:cell-cell signaling;P:protein autoprocessing	IEA:InterPro;IEA:InterPro;IEA:InterPro	Success
A0A1D2NJA5	A0A1D2NJA5	A0A1D2NJA5_ORCCI	mRNA cap guanine-N7 methyltransferase	NA	Orchesella cincta	GO:0004482;GO:0051082;GO:0006606;GO:0042273	F:mRNA 5'-cap (guanine-N7-)-methyltransferase activity;F:unfolded protein binding;P:protein import into nucleus;P:ribosomal large subunit biogenesis	IEA:UniProtKB-EC;IEA:TreeGrafter;IEA:TreeGrafter;IEA:TreeGrafter	Success
A0A1D2NI75	A0A1D2NI75	A0A1D2NI75_ORCCI	von Willebrand factor A domain-containing protein 8	NA	Orchesella cincta	GO:0005737;GO:0032991;GO:0005524;GO:0016887	C:cytoplasm;C:protein-containing complex;F:ATP binding;F:ATP hydrolysis activity	IEA:TreeGrafter;IEA:UniProtKB-ARBA;IEA:InterPro;IEA:InterPro	Success
A0A1D2NJA5	A0A1D2NJA5	A0A1D2NJA5_ORCCI	mRNA cap guanine-N7 methyltransferase	NA	Orchesella cincta	GO:0004482;GO:0051082;GO:0006606;GO:0042273	F:mRNA 5'-cap (guanine-N7-)-methyltransferase activity;F:unfolded protein binding;P:protein import into nucleus;P:ribosomal large subunit biogenesis	IEA:UniProtKB-EC;IEA:TreeGrafter;IEA:TreeGrafter;IEA:TreeGrafter	Success
A0A1D2MLD1	A0A1D2MLD1	A0A1D2MLD1_ORCCI	Phospholipid scramblase	NA	Orchesella cincta	NA	NA	NA	Success
A0A1D2M209	A0A1D2M209	A0A1D2M209_ORCCI	Death domain-associated protein 6	NA	Orchesella cincta	GO:0042393	F:histone binding	IEA:InterPro	Success
A0A1D2MP17	A0A1D2MP17	A0A1D2MP17_ORCCI	EF-hand domain-containing protein	NA	Orchesella cincta	GO:0005509	F:calcium ion binding	IEA:InterPro	Success
A0A1D2MSN0	A0A1D2MSN0	A0A1D2MSN0_ORCCI	Putative RNA-binding protein EEED8.10	NA	Orchesella cincta	NA	NA	NA	Success
A0A1D2MSN0	A0A1D2MSN0	A0A1D2MSN0_ORCCI	Putative RNA-binding protein EEED8.10	NA	Orchesella cincta	NA	NA	NA	Success
A0A1D2MP17	A0A1D2MP17	A0A1D2MP17_ORCCI	EF-hand domain-containing protein	NA	Orchesella cincta	GO:0005509	F:calcium ion binding	IEA:InterPro	Success
A0A1D2MSN0	A0A1D2MSN0	A0A1D2MSN0_ORCCI	Putative RNA-binding protein EEED8.10	NA	Orchesella cincta	NA	NA	NA	Success
A0A1D2MFP0	A0A1D2MFP0	A0A1D2MFP0_ORCCI	Nanos 2	NA	Orchesella cincta	GO:0005737;GO:0003723;GO:0008270;GO:0006417	C:cytoplasm;F:RNA binding;F:zinc ion binding;P:regulation of translation	IEA:UniProtKB-SubCell;IEA:UniProtKB-UniRule;IEA:UniProtKB-KW;IEA:UniProtKB-UniRule	Success
A0A1D2MSN0	A0A1D2MSN0	A0A1D2MSN0_ORCCI	Putative RNA-binding protein EEED8.10	NA	Orchesella cincta	NA	NA	NA	Success
A0A1D2M2T2	A0A1D2M2T2	A0A1D2M2T2_ORCCI	GPR158/179 extracellular domain-containing protein	NA	Orchesella cincta	GO:0005886;GO:0004930	C:plasma membrane;F:G protein-coupled receptor activity	IEA:UniProtKB-SubCell;IEA:UniProtKB-KW	Success
A0A1D2N3L8	A0A1D2N3L8	A0A1D2N3L8_ORCCI	Uncharacterized protein	NA	Orchesella cincta	GO:0005549	F:odorant binding	IEA:InterPro	Success
A0A1D2MZS9	A0A1D2MZS9	A0A1D2MZS9_ORCCI	Tenascin-X	NA	Orchesella cincta	NA	NA	NA	Success
A0A1D2NA19	A0A1D2NA19	A0A1D2NA19_ORCCI	Uncharacterized protein	NA	Orchesella cincta	GO:0005615;GO:0016020	C:extracellular space;C:membrane	IEA:TreeGrafter;IEA:UniProtKB-KW	Success
A0A1D2NDF5	A0A1D2NDF5	A0A1D2NDF5_ORCCI	Putative vitellogenin receptor	NA	Orchesella cincta	GO:0016324;GO:0005576;GO:0043235;GO:0005509;GO:0008061;GO:0042562;GO:0006898	C:apical plasma membrane;C:extracellular region;C:receptor complex;F:calcium ion binding;F:chitin binding;F:hormone binding;P:receptor-mediated endocytosis	IEA:TreeGrafter;IEA:InterPro;IEA:TreeGrafter;IEA:InterPro;IEA:InterPro;IEA:TreeGrafter;IEA:TreeGrafter	Success
A0A1D2MYT9	A0A1D2MYT9	A0A1D2MYT9_ORCCI	Putative zinc finger protein	NA	Orchesella cincta	GO:0005634;GO:0000981;GO:0000977;GO:0008270	C:nucleus;F:DNA-binding transcription factor activity, RNA polymerase II-specific;F:RNA polymerase II transcription regulatory region sequence-specific DNA binding;F:zinc ion binding	IEA:UniProtKB-SubCell;IEA:TreeGrafter;IEA:TreeGrafter;IEA:UniProtKB-KW	Success
A0A1D2MYT9	A0A1D2MYT9	A0A1D2MYT9_ORCCI	Putative zinc finger protein	NA	Orchesella cincta	GO:0005634;GO:0000981;GO:0000977;GO:0008270	C:nucleus;F:DNA-binding transcription factor activity, RNA polymerase II-specific;F:RNA polymerase II transcription regulatory region sequence-specific DNA binding;F:zinc ion binding	IEA:UniProtKB-SubCell;IEA:TreeGrafter;IEA:TreeGrafter;IEA:UniProtKB-KW	Success
A0A1D2MYT9	A0A1D2MYT9	A0A1D2MYT9_ORCCI	Putative zinc finger protein	NA	Orchesella cincta	GO:0005634;GO:0000981;GO:0000977;GO:0008270	C:nucleus;F:DNA-binding transcription factor activity, RNA polymerase II-specific;F:RNA polymerase II transcription regulatory region sequence-specific DNA binding;F:zinc ion binding	IEA:UniProtKB-SubCell;IEA:TreeGrafter;IEA:TreeGrafter;IEA:UniProtKB-KW	Success
A0A1D2MAL6	A0A1D2MAL6	A0A1D2MAL6_ORCCI	Uncharacterized protein	NA	Orchesella cincta	GO:0016020;GO:0020037;GO:0005506;GO:0004508;GO:0042446;GO:0042448	C:membrane;F:heme binding;F:iron ion binding;F:steroid 17-alpha-monooxygenase activity;P:hormone biosynthetic process;P:progesterone metabolic process	IEA:UniProtKB-KW;IEA:InterPro;IEA:InterPro;IEA:TreeGrafter;IEA:TreeGrafter;IEA:TreeGrafter	Success
A0A1D2M2F0	A0A1D2M2F0	A0A1D2M2F0_ORCCI	Serine/threonine-protein kinase/endoribonuclease IRE1	NA	Orchesella cincta	GO:1990604;GO:0005524;GO:0004674;GO:0004521;GO:0051082;GO:0070059;GO:0036498	C:IRE1-TRAF2-ASK1 complex;F:ATP binding;F:protein serine/threonine kinase activity;F:RNA endonuclease activity;F:unfolded protein binding;P:intrinsic apoptotic signaling pathway in response to endoplasmic reticulum stress;P:IRE1-mediated unfolded protein response	IEA:TreeGrafter;IEA:InterPro;IEA:InterPro;IEA:InterPro;IEA:TreeGrafter;IEA:TreeGrafter;IEA:TreeGrafter	Success
A0A1D2NJ44	A0A1D2NJ44	A0A1D2NJ44_ORCCI	Vascular endothelial growth factor receptor 3	NA	Orchesella cincta	GO:0005886;GO:0043235;GO:0005524;GO:0046872;GO:0004714;GO:0007169	C:plasma membrane;C:receptor complex;F:ATP binding;F:metal ion binding;F:transmembrane receptor protein tyrosine kinase activity;P:cell surface receptor protein tyrosine kinase signaling pathway	IEA:TreeGrafter;IEA:TreeGrafter;IEA:UniProtKB-UniRule;IEA:UniProtKB-KW;IEA:TreeGrafter;IEA:TreeGrafter	Success
A0A1D2MXS2	A0A1D2MXS2	A0A1D2MXS2_ORCCI	Farnesoate epoxidase	NA	Orchesella cincta	GO:0005737;GO:0043231;GO:0020037;GO:0005506;GO:0016712;GO:0008395;GO:0006082;GO:0006805	C:cytoplasm;C:intracellular membrane-bounded organelle;F:heme binding;F:iron ion binding;F:oxidoreductase activity, acting on paired donors, with incorporation or reduction of molecular oxygen, reduced flavin or flavoprotein as one donor, and incorporation of one atom of oxygen;F:steroid hydroxylase activity;P:organic acid metabolic process;P:xenobiotic metabolic process	IEA:TreeGrafter;IEA:TreeGrafter;IEA:InterPro;IEA:InterPro;IEA:TreeGrafter;IEA:TreeGrafter;IEA:TreeGrafter;IEA:TreeGrafter	Success
A0A1D2NJ58	A0A1D2NJ58	A0A1D2NJ58_ORCCI	diacylglycerol O-acyltransferase	NA	Orchesella cincta	GO:0005886;GO:0004144;GO:0019432	C:plasma membrane;F:diacylglycerol O-acyltransferase activity;P:triglyceride biosynthetic process	IEA:TreeGrafter;IEA:UniProtKB-EC;IEA:UniProtKB-UniPathway	Success
A0A1D2MWP6	A0A1D2MWP6	A0A1D2MWP6_ORCCI	Sodium-coupled monocarboxylate transporter 2	NA	Orchesella cincta	GO:0005886;GO:0015293;GO:0006814	C:plasma membrane;F:symporter activity;P:sodium ion transport	IEA:UniProtKB-SubCell;IEA:TreeGrafter;IEA:UniProtKB-KW	Success
A0A1D2MK59	A0A1D2MK59	A0A1D2MK59_ORCCI	1-acyl-sn-glycerol-3-phosphate acyltransferase gamma	NA	Orchesella cincta	GO:0012505;GO:0016020;GO:0003841	C:endomembrane system;C:membrane;F:1-acylglycerol-3-phosphate O-acyltransferase activity	IEA:TreeGrafter;IEA:UniProtKB-KW;IEA:TreeGrafter	Success
A0A1D2MK59	A0A1D2MK59	A0A1D2MK59_ORCCI	1-acyl-sn-glycerol-3-phosphate acyltransferase gamma	NA	Orchesella cincta	GO:0012505;GO:0016020;GO:0003841	C:endomembrane system;C:membrane;F:1-acylglycerol-3-phosphate O-acyltransferase activity	IEA:TreeGrafter;IEA:UniProtKB-KW;IEA:TreeGrafter	Success
A0A1D2MZQ2	A0A1D2MZQ2	A0A1D2MZQ2_ORCCI	Tyrosyl-DNA phosphodiesterase 2	NA	Orchesella cincta	GO:0005737;GO:0016020;GO:0016605;GO:0070260;GO:0004518;GO:0003697;GO:0006302	C:cytoplasm;C:membrane;C:PML body;F:5'-tyrosyl-DNA phosphodiesterase activity;F:nuclease activity;F:single-stranded DNA binding;P:double-strand break repair	IEA:TreeGrafter;IEA:UniProtKB-KW;IEA:UniProtKB-SubCell;IEA:TreeGrafter;IEA:UniProtKB-KW;IEA:TreeGrafter;IEA:TreeGrafter	Success
A0A1D2M6T5	A0A1D2M6T5	A0A1D2M6T5_ORCCI	Macrophage colony-stimulating factor 1 receptor 1	NA	Orchesella cincta	GO:0005886;GO:0043235;GO:0005524;GO:0004714;GO:0007169	C:plasma membrane;C:receptor complex;F:ATP binding;F:transmembrane receptor protein tyrosine kinase activity;P:cell surface receptor protein tyrosine kinase signaling pathway	IEA:TreeGrafter;IEA:TreeGrafter;IEA:UniProtKB-UniRule;IEA:TreeGrafter;IEA:TreeGrafter	Success
A0A1D2NC94	A0A1D2NC94	A0A1D2NC94_ORCCI	Gustatory receptor	NA	Orchesella cincta	GO:0016020	C:membrane	IEA:UniProtKB-KW	Success
A0A1D2MJ84	A0A1D2MJ84	A0A1D2MJ84_ORCCI	Protein Star	NA	Orchesella cincta	GO:0005789;GO:0005794;GO:0031902;GO:0005886;GO:0006888;GO:0016197	C:endoplasmic reticulum membrane;C:Golgi apparatus;C:late endosome membrane;C:plasma membrane;P:endoplasmic reticulum to Golgi vesicle-mediated transport;P:endosomal transport	IEA:TreeGrafter;IEA:TreeGrafter;IEA:TreeGrafter;IEA:TreeGrafter;IEA:TreeGrafter;IEA:TreeGrafter	Success
A0A1D2MT74	A0A1D2MT74	A0A1D2MT74_ORCCI	Gamma-crystallin-4	NA	Orchesella cincta	NA	NA	NA	Success
A0A1D2MAL6	A0A1D2MAL6	A0A1D2MAL6_ORCCI	Uncharacterized protein	NA	Orchesella cincta	GO:0016020;GO:0020037;GO:0005506;GO:0004508;GO:0042446;GO:0042448	C:membrane;F:heme binding;F:iron ion binding;F:steroid 17-alpha-monooxygenase activity;P:hormone biosynthetic process;P:progesterone metabolic process	IEA:UniProtKB-KW;IEA:InterPro;IEA:InterPro;IEA:TreeGrafter;IEA:TreeGrafter;IEA:TreeGrafter	Success
A0A1D2NFK5	A0A1D2NFK5	A0A1D2NFK5_ORCCI	Innexin	inx	Orchesella cincta	GO:0005921;GO:0005886;GO:0005243;GO:0034220;GO:0007602	C:gap junction;C:plasma membrane;F:gap junction channel activity;P:monoatomic ion transmembrane transport;P:phototransduction	IEA:UniProtKB-SubCell;IEA:UniProtKB-SubCell;IEA:TreeGrafter;IEA:UniProtKB-KW;IEA:TreeGrafter	Success
A0A1D2MJA0	A0A1D2MJA0	A0A1D2MJA0_ORCCI	Uncharacterized protein	NA	Orchesella cincta	GO:0016020	C:membrane	IEA:UniProtKB-KW	Success
A0A1D2N704	A0A1D2N704	A0A1D2N704_ORCCI	Carboxylic ester hydrolase	NA	Orchesella cincta	GO:0016020;GO:0052689	C:membrane;F:carboxylic ester hydrolase activity	IEA:UniProtKB-KW;IEA:UniProtKB-KW	Success
A0A1D2MIY5	A0A1D2MIY5	A0A1D2MIY5_ORCCI	Chitin-binding type-4 domain-containing protein	NA	Orchesella cincta	NA	NA	NA	Success
A0A1D2MIY5	A0A1D2MIY5	A0A1D2MIY5_ORCCI	Chitin-binding type-4 domain-containing protein	NA	Orchesella cincta	NA	NA	NA	Success
A0A1D2MIY5	A0A1D2MIY5	A0A1D2MIY5_ORCCI	Chitin-binding type-4 domain-containing protein	NA	Orchesella cincta	NA	NA	NA	Success
A0A1D2N704	A0A1D2N704	A0A1D2N704_ORCCI	Carboxylic ester hydrolase	NA	Orchesella cincta	GO:0016020;GO:0052689	C:membrane;F:carboxylic ester hydrolase activity	IEA:UniProtKB-KW;IEA:UniProtKB-KW	Success
A0A1D2N704	A0A1D2N704	A0A1D2N704_ORCCI	Carboxylic ester hydrolase	NA	Orchesella cincta	GO:0016020;GO:0052689	C:membrane;F:carboxylic ester hydrolase activity	IEA:UniProtKB-KW;IEA:UniProtKB-KW	Success
A0A1D2N704	A0A1D2N704	A0A1D2N704_ORCCI	Carboxylic ester hydrolase	NA	Orchesella cincta	GO:0016020;GO:0052689	C:membrane;F:carboxylic ester hydrolase activity	IEA:UniProtKB-KW;IEA:UniProtKB-KW	Success
A0A1D2N0C3	A0A1D2N0C3	A0A1D2N0C3_ORCCI	Lovastatin diketide synthase LovF	NA	Orchesella cincta	GO:0004315;GO:0016491;GO:0031177;GO:0006633	F:3-oxoacyl-[acyl-carrier-protein] synthase activity;F:oxidoreductase activity;F:phosphopantetheine binding;P:fatty acid biosynthetic process	IEA:InterPro;IEA:InterPro;IEA:InterPro;IEA:UniProtKB-UniPathway	Success
A0A1D2MQN4	A0A1D2MQN4	A0A1D2MQN4_ORCCI	Prolyl 4-hydroxylase subunit alpha-2	NA	Orchesella cincta	GO:0005783;GO:0005506;GO:0031418;GO:0004656	C:endoplasmic reticulum;F:iron ion binding;F:L-ascorbic acid binding;F:procollagen-proline 4-dioxygenase activity	IEA:TreeGrafter;IEA:InterPro;IEA:UniProtKB-KW;IEA:TreeGrafter	Success
A0A1D2MNH0	A0A1D2MNH0	A0A1D2MNH0_ORCCI	Fatty acid desaturase 1	NA	Orchesella cincta	GO:0016020;GO:0020037;GO:0046872;GO:0016717;GO:0006629	C:membrane;F:heme binding;F:metal ion binding;F:oxidoreductase activity, acting on paired donors, with oxidation of a pair of donors resulting in the reduction of molecular oxygen to two molecules of water;P:lipid metabolic process	IEA:UniProtKB-SubCell;IEA:InterPro;IEA:UniProtKB-KW;IEA:TreeGrafter;IEA:UniProtKB-KW	Success
A0A1D2MHX7	A0A1D2MHX7	A0A1D2MHX7_ORCCI	VWFA domain-containing protein	NA	Orchesella cincta	NA	NA	NA	Success
A0A1D2MJR7	A0A1D2MJR7	A0A1D2MJR7_ORCCI	VWFA domain-containing protein	NA	Orchesella cincta	GO:0032991	C:protein-containing complex	IEA:UniProtKB-ARBA	Success
A0A1D2NKH2	A0A1D2NKH2	A0A1D2NKH2_ORCCI	Putative zinc finger protein	NA	Orchesella cincta	GO:0008270	F:zinc ion binding	IEA:UniProtKB-KW	Success
A0A1D2M9S7	A0A1D2M9S7	A0A1D2M9S7_ORCCI	Gustatory receptor for sugar taste 64a	NA	Orchesella cincta	GO:0005886;GO:0008527;GO:0050916	C:plasma membrane;F:taste receptor activity;P:sensory perception of sweet taste	IEA:UniProtKB-SubCell;IEA:InterPro;IEA:UniProtKB-ARBA	Success
A0A1D2MGY1	A0A1D2MGY1	A0A1D2MGY1_ORCCI	Solute carrier family 35 member F1	NA	Orchesella cincta	GO:0016020;GO:0022857	C:membrane;F:transmembrane transporter activity	IEA:UniProtKB-SubCell;IEA:InterPro	Success
A0A1D2MNB9	A0A1D2MNB9	A0A1D2MNB9_ORCCI	long-chain-alcohol O-fatty-acyltransferase	NA	Orchesella cincta	GO:0004144;GO:0020037;GO:0005506;GO:0004497;GO:0016705;GO:0045017	F:diacylglycerol O-acyltransferase activity;F:heme binding;F:iron ion binding;F:monooxygenase activity;F:oxidoreductase activity, acting on paired donors, with incorporation or reduction of molecular oxygen;P:glycerolipid biosynthetic process	IEA:UniProtKB-EC;IEA:InterPro;IEA:InterPro;IEA:UniProtKB-KW;IEA:InterPro;IEA:InterPro	Success
A0A1D2M368	A0A1D2M368	A0A1D2M368_ORCCI	Valacyclovir hydrolase	NA	Orchesella cincta	GO:0017171	F:serine hydrolase activity	IEA:TreeGrafter	Success
A0A1D2N0C3	A0A1D2N0C3	A0A1D2N0C3_ORCCI	Lovastatin diketide synthase LovF	NA	Orchesella cincta	GO:0004315;GO:0016491;GO:0031177;GO:0006633	F:3-oxoacyl-[acyl-carrier-protein] synthase activity;F:oxidoreductase activity;F:phosphopantetheine binding;P:fatty acid biosynthetic process	IEA:InterPro;IEA:InterPro;IEA:InterPro;IEA:UniProtKB-UniPathway	Success
A0A1D2MDV3	A0A1D2MDV3	A0A1D2MDV3_ORCCI	Glycogenin-1	NA	Orchesella cincta	NA	NA	NA	Success
A0A1D2NBL6	A0A1D2NBL6	A0A1D2NBL6_ORCCI	Elongation of very long chain fatty acids protein	NA	Orchesella cincta	GO:0005789;GO:0009922;GO:0034625;GO:0034626;GO:0019367;GO:0030148;GO:0042761	C:endoplasmic reticulum membrane;F:fatty acid elongase activity;P:fatty acid elongation, monounsaturated fatty acid;P:fatty acid elongation, polyunsaturated fatty acid;P:fatty acid elongation, saturated fatty acid;P:sphingolipid biosynthetic process;P:very long-chain fatty acid biosynthetic process	IEA:TreeGrafter;IEA:UniProtKB-EC;IEA:TreeGrafter;IEA:TreeGrafter;IEA:TreeGrafter;IEA:TreeGrafter;IEA:TreeGrafter	Success
A0A1D2MK59	A0A1D2MK59	A0A1D2MK59_ORCCI	1-acyl-sn-glycerol-3-phosphate acyltransferase gamma	NA	Orchesella cincta	GO:0012505;GO:0016020;GO:0003841	C:endomembrane system;C:membrane;F:1-acylglycerol-3-phosphate O-acyltransferase activity	IEA:TreeGrafter;IEA:UniProtKB-KW;IEA:TreeGrafter	Success
A0A1D2MCC9	A0A1D2MCC9	A0A1D2MCC9_ORCCI	Vascular endothelial growth factor receptor 3	NA	Orchesella cincta	GO:0005886;GO:0043235;GO:0005524;GO:0004714;GO:0007169	C:plasma membrane;C:receptor complex;F:ATP binding;F:transmembrane receptor protein tyrosine kinase activity;P:cell surface receptor protein tyrosine kinase signaling pathway	IEA:TreeGrafter;IEA:TreeGrafter;IEA:UniProtKB-UniRule;IEA:TreeGrafter;IEA:TreeGrafter	Success
A0A1D2MDJ4	A0A1D2MDJ4	A0A1D2MDJ4_ORCCI	Magnesium-transporting ATPase, P-type 1	NA	Orchesella cincta	GO:0005886;GO:0033017;GO:0005524;GO:0016887;GO:0015444	C:plasma membrane;C:sarcoplasmic reticulum membrane;F:ATP binding;F:ATP hydrolysis activity;F:P-type magnesium transporter activity	IEA:UniProtKB-SubCell;IEA:UniProtKB-SubCell;IEA:UniProtKB-KW;IEA:InterPro;IEA:UniProtKB-EC	Success
A0A1D2MUQ1	A0A1D2MUQ1	A0A1D2MUQ1_ORCCI	Vascular endothelial growth factor receptor 3	NA	Orchesella cincta	GO:0005576;GO:0005886;GO:0043235;GO:0005524;GO:0004714;GO:0007169;GO:0050832;GO:0031640	C:extracellular region;C:plasma membrane;C:receptor complex;F:ATP binding;F:transmembrane receptor protein tyrosine kinase activity;P:cell surface receptor protein tyrosine kinase signaling pathway;P:defense response to fungus;P:killing of cells of another organism	IEA:UniProtKB-SubCell;IEA:TreeGrafter;IEA:TreeGrafter;IEA:UniProtKB-UniRule;IEA:TreeGrafter;IEA:TreeGrafter;IEA:UniProtKB-KW;IEA:UniProtKB-KW	Success
A0A1D2M0L9	A0A1D2M0L9	A0A1D2M0L9_ORCCI	SEC14-like protein 2	NA	Orchesella cincta	GO:0005737	C:cytoplasm	IEA:TreeGrafter	Success
A0A1D2MWQ7	A0A1D2MWQ7	A0A1D2MWQ7_ORCCI	O-acyltransferase WSD1 C-terminal domain-containing protein	NA	Orchesella cincta	GO:0005886;GO:0008374;GO:0019432	C:plasma membrane;F:O-acyltransferase activity;P:triglyceride biosynthetic process	IEA:TreeGrafter;IEA:InterPro;IEA:TreeGrafter	Success
A0A1D2MQX3	A0A1D2MQX3	A0A1D2MQX3_ORCCI	Cytochrome P450 4V2	NA	Orchesella cincta	GO:0005789;GO:0020037;GO:0005506;GO:0004497;GO:0016705	C:endoplasmic reticulum membrane;F:heme binding;F:iron ion binding;F:monooxygenase activity;F:oxidoreductase activity, acting on paired donors, with incorporation or reduction of molecular oxygen	IEA:UniProtKB-SubCell;IEA:InterPro;IEA:InterPro;IEA:UniProtKB-KW;IEA:InterPro	Success
A0A1D2NMW2	A0A1D2NMW2	A0A1D2NMW2_ORCCI	Protein unc-13 D	NA	Orchesella cincta	GO:0099503;GO:0006887	C:secretory vesicle;P:exocytosis	IEA:TreeGrafter;IEA:UniProtKB-KW	Success
A0A1D2NMW2	A0A1D2NMW2	A0A1D2NMW2_ORCCI	Protein unc-13 D	NA	Orchesella cincta	GO:0099503;GO:0006887	C:secretory vesicle;P:exocytosis	IEA:TreeGrafter;IEA:UniProtKB-KW	Success
A0A1D2MLR9	A0A1D2MLR9	A0A1D2MLR9_ORCCI	Cytochrome P450 9e2	NA	Orchesella cincta	GO:0005789;GO:0020037;GO:0005506;GO:0004497;GO:0016705	C:endoplasmic reticulum membrane;F:heme binding;F:iron ion binding;F:monooxygenase activity;F:oxidoreductase activity, acting on paired donors, with incorporation or reduction of molecular oxygen	IEA:UniProtKB-SubCell;IEA:InterPro;IEA:InterPro;IEA:UniProtKB-KW;IEA:InterPro	Success
A0A1D2M8I2	A0A1D2M8I2	A0A1D2M8I2_ORCCI	Uncharacterized protein	NA	Orchesella cincta	NA	NA	NA	Success
A0A1D2MPS6	A0A1D2MPS6	A0A1D2MPS6_ORCCI	Uncharacterized protein	NA	Orchesella cincta	NA	NA	NA	Success
A0A1D2MPS6	A0A1D2MPS6	A0A1D2MPS6_ORCCI	Uncharacterized protein	NA	Orchesella cincta	NA	NA	NA	Success
A0A1D2M5N3	A0A1D2M5N3	A0A1D2M5N3_ORCCI	Signal transducer and activator of transcription 5B	NA	Orchesella cincta	GO:0005737;GO:0005634;GO:0003677;GO:0003700;GO:0006357;GO:0007165	C:cytoplasm;C:nucleus;F:DNA binding;F:DNA-binding transcription factor activity;P:regulation of transcription by RNA polymerase II;P:signal transduction	IEA:UniProtKB-SubCell;IEA:UniProtKB-SubCell;IEA:UniProtKB-KW;IEA:InterPro;IEA:UniProtKB-ARBA;IEA:InterPro	Success
A0A1D2MPS6	A0A1D2MPS6	A0A1D2MPS6_ORCCI	Uncharacterized protein	NA	Orchesella cincta	NA	NA	NA	Success
A0A1D2MPS6	A0A1D2MPS6	A0A1D2MPS6_ORCCI	Uncharacterized protein	NA	Orchesella cincta	NA	NA	NA	Success
A0A1D2N845	A0A1D2N845	A0A1D2N845_ORCCI	Uncharacterized protein	NA	Orchesella cincta	NA	NA	NA	Success
A0A1D2MKL8	A0A1D2MKL8	A0A1D2MKL8_ORCCI	BTB/POZ domain-containing protein	NA	Orchesella cincta	NA	NA	NA	Success
A0A1D2N620	A0A1D2N620	A0A1D2N620_ORCCI	G-protein coupled receptors family 1 profile domain-containing protein	NA	Orchesella cincta	GO:0016020	C:membrane	IEA:UniProtKB-KW	Success
A0A1D2N173	A0A1D2N173	A0A1D2N173_ORCCI	ATP-binding cassette sub-family A member 3	NA	Orchesella cincta	GO:0043231;GO:0016020;GO:0140359;GO:0005524;GO:0016887;GO:0005319	C:intracellular membrane-bounded organelle;C:membrane;F:ABC-type transporter activity;F:ATP binding;F:ATP hydrolysis activity;F:lipid transporter activity	IEA:TreeGrafter;IEA:UniProtKB-SubCell;IEA:InterPro;IEA:UniProtKB-KW;IEA:InterPro;IEA:TreeGrafter	Success
A0A1D2M1B3	A0A1D2M1B3	A0A1D2M1B3_ORCCI	Uncharacterized protein	NA	Orchesella cincta	NA	NA	NA	Success
A0A1D2MMW9	A0A1D2MMW9	A0A1D2MMW9_ORCCI	Alpha-mannosidase 2	NA	Orchesella cincta	GO:0000139;GO:0004559;GO:0030246;GO:0006013;GO:0006491	C:Golgi membrane;F:alpha-mannosidase activity;F:carbohydrate binding;P:mannose metabolic process;P:N-glycan processing	IEA:TreeGrafter;IEA:InterPro;IEA:InterPro;IEA:InterPro;IEA:TreeGrafter	Success
A0A1D2MAL6	A0A1D2MAL6	A0A1D2MAL6_ORCCI	Uncharacterized protein	NA	Orchesella cincta	GO:0016020;GO:0020037;GO:0005506;GO:0004508;GO:0042446;GO:0042448	C:membrane;F:heme binding;F:iron ion binding;F:steroid 17-alpha-monooxygenase activity;P:hormone biosynthetic process;P:progesterone metabolic process	IEA:UniProtKB-KW;IEA:InterPro;IEA:InterPro;IEA:TreeGrafter;IEA:TreeGrafter;IEA:TreeGrafter	Success
A0A1D2MUQ1	A0A1D2MUQ1	A0A1D2MUQ1_ORCCI	Vascular endothelial growth factor receptor 3	NA	Orchesella cincta	GO:0005576;GO:0005886;GO:0043235;GO:0005524;GO:0004714;GO:0007169;GO:0050832;GO:0031640	C:extracellular region;C:plasma membrane;C:receptor complex;F:ATP binding;F:transmembrane receptor protein tyrosine kinase activity;P:cell surface receptor protein tyrosine kinase signaling pathway;P:defense response to fungus;P:killing of cells of another organism	IEA:UniProtKB-SubCell;IEA:TreeGrafter;IEA:TreeGrafter;IEA:UniProtKB-UniRule;IEA:TreeGrafter;IEA:TreeGrafter;IEA:UniProtKB-KW;IEA:UniProtKB-KW	Success
A0A1D2MPF5	A0A1D2MPF5	A0A1D2MPF5_ORCCI	Carboxypeptidase Q	NA	Orchesella cincta	GO:0005783;GO:0005615;GO:0005794;GO:0005764;GO:0004180;GO:0070573;GO:0043171;GO:0006508	C:endoplasmic reticulum;C:extracellular space;C:Golgi apparatus;C:lysosome;F:carboxypeptidase activity;F:metallodipeptidase activity;P:peptide catabolic process;P:proteolysis	IEA:UniProtKB-SubCell;IEA:TreeGrafter;IEA:UniProtKB-SubCell;IEA:UniProtKB-SubCell;IEA:UniProtKB-KW;IEA:InterPro;IEA:TreeGrafter;IEA:UniProtKB-KW	Success
A0A1D2MUQ1	A0A1D2MUQ1	A0A1D2MUQ1_ORCCI	Vascular endothelial growth factor receptor 3	NA	Orchesella cincta	GO:0005576;GO:0005886;GO:0043235;GO:0005524;GO:0004714;GO:0007169;GO:0050832;GO:0031640	C:extracellular region;C:plasma membrane;C:receptor complex;F:ATP binding;F:transmembrane receptor protein tyrosine kinase activity;P:cell surface receptor protein tyrosine kinase signaling pathway;P:defense response to fungus;P:killing of cells of another organism	IEA:UniProtKB-SubCell;IEA:TreeGrafter;IEA:TreeGrafter;IEA:UniProtKB-UniRule;IEA:TreeGrafter;IEA:TreeGrafter;IEA:UniProtKB-KW;IEA:UniProtKB-KW	Success
A0A1D2MUQ1	A0A1D2MUQ1	A0A1D2MUQ1_ORCCI	Vascular endothelial growth factor receptor 3	NA	Orchesella cincta	GO:0005576;GO:0005886;GO:0043235;GO:0005524;GO:0004714;GO:0007169;GO:0050832;GO:0031640	C:extracellular region;C:plasma membrane;C:receptor complex;F:ATP binding;F:transmembrane receptor protein tyrosine kinase activity;P:cell surface receptor protein tyrosine kinase signaling pathway;P:defense response to fungus;P:killing of cells of another organism	IEA:UniProtKB-SubCell;IEA:TreeGrafter;IEA:TreeGrafter;IEA:UniProtKB-UniRule;IEA:TreeGrafter;IEA:TreeGrafter;IEA:UniProtKB-KW;IEA:UniProtKB-KW	Success
A0A1D2MJA6	A0A1D2MJA6	A0A1D2MJA6_ORCCI	Gustatory receptor	NA	Orchesella cincta	GO:0016020;GO:0038023;GO:0051606;GO:0007606	C:membrane;F:signaling receptor activity;P:detection of stimulus;P:sensory perception of chemical stimulus	IEA:UniProtKB-SubCell;IEA:UniProtKB-ARBA;IEA:UniProtKB-ARBA;IEA:TreeGrafter	Success
A0A1D2MJA6	A0A1D2MJA6	A0A1D2MJA6_ORCCI	Gustatory receptor	NA	Orchesella cincta	GO:0016020;GO:0038023;GO:0051606;GO:0007606	C:membrane;F:signaling receptor activity;P:detection of stimulus;P:sensory perception of chemical stimulus	IEA:UniProtKB-SubCell;IEA:UniProtKB-ARBA;IEA:UniProtKB-ARBA;IEA:TreeGrafter	Success
A0A1D2NMB9	A0A1D2NMB9	A0A1D2NMB9_ORCCI	Farnesoate epoxidase	NA	Orchesella cincta	GO:0005737;GO:0043231;GO:0020037;GO:0005506;GO:0016712;GO:0008395;GO:0006082;GO:0006805	C:cytoplasm;C:intracellular membrane-bounded organelle;F:heme binding;F:iron ion binding;F:oxidoreductase activity, acting on paired donors, with incorporation or reduction of molecular oxygen, reduced flavin or flavoprotein as one donor, and incorporation of one atom of oxygen;F:steroid hydroxylase activity;P:organic acid metabolic process;P:xenobiotic metabolic process	IEA:TreeGrafter;IEA:TreeGrafter;IEA:InterPro;IEA:InterPro;IEA:TreeGrafter;IEA:TreeGrafter;IEA:TreeGrafter;IEA:TreeGrafter	Success
A0A1D2NGV2	A0A1D2NGV2	A0A1D2NGV2_ORCCI	Uncharacterized protein	NA	Orchesella cincta	NA	NA	NA	Success
A0A1D2N3M8	A0A1D2N3M8	A0A1D2N3M8_ORCCI	mitogen-activated protein kinase kinase kinase	NA	Orchesella cincta	GO:0005524;GO:0004709;GO:0046872	F:ATP binding;F:MAP kinase kinase kinase activity;F:metal ion binding	IEA:UniProtKB-UniRule;IEA:UniProtKB-EC;IEA:UniProtKB-KW	Success
A0A1D2N488	A0A1D2N488	A0A1D2N488_ORCCI	Vesicle transport protein	NA	Orchesella cincta	GO:0005737;GO:0012505;GO:0043231;GO:0016020;GO:0015031;GO:0016192	C:cytoplasm;C:endomembrane system;C:intracellular membrane-bounded organelle;C:membrane;P:protein transport;P:vesicle-mediated transport	IEA:UniProtKB-ARBA;IEA:UniProtKB-ARBA;IEA:UniProtKB-ARBA;IEA:UniProtKB-SubCell;IEA:UniProtKB-KW;IEA:InterPro	Success
A0A1D2N417	A0A1D2N417	A0A1D2N417_ORCCI	Uncharacterized protein	NA	Orchesella cincta	NA	NA	NA	Success
A0A1D2N417	A0A1D2N417	A0A1D2N417_ORCCI	Uncharacterized protein	NA	Orchesella cincta	NA	NA	NA	Success
A0A1D2N419	A0A1D2N419	A0A1D2N419_ORCCI	Uncharacterized protein	NA	Orchesella cincta	NA	NA	NA	Success
A0A1D2N440	A0A1D2N440	A0A1D2N440_ORCCI	Ornithine carbamoyltransferase, mitochondrial	NA	Orchesella cincta	GO:0016597;GO:0016743;GO:0006520	F:amino acid binding;F:carboxyl- or carbamoyltransferase activity;P:amino acid metabolic process	IEA:InterPro;IEA:InterPro;IEA:InterPro	Success
A0A1D2MYE5	A0A1D2MYE5	A0A1D2MYE5_ORCCI	UDP-glucuronosyltransferase 2B20	NA	Orchesella cincta	GO:0008194	F:UDP-glycosyltransferase activity	IEA:InterPro	Success
A0A1D2MYE5	A0A1D2MYE5	A0A1D2MYE5_ORCCI	UDP-glucuronosyltransferase 2B20	NA	Orchesella cincta	GO:0008194	F:UDP-glycosyltransferase activity	IEA:InterPro	Success
A0A1D2MU84	A0A1D2MU84	A0A1D2MU84_ORCCI	Noelin-3	NA	Orchesella cincta	GO:0005615;GO:0007165	C:extracellular space;P:signal transduction	IEA:TreeGrafter;IEA:TreeGrafter	Success
A0A1D2MU84	A0A1D2MU84	A0A1D2MU84_ORCCI	Noelin-3	NA	Orchesella cincta	GO:0005615;GO:0007165	C:extracellular space;P:signal transduction	IEA:TreeGrafter;IEA:TreeGrafter	Success
A0A1D2MTL7	A0A1D2MTL7	A0A1D2MTL7_ORCCI	Tissue factor pathway inhibitor	NA	Orchesella cincta	GO:0005615;GO:0004867	C:extracellular space;F:serine-type endopeptidase inhibitor activity	IEA:TreeGrafter;IEA:UniProtKB-KW	Success
A0A1D2MJX7	A0A1D2MJX7	A0A1D2MJX7_ORCCI	DUF659 domain-containing protein	NA	Orchesella cincta	NA	NA	NA	Success
A0A1D2MEH5	A0A1D2MEH5	A0A1D2MEH5_ORCCI	peptidylprolyl isomerase	NA	Orchesella cincta	GO:0003755	F:peptidyl-prolyl cis-trans isomerase activity	IEA:UniProtKB-KW	Success
A0A1D2MEH5	A0A1D2MEH5	A0A1D2MEH5_ORCCI	peptidylprolyl isomerase	NA	Orchesella cincta	GO:0003755	F:peptidyl-prolyl cis-trans isomerase activity	IEA:UniProtKB-KW	Success
A0A1D2MHL0	A0A1D2MHL0	A0A1D2MHL0_ORCCI	Ras-related protein RAB1BV	NA	Orchesella cincta	GO:0005525;GO:0003924;GO:0008270	F:GTP binding;F:GTPase activity;F:zinc ion binding	IEA:UniProtKB-KW;IEA:InterPro;IEA:UniProtKB-KW	Success
A0A1D2MHL0	A0A1D2MHL0	A0A1D2MHL0_ORCCI	Ras-related protein RAB1BV	NA	Orchesella cincta	GO:0005525;GO:0003924;GO:0008270	F:GTP binding;F:GTPase activity;F:zinc ion binding	IEA:UniProtKB-KW;IEA:InterPro;IEA:UniProtKB-KW	Success
A0A1D2MHL0	A0A1D2MHL0	A0A1D2MHL0_ORCCI	Ras-related protein RAB1BV	NA	Orchesella cincta	GO:0005525;GO:0003924;GO:0008270	F:GTP binding;F:GTPase activity;F:zinc ion binding	IEA:UniProtKB-KW;IEA:InterPro;IEA:UniProtKB-KW	Success
A0A1D2MG19	A0A1D2MG19	A0A1D2MG19_ORCCI	Matrilysin	NA	Orchesella cincta	GO:0031012;GO:0016020;GO:0004222;GO:0008270;GO:0030574;GO:0030198;GO:0006508	C:extracellular matrix;C:membrane;F:metalloendopeptidase activity;F:zinc ion binding;P:collagen catabolic process;P:extracellular matrix organization;P:proteolysis	IEA:InterPro;IEA:UniProtKB-KW;IEA:InterPro;IEA:InterPro;IEA:TreeGrafter;IEA:TreeGrafter;IEA:UniProtKB-KW	Success
A0A1D2MUQ1	A0A1D2MUQ1	A0A1D2MUQ1_ORCCI	Vascular endothelial growth factor receptor 3	NA	Orchesella cincta	GO:0005576;GO:0005886;GO:0043235;GO:0005524;GO:0004714;GO:0007169;GO:0050832;GO:0031640	C:extracellular region;C:plasma membrane;C:receptor complex;F:ATP binding;F:transmembrane receptor protein tyrosine kinase activity;P:cell surface receptor protein tyrosine kinase signaling pathway;P:defense response to fungus;P:killing of cells of another organism	IEA:UniProtKB-SubCell;IEA:TreeGrafter;IEA:TreeGrafter;IEA:UniProtKB-UniRule;IEA:TreeGrafter;IEA:TreeGrafter;IEA:UniProtKB-KW;IEA:UniProtKB-KW	Success
A0A1D2MUQ1	A0A1D2MUQ1	A0A1D2MUQ1_ORCCI	Vascular endothelial growth factor receptor 3	NA	Orchesella cincta	GO:0005576;GO:0005886;GO:0043235;GO:0005524;GO:0004714;GO:0007169;GO:0050832;GO:0031640	C:extracellular region;C:plasma membrane;C:receptor complex;F:ATP binding;F:transmembrane receptor protein tyrosine kinase activity;P:cell surface receptor protein tyrosine kinase signaling pathway;P:defense response to fungus;P:killing of cells of another organism	IEA:UniProtKB-SubCell;IEA:TreeGrafter;IEA:TreeGrafter;IEA:UniProtKB-UniRule;IEA:TreeGrafter;IEA:TreeGrafter;IEA:UniProtKB-KW;IEA:UniProtKB-KW	Success
A0A1D2MDF6	A0A1D2MDF6	A0A1D2MDF6_ORCCI	Phospholipase A1	NA	Orchesella cincta	GO:0005615;GO:0016298;GO:0017171;GO:0016042	C:extracellular space;F:lipase activity;F:serine hydrolase activity;P:lipid catabolic process	IEA:TreeGrafter;IEA:InterPro;IEA:TreeGrafter;IEA:TreeGrafter	Success
A0A1D2M4Z0	A0A1D2M4Z0	A0A1D2M4Z0_ORCCI	Putative zinc finger protein	NA	Orchesella cincta	GO:0005634;GO:0008270;GO:0010468	C:nucleus;F:zinc ion binding;P:regulation of gene expression	IEA:UniProtKB-SubCell;IEA:UniProtKB-KW;IEA:TreeGrafter	Success
A0A1D2M4Z0	A0A1D2M4Z0	A0A1D2M4Z0_ORCCI	Putative zinc finger protein	NA	Orchesella cincta	GO:0005634;GO:0008270;GO:0010468	C:nucleus;F:zinc ion binding;P:regulation of gene expression	IEA:UniProtKB-SubCell;IEA:UniProtKB-KW;IEA:TreeGrafter	Success
A0A1D2MPT6	A0A1D2MPT6	A0A1D2MPT6_ORCCI	Metalloendopeptidase	NA	Orchesella cincta	GO:0004222;GO:0008270;GO:0006508	F:metalloendopeptidase activity;F:zinc ion binding;P:proteolysis	IEA:UniProtKB-UniRule;IEA:InterPro;IEA:UniProtKB-KW	Success
A0A1D2MSN0	A0A1D2MSN0	A0A1D2MSN0_ORCCI	Putative RNA-binding protein EEED8.10	NA	Orchesella cincta	NA	NA	NA	Success
A0A1D2MHV6	A0A1D2MHV6	A0A1D2MHV6_ORCCI	Prolyl 4-hydroxylase subunit alpha-1	NA	Orchesella cincta	GO:0005783;GO:0005506;GO:0031418;GO:0004656	C:endoplasmic reticulum;F:iron ion binding;F:L-ascorbic acid binding;F:procollagen-proline 4-dioxygenase activity	IEA:UniProtKB-KW;IEA:InterPro;IEA:UniProtKB-KW;IEA:TreeGrafter	Success
A0A1D2MKC9	A0A1D2MKC9	A0A1D2MKC9_ORCCI	Gastrula zinc finger protein XlCGF48.2	NA	Orchesella cincta	GO:0005634;GO:0000981;GO:0000978;GO:0008270	C:nucleus;F:DNA-binding transcription factor activity, RNA polymerase II-specific;F:RNA polymerase II cis-regulatory region sequence-specific DNA binding;F:zinc ion binding	IEA:UniProtKB-SubCell;IEA:TreeGrafter;IEA:TreeGrafter;IEA:UniProtKB-KW	Success
A0A1D2M4Z0	A0A1D2M4Z0	A0A1D2M4Z0_ORCCI	Putative zinc finger protein	NA	Orchesella cincta	GO:0005634;GO:0008270;GO:0010468	C:nucleus;F:zinc ion binding;P:regulation of gene expression	IEA:UniProtKB-SubCell;IEA:UniProtKB-KW;IEA:TreeGrafter	Success
A0A1D2M307	A0A1D2M307	A0A1D2M307_ORCCI	F-box domain-containing protein	NA	Orchesella cincta	NA	NA	NA	Success
A0A1D2NMF9	A0A1D2NMF9	A0A1D2NMF9_ORCCI	A disintegrin and metalloproteinase with thrombospondin motifs 13	NA	Orchesella cincta	GO:0046872;GO:0004222;GO:0007229;GO:0006509	F:metal ion binding;F:metalloendopeptidase activity;P:integrin-mediated signaling pathway;P:membrane protein ectodomain proteolysis	IEA:UniProtKB-KW;IEA:InterPro;IEA:UniProtKB-KW;IEA:TreeGrafter	Success
A0A1D2M9X0	A0A1D2M9X0	A0A1D2M9X0_ORCCI	Metalloendopeptidase	NA	Orchesella cincta	GO:0004222;GO:0008270;GO:0006508	F:metalloendopeptidase activity;F:zinc ion binding;P:proteolysis	IEA:UniProtKB-UniRule;IEA:UniProtKB-UniRule;IEA:UniProtKB-KW	Success
A0A1D2M7F2	A0A1D2M7F2	A0A1D2M7F2_ORCCI	Metalloendopeptidase	NA	Orchesella cincta	GO:0004222;GO:0008270;GO:0006508	F:metalloendopeptidase activity;F:zinc ion binding;P:proteolysis	IEA:UniProtKB-UniRule;IEA:UniProtKB-UniRule;IEA:UniProtKB-KW	Success
A0A1D2MUQ1	A0A1D2MUQ1	A0A1D2MUQ1_ORCCI	Vascular endothelial growth factor receptor 3	NA	Orchesella cincta	GO:0005576;GO:0005886;GO:0043235;GO:0005524;GO:0004714;GO:0007169;GO:0050832;GO:0031640	C:extracellular region;C:plasma membrane;C:receptor complex;F:ATP binding;F:transmembrane receptor protein tyrosine kinase activity;P:cell surface receptor protein tyrosine kinase signaling pathway;P:defense response to fungus;P:killing of cells of another organism	IEA:UniProtKB-SubCell;IEA:TreeGrafter;IEA:TreeGrafter;IEA:UniProtKB-UniRule;IEA:TreeGrafter;IEA:TreeGrafter;IEA:UniProtKB-KW;IEA:UniProtKB-KW	Success
A0A1D2M6V6	A0A1D2M6V6	A0A1D2M6V6_ORCCI	Polypeptide N-acetylgalactosaminyltransferase	NA	Orchesella cincta	GO:0000139;GO:0030246;GO:0004653;GO:0006493	C:Golgi membrane;F:carbohydrate binding;F:polypeptide N-acetylgalactosaminyltransferase activity;P:protein O-linked glycosylation	IEA:UniProtKB-SubCell;IEA:UniProtKB-KW;IEA:TreeGrafter;IEA:TreeGrafter	Success
A0A1D2NK44	A0A1D2NK44	A0A1D2NK44_ORCCI	Amine oxidase	NA	Orchesella cincta	GO:0005507;GO:0008131;GO:0048038;GO:0009308	F:copper ion binding;F:primary methylamine oxidase activity;F:quinone binding;P:amine metabolic process	IEA:InterPro;IEA:InterPro;IEA:InterPro;IEA:UniProtKB-UniRule	Success
A0A1D2M7F2	A0A1D2M7F2	A0A1D2M7F2_ORCCI	Metalloendopeptidase	NA	Orchesella cincta	GO:0004222;GO:0008270;GO:0006508	F:metalloendopeptidase activity;F:zinc ion binding;P:proteolysis	IEA:UniProtKB-UniRule;IEA:UniProtKB-UniRule;IEA:UniProtKB-KW	Success
A0A1D2M6V6	A0A1D2M6V6	A0A1D2M6V6_ORCCI	Polypeptide N-acetylgalactosaminyltransferase	NA	Orchesella cincta	GO:0000139;GO:0030246;GO:0004653;GO:0006493	C:Golgi membrane;F:carbohydrate binding;F:polypeptide N-acetylgalactosaminyltransferase activity;P:protein O-linked glycosylation	IEA:UniProtKB-SubCell;IEA:UniProtKB-KW;IEA:TreeGrafter;IEA:TreeGrafter	Success
A0A1D2M7F2	A0A1D2M7F2	A0A1D2M7F2_ORCCI	Metalloendopeptidase	NA	Orchesella cincta	GO:0004222;GO:0008270;GO:0006508	F:metalloendopeptidase activity;F:zinc ion binding;P:proteolysis	IEA:UniProtKB-UniRule;IEA:UniProtKB-UniRule;IEA:UniProtKB-KW	Success
A0A1D2NB63	A0A1D2NB63	A0A1D2NB63_ORCCI	Mitochondria-eating protein	NA	Orchesella cincta	GO:0005759;GO:0005741;GO:0035694;GO:0035695	C:mitochondrial matrix;C:mitochondrial outer membrane;P:mitochondrial protein catabolic process;P:mitophagy by internal vacuole formation	IEA:UniProtKB-SubCell;IEA:UniProtKB-SubCell;IEA:InterPro;IEA:TreeGrafter	Success
A0A1D2MEI9	A0A1D2MEI9	A0A1D2MEI9_ORCCI	Poly(A) RNA polymerase cid13	NA	Orchesella cincta	GO:0016779;GO:0031123	F:nucleotidyltransferase activity;P:RNA 3'-end processing	IEA:TreeGrafter;IEA:TreeGrafter	Success
A0A1D2NB63	A0A1D2NB63	A0A1D2NB63_ORCCI	Mitochondria-eating protein	NA	Orchesella cincta	GO:0005759;GO:0005741;GO:0035694;GO:0035695	C:mitochondrial matrix;C:mitochondrial outer membrane;P:mitochondrial protein catabolic process;P:mitophagy by internal vacuole formation	IEA:UniProtKB-SubCell;IEA:UniProtKB-SubCell;IEA:InterPro;IEA:TreeGrafter	Success
A0A1D2NB59	A0A1D2NB59	A0A1D2NB59_ORCCI	Transmembrane protein 9	NA	Orchesella cincta	GO:0005765	C:lysosomal membrane	IEA:InterPro	Success
A0A1D2NET2	A0A1D2NET2	A0A1D2NET2_ORCCI	UDP-glucuronosyltransferase	NA	Orchesella cincta	GO:0016020;GO:0015020	C:membrane;F:glucuronosyltransferase activity	IEA:UniProtKB-SubCell;IEA:UniProtKB-EC	Success
A0A1D2MSN0	A0A1D2MSN0	A0A1D2MSN0_ORCCI	Putative RNA-binding protein EEED8.10	NA	Orchesella cincta	NA	NA	NA	Success
A0A1D2MSN0	A0A1D2MSN0	A0A1D2MSN0_ORCCI	Putative RNA-binding protein EEED8.10	NA	Orchesella cincta	NA	NA	NA	Success
A0A1D2MRJ3	A0A1D2MRJ3	A0A1D2MRJ3_ORCCI	Ribosomal RNA large subunit methyltransferase H	NA	Orchesella cincta	GO:0008168;GO:0032259	F:methyltransferase activity;P:methylation	IEA:UniProtKB-KW;IEA:UniProtKB-KW	Success
A0A1D2NE05	A0A1D2NE05	A0A1D2NE05_ORCCI	snRNA-activating protein complex subunit 4	NA	Orchesella cincta	GO:0005634;GO:0019185;GO:0000978;GO:0001006;GO:0042795;GO:0042796	C:nucleus;C:snRNA-activating protein complex;F:RNA polymerase II cis-regulatory region sequence-specific DNA binding;F:RNA polymerase III type 3 promoter sequence-specific DNA binding;P:snRNA transcription by RNA polymerase II;P:snRNA transcription by RNA polymerase III	IEA:UniProtKB-SubCell;IEA:TreeGrafter;IEA:TreeGrafter;IEA:TreeGrafter;IEA:TreeGrafter;IEA:TreeGrafter	Success
A0A1D2MMF2	A0A1D2MMF2	A0A1D2MMF2_ORCCI	Exosome component 10	NA	Orchesella cincta	GO:0000176;GO:0005730;GO:0000175;GO:0000166;GO:0003727;GO:0000467;GO:0071044;GO:0071040;GO:0071039;GO:0071035;GO:0071036;GO:0071037;GO:0071051;GO:0071038	C:nuclear exosome (RNase complex);C:nucleolus;F:3'-5'-RNA exonuclease activity;F:nucleotide binding;F:single-stranded RNA binding;P:exonucleolytic trimming to generate mature 3'-end of 5.8S rRNA from tricistronic rRNA transcript (SSU-rRNA, 5.8S rRNA, LSU-rRNA);P:histone mRNA catabolic process;P:nuclear polyadenylation-dependent antisense transcript catabolic process;P:nuclear polyadenylation-dependent CUT catabolic process;P:nuclear polyadenylation-dependent rRNA catabolic process;P:nuclear polyadenylation-dependent snoRNA catabolic process;P:nuclear polyadenylation-dependent snRNA catabolic process;P:poly(A)-dependent snoRNA 3'-end processing;P:TRAMP-dependent tRNA surveillance pathway	IEA:TreeGrafter;IEA:TreeGrafter;IEA:InterPro;IEA:InterPro;IEA:TreeGrafter;IEA:InterPro;IEA:TreeGrafter;IEA:TreeGrafter;IEA:TreeGrafter;IEA:TreeGrafter;IEA:TreeGrafter;IEA:TreeGrafter;IEA:TreeGrafter;IEA:TreeGrafter	Success
A0A1D2M7Z7	A0A1D2M7Z7	A0A1D2M7Z7_ORCCI	Kelch-like protein 9	NA	Orchesella cincta	NA	NA	NA	Success
A0A1D2N9E4	A0A1D2N9E4	A0A1D2N9E4_ORCCI	Gametocyte-specific factor 1	NA	Orchesella cincta	GO:0046872	F:metal ion binding	IEA:UniProtKB-KW	Success
A0A1D2NBY8	A0A1D2NBY8	A0A1D2NBY8_ORCCI	Kynurenine/alpha-aminoadipate aminotransferase, mitochondrial	NA	Orchesella cincta	GO:0016212;GO:0030170;GO:1901605;GO:0009058	F:kynurenine-oxoglutarate transaminase activity;F:pyridoxal phosphate binding;P:alpha-amino acid metabolic process;P:biosynthetic process	IEA:TreeGrafter;IEA:InterPro;IEA:TreeGrafter;IEA:InterPro	Success
A0A1D2NBH7	A0A1D2NBH7	A0A1D2NBH7_ORCCI	NAD-dependent protein deacylase Sirt4	NA	Orchesella cincta	GO:0005759;GO:0017136;GO:0046872;GO:0070403	C:mitochondrial matrix;F:histone deacetylase activity, NAD-dependent;F:metal ion binding;F:NAD+ binding	IEA:TreeGrafter;IEA:TreeGrafter;IEA:UniProtKB-KW;IEA:InterPro	Success
A0A1D2N373	A0A1D2N373	A0A1D2N373_ORCCI	Histone-lysine N-methyltransferase eggless	NA	Orchesella cincta	GO:0005694;GO:0005634;GO:0003677;GO:0046974;GO:0008270;GO:0070828;GO:0032259;GO:0010629	C:chromosome;C:nucleus;F:DNA binding;F:histone H3K9 methyltransferase activity;F:zinc ion binding;P:heterochromatin organization;P:methylation;P:negative regulation of gene expression	IEA:UniProtKB-SubCell;IEA:UniProtKB-SubCell;IEA:InterPro;IEA:UniProtKB-ARBA;IEA:InterPro;IEA:TreeGrafter;IEA:UniProtKB-KW;IEA:TreeGrafter	Success
A0A1D2NB53	A0A1D2NB53	A0A1D2NB53_ORCCI	Uncharacterized protein	NA	Orchesella cincta	NA	NA	NA	Success
A0A1D2NB67	A0A1D2NB67	A0A1D2NB67_ORCCI	Halomucin	NA	Orchesella cincta	NA	NA	NA	Success
A0A1D2MNV4	A0A1D2MNV4	A0A1D2MNV4_ORCCI	Uncharacterized protein	NA	Orchesella cincta	NA	NA	NA	Success
A0A1D2MCQ4	A0A1D2MCQ4	A0A1D2MCQ4_ORCCI	Protein TBRG4	NA	Orchesella cincta	GO:0044528	P:regulation of mitochondrial mRNA stability	IEA:InterPro	Success
A0A1D2MCY0	A0A1D2MCY0	A0A1D2MCY0_ORCCI	Methyltransferase domain-containing protein	NA	Orchesella cincta	GO:0016020;GO:0005739;GO:0016279;GO:0032259;GO:1905706	C:membrane;C:mitochondrion;F:protein-lysine N-methyltransferase activity;P:methylation;P:regulation of mitochondrial ATP synthesis coupled proton transport	IEA:UniProtKB-KW;IEA:TreeGrafter;IEA:InterPro;IEA:UniProtKB-KW;IEA:TreeGrafter	Success
A0A1D2MIZ8	A0A1D2MIZ8	A0A1D2MIZ8_ORCCI	Ras modification protein ERF4	NA	Orchesella cincta	GO:0005789;GO:0002178;GO:0006612	C:endoplasmic reticulum membrane;C:palmitoyltransferase complex;P:protein targeting to membrane	IEA:UniProtKB-SubCell;IEA:TreeGrafter;IEA:TreeGrafter	Success
A0A1D2MIY4	A0A1D2MIY4	A0A1D2MIY4_ORCCI	Pyridoxal phosphate homeostasis protein	NA	Orchesella cincta	GO:0030170	F:pyridoxal phosphate binding	IEA:UniProtKB-UniRule	Success
A0A1D2MJ07	A0A1D2MJ07	A0A1D2MJ07_ORCCI	Transmembrane 6 superfamily member 1	NA	Orchesella cincta	GO:0016020	C:membrane	IEA:UniProtKB-SubCell	Success
A0A1D2NAW4	A0A1D2NAW4	A0A1D2NAW4_ORCCI	Homeobox protein XHOX-7.1	NA	Orchesella cincta	GO:0005634;GO:0000981;GO:0000977;GO:0048598	C:nucleus;F:DNA-binding transcription factor activity, RNA polymerase II-specific;F:RNA polymerase II transcription regulatory region sequence-specific DNA binding;P:embryonic morphogenesis	IEA:UniProtKB-SubCell;IEA:TreeGrafter;IEA:TreeGrafter;IEA:TreeGrafter	Success
A0A1D2NBL8	A0A1D2NBL8	A0A1D2NBL8_ORCCI	Homeobox protein Nkx-2.3	NA	Orchesella cincta	GO:0005634;GO:0000981;GO:0000978;GO:0030154	C:nucleus;F:DNA-binding transcription factor activity, RNA polymerase II-specific;F:RNA polymerase II cis-regulatory region sequence-specific DNA binding;P:cell differentiation	IEA:UniProtKB-SubCell;IEA:InterPro;IEA:TreeGrafter;IEA:TreeGrafter	Success
A0A1D2NAW3	A0A1D2NAW3	A0A1D2NAW3_ORCCI	Uncharacterized protein	NA	Orchesella cincta	NA	NA	NA	Success
A0A1D2NBE6	A0A1D2NBE6	A0A1D2NBE6_ORCCI	Transcription factor LBX1	NA	Orchesella cincta	GO:0005634;GO:0000981;GO:1990837	C:nucleus;F:DNA-binding transcription factor activity, RNA polymerase II-specific;F:sequence-specific double-stranded DNA binding	IEA:UniProtKB-SubCell;IEA:InterPro;IEA:TreeGrafter	Success
A0A1D2MKB4	A0A1D2MKB4	A0A1D2MKB4_ORCCI	T-cell leukemia homeobox protein 3	NA	Orchesella cincta	GO:0005634;GO:0000981;GO:0000978;GO:0048513	C:nucleus;F:DNA-binding transcription factor activity, RNA polymerase II-specific;F:RNA polymerase II cis-regulatory region sequence-specific DNA binding;P:animal organ development	IEA:UniProtKB-SubCell;IEA:InterPro;IEA:TreeGrafter;IEA:TreeGrafter	Success
A0A1D2MKB4	A0A1D2MKB4	A0A1D2MKB4_ORCCI	T-cell leukemia homeobox protein 3	NA	Orchesella cincta	GO:0005634;GO:0000981;GO:0000978;GO:0048513	C:nucleus;F:DNA-binding transcription factor activity, RNA polymerase II-specific;F:RNA polymerase II cis-regulatory region sequence-specific DNA binding;P:animal organ development	IEA:UniProtKB-SubCell;IEA:InterPro;IEA:TreeGrafter;IEA:TreeGrafter	Success
A0A1D2MK36	A0A1D2MK36	A0A1D2MK36_ORCCI	Organic cation transporter protein	NA	Orchesella cincta	GO:0016020;GO:0022857	C:membrane;F:transmembrane transporter activity	IEA:UniProtKB-SubCell;IEA:InterPro	Success
A0A1D2MPQ1	A0A1D2MPQ1	A0A1D2MPQ1_ORCCI	Chitinase domain-containing protein 1	NA	Orchesella cincta	GO:0012505;GO:0008061;GO:0070492;GO:0005975	C:endomembrane system;F:chitin binding;F:oligosaccharide binding;P:carbohydrate metabolic process	IEA:TreeGrafter;IEA:InterPro;IEA:TreeGrafter;IEA:InterPro	Success
A0A1D2MPJ9	A0A1D2MPJ9	A0A1D2MPJ9_ORCCI	Inositol 1,4,5-trisphosphate receptor	NA	Orchesella cincta	GO:0005789;GO:0070679;GO:0005220;GO:0051209	C:endoplasmic reticulum membrane;F:inositol 1,4,5 trisphosphate binding;F:inositol 1,4,5-trisphosphate-gated calcium channel activity;P:release of sequestered calcium ion into cytosol	IEA:UniProtKB-SubCell;IEA:UniProtKB-UniRule;IEA:UniProtKB-UniRule;IEA:UniProtKB-UniRule	Success
A0A1D2MPH3	A0A1D2MPH3	A0A1D2MPH3_ORCCI	Guanylate cyclase	NA	Orchesella cincta	GO:0005886;GO:0004016;GO:0005524;GO:0005525;GO:0004383;GO:0001653;GO:0004672;GO:0035556;GO:0007168	C:plasma membrane;F:adenylate cyclase activity;F:ATP binding;F:GTP binding;F:guanylate cyclase activity;F:peptide receptor activity;F:protein kinase activity;P:intracellular signal transduction;P:receptor guanylyl cyclase signaling pathway	IEA:UniProtKB-SubCell;IEA:TreeGrafter;IEA:InterPro;IEA:UniProtKB-KW;IEA:UniProtKB-EC;IEA:TreeGrafter;IEA:InterPro;IEA:InterPro;IEA:TreeGrafter	Success
A0A1D2MPH3	A0A1D2MPH3	A0A1D2MPH3_ORCCI	Guanylate cyclase	NA	Orchesella cincta	GO:0005886;GO:0004016;GO:0005524;GO:0005525;GO:0004383;GO:0001653;GO:0004672;GO:0035556;GO:0007168	C:plasma membrane;F:adenylate cyclase activity;F:ATP binding;F:GTP binding;F:guanylate cyclase activity;F:peptide receptor activity;F:protein kinase activity;P:intracellular signal transduction;P:receptor guanylyl cyclase signaling pathway	IEA:UniProtKB-SubCell;IEA:TreeGrafter;IEA:InterPro;IEA:UniProtKB-KW;IEA:UniProtKB-EC;IEA:TreeGrafter;IEA:InterPro;IEA:InterPro;IEA:TreeGrafter	Success
A0A1D2MNF2	A0A1D2MNF2	A0A1D2MNF2_ORCCI	Protein Star	NA	Orchesella cincta	GO:0005789;GO:0005794;GO:0031902;GO:0005886;GO:0006888;GO:0016197	C:endoplasmic reticulum membrane;C:Golgi apparatus;C:late endosome membrane;C:plasma membrane;P:endoplasmic reticulum to Golgi vesicle-mediated transport;P:endosomal transport	IEA:TreeGrafter;IEA:TreeGrafter;IEA:TreeGrafter;IEA:TreeGrafter;IEA:TreeGrafter;IEA:TreeGrafter	Success
A0A1D2MVV2	A0A1D2MVV2	A0A1D2MVV2_ORCCI	Phosphoacetylglucosamine mutase	NA	Orchesella cincta	GO:0000287;GO:0004610;GO:0005975;GO:0006048	F:magnesium ion binding;F:phosphoacetylglucosamine mutase activity;P:carbohydrate metabolic process;P:UDP-N-acetylglucosamine biosynthetic process	IEA:InterPro;IEA:UniProtKB-UniRule;IEA:InterPro;IEA:UniProtKB-UniRule	Success
A0A1D2MUF3	A0A1D2MUF3	A0A1D2MUF3_ORCCI	DnaJ subfamily C member 25	NA	Orchesella cincta	GO:0005789;GO:0006457	C:endoplasmic reticulum membrane;P:protein folding	IEA:TreeGrafter;IEA:InterPro	Success
A0A1D2MTY0	A0A1D2MTY0	A0A1D2MTY0_ORCCI	Innexin	inx	Orchesella cincta	GO:0005921;GO:0005886;GO:0005243;GO:0034220;GO:0007602	C:gap junction;C:plasma membrane;F:gap junction channel activity;P:monoatomic ion transmembrane transport;P:phototransduction	IEA:UniProtKB-SubCell;IEA:UniProtKB-SubCell;IEA:TreeGrafter;IEA:UniProtKB-KW;IEA:TreeGrafter	Success
A0A1D2NMV6	A0A1D2NMV6	A0A1D2NMV6_ORCCI	F-box domain-containing protein	NA	Orchesella cincta	NA	NA	NA	Success
A0A1D2MKN5	A0A1D2MKN5	A0A1D2MKN5_ORCCI	Scavenger receptor class B member 1	NA	Orchesella cincta	GO:0005901;GO:0005737;GO:0005044	C:caveola;C:cytoplasm;F:scavenger receptor activity	IEA:UniProtKB-SubCell;IEA:TreeGrafter;IEA:TreeGrafter	Success
A0A1D2MYP0	A0A1D2MYP0	A0A1D2MYP0_ORCCI	Thymosin beta-10	NA	Orchesella cincta	GO:0005856;GO:0005829;GO:0003785;GO:0007015	C:cytoskeleton;C:cytosol;F:actin monomer binding;P:actin filament organization	IEA:UniProtKB-SubCell;IEA:TreeGrafter;IEA:InterPro;IEA:InterPro	Success
A0A1D2MYT7	A0A1D2MYT7	A0A1D2MYT7_ORCCI	Nocturnin	NA	Orchesella cincta	GO:0000175;GO:0006139	F:3'-5'-RNA exonuclease activity;P:nucleobase-containing compound metabolic process	IEA:TreeGrafter;IEA:UniProtKB-ARBA	Success
A0A1D2MYT7	A0A1D2MYT7	A0A1D2MYT7_ORCCI	Nocturnin	NA	Orchesella cincta	GO:0000175;GO:0006139	F:3'-5'-RNA exonuclease activity;P:nucleobase-containing compound metabolic process	IEA:TreeGrafter;IEA:UniProtKB-ARBA	Success
A0A1D2MYT3	A0A1D2MYT3	A0A1D2MYT3_ORCCI	Gamma-aminobutyric acid receptor subunit beta	NA	Orchesella cincta	GO:0034707;GO:0045211;GO:0005254;GO:0005230;GO:0004890;GO:0099095	C:chloride channel complex;C:postsynaptic membrane;F:chloride channel activity;F:extracellular ligand-gated monoatomic ion channel activity;F:GABA-A receptor activity;F:ligand-gated monoatomic anion channel activity	IEA:UniProtKB-KW;IEA:UniProtKB-SubCell;IEA:UniProtKB-KW;IEA:InterPro;IEA:InterPro;IEA:UniProtKB-ARBA	Success
A0A1D2MYT3	A0A1D2MYT3	A0A1D2MYT3_ORCCI	Gamma-aminobutyric acid receptor subunit beta	NA	Orchesella cincta	GO:0034707;GO:0045211;GO:0005254;GO:0005230;GO:0004890;GO:0099095	C:chloride channel complex;C:postsynaptic membrane;F:chloride channel activity;F:extracellular ligand-gated monoatomic ion channel activity;F:GABA-A receptor activity;F:ligand-gated monoatomic anion channel activity	IEA:UniProtKB-KW;IEA:UniProtKB-SubCell;IEA:UniProtKB-KW;IEA:InterPro;IEA:InterPro;IEA:UniProtKB-ARBA	Success
A0A1D2N5H2	A0A1D2N5H2	A0A1D2N5H2_ORCCI	DE-cadherin	NA	Orchesella cincta	GO:0005912;GO:0016342;GO:0008013;GO:0045296;GO:0005509;GO:0034332;GO:0009887;GO:0016339;GO:0016477;GO:0000902;GO:0044331;GO:0007043;GO:0001736;GO:0007163;GO:0007156	C:adherens junction;C:catenin complex;F:beta-catenin binding;F:cadherin binding;F:calcium ion binding;P:adherens junction organization;P:animal organ morphogenesis;P:calcium-dependent cell-cell adhesion via plasma membrane cell adhesion molecules;P:cell migration;P:cell morphogenesis;P:cell-cell adhesion mediated by cadherin;P:cell-cell junction assembly;P:establishment of planar polarity;P:establishment or maintenance of cell polarity;P:homophilic cell adhesion via plasma membrane adhesion molecules	IEA:TreeGrafter;IEA:TreeGrafter;IEA:TreeGrafter;IEA:TreeGrafter;IEA:UniProtKB-UniRule;IEA:TreeGrafter;IEA:UniProtKB-ARBA;IEA:TreeGrafter;IEA:TreeGrafter;IEA:TreeGrafter;IEA:TreeGrafter;IEA:TreeGrafter;IEA:UniProtKB-ARBA;IEA:UniProtKB-ARBA;IEA:InterPro	Success
A0A1D2N5H2	A0A1D2N5H2	A0A1D2N5H2_ORCCI	DE-cadherin	NA	Orchesella cincta	GO:0005912;GO:0016342;GO:0008013;GO:0045296;GO:0005509;GO:0034332;GO:0009887;GO:0016339;GO:0016477;GO:0000902;GO:0044331;GO:0007043;GO:0001736;GO:0007163;GO:0007156	C:adherens junction;C:catenin complex;F:beta-catenin binding;F:cadherin binding;F:calcium ion binding;P:adherens junction organization;P:animal organ morphogenesis;P:calcium-dependent cell-cell adhesion via plasma membrane cell adhesion molecules;P:cell migration;P:cell morphogenesis;P:cell-cell adhesion mediated by cadherin;P:cell-cell junction assembly;P:establishment of planar polarity;P:establishment or maintenance of cell polarity;P:homophilic cell adhesion via plasma membrane adhesion molecules	IEA:TreeGrafter;IEA:TreeGrafter;IEA:TreeGrafter;IEA:TreeGrafter;IEA:UniProtKB-UniRule;IEA:TreeGrafter;IEA:UniProtKB-ARBA;IEA:TreeGrafter;IEA:TreeGrafter;IEA:TreeGrafter;IEA:TreeGrafter;IEA:TreeGrafter;IEA:UniProtKB-ARBA;IEA:UniProtKB-ARBA;IEA:InterPro	Success
A0A1D2N5L9	A0A1D2N5L9	A0A1D2N5L9_ORCCI	Homeodomain-only protein	NA	Orchesella cincta	GO:0005634;GO:0003677;GO:0030154;GO:0006357	C:nucleus;F:DNA binding;P:cell differentiation;P:regulation of transcription by RNA polymerase II	IEA:UniProtKB-SubCell;IEA:UniProtKB-UniRule;IEA:InterPro;IEA:TreeGrafter	Success
A0A1D2N5L1	A0A1D2N5L1	A0A1D2N5L1_ORCCI	SAFB-like transcription modulator	NA	Orchesella cincta	GO:0005634;GO:0003723;GO:0043565;GO:0050684;GO:0006357	C:nucleus;F:RNA binding;F:sequence-specific DNA binding;P:regulation of mRNA processing;P:regulation of transcription by RNA polymerase II	IEA:UniProtKB-SubCell;IEA:UniProtKB-UniRule;IEA:TreeGrafter;IEA:TreeGrafter;IEA:TreeGrafter	Success
A0A1D2N626	A0A1D2N626	A0A1D2N626_ORCCI	LysM and putative peptidoglycan-binding domain-containing protein 1	NA	Orchesella cincta	NA	NA	NA	Success
A0A1D2N5J3	A0A1D2N5J3	A0A1D2N5J3_ORCCI	Uncharacterized protein	NA	Orchesella cincta	NA	NA	NA	Success
A0A1D2MVK2	A0A1D2MVK2	A0A1D2MVK2_ORCCI	Chromodomain-helicase-DNA-binding protein 1	NA	Orchesella cincta	GO:0000785;GO:0005634;GO:0005524;GO:0016887;GO:0140658;GO:0003682;GO:0003677;GO:0004386;GO:0042393;GO:0008641;GO:0034728;GO:0036211	C:chromatin;C:nucleus;F:ATP binding;F:ATP hydrolysis activity;F:ATP-dependent chromatin remodeler activity;F:chromatin binding;F:DNA binding;F:helicase activity;F:histone binding;F:ubiquitin-like modifier activating enzyme activity;P:nucleosome organization;P:protein modification process	IEA:TreeGrafter;IEA:UniProtKB-SubCell;IEA:UniProtKB-KW;IEA:TreeGrafter;IEA:TreeGrafter;IEA:TreeGrafter;IEA:UniProtKB-KW;IEA:UniProtKB-KW;IEA:TreeGrafter;IEA:InterPro;IEA:TreeGrafter;IEA:InterPro	Success
A0A1D2MZL9	A0A1D2MZL9	A0A1D2MZL9_ORCCI	Acetylcholine receptor subunit beta-like 2	NA	Orchesella cincta	GO:0016020;GO:0006811	C:membrane;P:monoatomic ion transport	IEA:UniProtKB-KW;IEA:InterPro	Success
A0A1D2NFB8	A0A1D2NFB8	A0A1D2NFB8_ORCCI	Large ribosomal subunit protein uL22m	NA	Orchesella cincta	GO:0005762;GO:0003735;GO:0006412	C:mitochondrial large ribosomal subunit;F:structural constituent of ribosome;P:translation	IEA:TreeGrafter;IEA:InterPro;IEA:InterPro	Success
A0A1D2NFT1	A0A1D2NFT1	A0A1D2NFT1_ORCCI	Uncharacterized protein	NA	Orchesella cincta	NA	NA	NA	Success
A0A1D2MRS6	A0A1D2MRS6	A0A1D2MRS6_ORCCI	RNA helicase	NA	Orchesella cincta	GO:0005829;GO:0005524;GO:0016787;GO:0003676;GO:0003724;GO:0010468	C:cytosol;F:ATP binding;F:hydrolase activity;F:nucleic acid binding;F:RNA helicase activity;P:regulation of gene expression	IEA:TreeGrafter;IEA:UniProtKB-KW;IEA:UniProtKB-KW;IEA:InterPro;IEA:UniProtKB-EC;IEA:UniProtKB-ARBA	Success
A0A1D2NFE3	A0A1D2NFE3	A0A1D2NFE3_ORCCI	Myosin light chain kinase, smooth muscle	NA	Orchesella cincta	GO:0005634;GO:0005524;GO:0004674;GO:0035556;GO:0043065	C:nucleus;F:ATP binding;F:protein serine/threonine kinase activity;P:intracellular signal transduction;P:positive regulation of apoptotic process	IEA:TreeGrafter;IEA:UniProtKB-UniRule;IEA:UniProtKB-KW;IEA:TreeGrafter;IEA:TreeGrafter	Success
A0A1D2NFA3	A0A1D2NFA3	A0A1D2NFA3_ORCCI	U6 snRNA-associated Sm-like protein LSm1	LSM1	Orchesella cincta	GO:1990726;GO:0000932;GO:1990904;GO:0003729;GO:0000290;GO:0006397	C:Lsm1-7-Pat1 complex;C:P-body;C:ribonucleoprotein complex;F:mRNA binding;P:deadenylation-dependent decapping of nuclear-transcribed mRNA;P:mRNA processing	IEA:TreeGrafter;IEA:UniProtKB-SubCell;IEA:UniProtKB-KW;IEA:TreeGrafter;IEA:TreeGrafter;IEA:UniProtKB-UniRule	Success
A0A1D2NFS1	A0A1D2NFS1	A0A1D2NFS1_ORCCI	Small ribosomal subunit protein mS26	NA	Orchesella cincta	GO:0005763	C:mitochondrial small ribosomal subunit	IEA:InterPro	Success
A0A1D2NG53	A0A1D2NG53	A0A1D2NG53_ORCCI	Transcription initiation protein SPT3	NA	Orchesella cincta	GO:0005634;GO:0046982;GO:0003713;GO:0006366	C:nucleus;F:protein heterodimerization activity;F:transcription coactivator activity;P:transcription by RNA polymerase II	IEA:UniProtKB-SubCell;IEA:InterPro;IEA:TreeGrafter;IEA:InterPro	Success
A0A1D2NFD0	A0A1D2NFD0	A0A1D2NFD0_ORCCI	Phosphatidylinositide phosphatase SAC2	NA	Orchesella cincta	GO:0045334;GO:0005769;GO:0043812;GO:0046856;GO:2001135	C:clathrin-coated endocytic vesicle;C:early endosome;F:phosphatidylinositol-4-phosphate phosphatase activity;P:phosphatidylinositol dephosphorylation;P:regulation of endocytic recycling	IEA:TreeGrafter;IEA:TreeGrafter;IEA:TreeGrafter;IEA:TreeGrafter;IEA:TreeGrafter	Success
A0A1D2M5Y5	A0A1D2M5Y5	A0A1D2M5Y5_ORCCI	Uncharacterized protein	NA	Orchesella cincta	GO:0005634	C:nucleus	IEA:TreeGrafter	Success
A0A1D2N160	A0A1D2N160	A0A1D2N160_ORCCI	ABC transporter G family member 23	NA	Orchesella cincta	GO:0016020;GO:0140359;GO:0005524;GO:0016887	C:membrane;F:ABC-type transporter activity;F:ATP binding;F:ATP hydrolysis activity	IEA:UniProtKB-SubCell;IEA:InterPro;IEA:UniProtKB-KW;IEA:InterPro	Success
A0A1D2MZZ9	A0A1D2MZZ9	A0A1D2MZZ9_ORCCI	Delta-1-pyrroline-5-carboxylate synthase	NA	Orchesella cincta	GO:0005739;GO:0005524;GO:0004349;GO:0004350;GO:0055129	C:mitochondrion;F:ATP binding;F:glutamate 5-kinase activity;F:glutamate-5-semialdehyde dehydrogenase activity;P:L-proline biosynthetic process	IEA:UniProtKB-UniRule;IEA:UniProtKB-UniRule;IEA:UniProtKB-UniRule;IEA:UniProtKB-UniRule;IEA:UniProtKB-UniRule	Success
A0A1D2N013	A0A1D2N013	A0A1D2N013_ORCCI	Insulin-like growth factor-binding protein-related protein 1	NA	Orchesella cincta	GO:0005576;GO:0016020;GO:0005520;GO:0001558;GO:0009966	C:extracellular region;C:membrane;F:insulin-like growth factor binding;P:regulation of cell growth;P:regulation of signal transduction	IEA:UniProtKB-SubCell;IEA:UniProtKB-KW;IEA:InterPro;IEA:InterPro;IEA:TreeGrafter	Success
A0A1D2N8W6	A0A1D2N8W6	A0A1D2N8W6_ORCCI	Uncharacterized protein	NA	Orchesella cincta	NA	NA	NA	Success
A0A1D2M991	A0A1D2M991	A0A1D2M991_ORCCI	Large ribosomal subunit protein uL14	NA	Orchesella cincta	GO:0022625;GO:0070180;GO:0003735;GO:0006412	C:cytosolic large ribosomal subunit;F:large ribosomal subunit rRNA binding;F:structural constituent of ribosome;P:translation	IEA:TreeGrafter;IEA:TreeGrafter;IEA:InterPro;IEA:InterPro	Success
A0A1D2N005	A0A1D2N005	A0A1D2N005_ORCCI	Transmembrane emp24 domain-containing protein eca	NA	Orchesella cincta	GO:0016020	C:membrane	IEA:UniProtKB-SubCell	Success
A0A1D2MZZ5	A0A1D2MZZ5	A0A1D2MZZ5_ORCCI	DDRGK domain-containing protein 1	NA	Orchesella cincta	GO:0005789;GO:0044389	C:endoplasmic reticulum membrane;F:ubiquitin-like protein ligase binding	IEA:UniProtKB-SubCell;IEA:TreeGrafter	Success
A0A1D2N024	A0A1D2N024	A0A1D2N024_ORCCI	Cardioactive peptide	NA	Orchesella cincta	NA	NA	NA	Success
A0A1D2N092	A0A1D2N092	A0A1D2N092_ORCCI	Phosphatidate phosphatase PPAPDC1A	NA	Orchesella cincta	GO:0016020;GO:0008195;GO:0046839;GO:0006644	C:membrane;F:phosphatidate phosphatase activity;P:phospholipid dephosphorylation;P:phospholipid metabolic process	IEA:UniProtKB-SubCell;IEA:UniProtKB-EC;IEA:TreeGrafter;IEA:UniProtKB-UniPathway	Success
A0A1D2N009	A0A1D2N009	A0A1D2N009_ORCCI	Protein BCCIP	NA	Orchesella cincta	GO:0005634	C:nucleus	IEA:TreeGrafter	Success
A0A1D2MZ55	A0A1D2MZ55	A0A1D2MZ55_ORCCI	Protein ECM34	NA	Orchesella cincta	NA	NA	NA	Success
A0A1D2MWX7	A0A1D2MWX7	A0A1D2MWX7_ORCCI	sphingomyelin phosphodiesterase	NA	Orchesella cincta	GO:0016020;GO:0004767;GO:0006665	C:membrane;F:sphingomyelin phosphodiesterase activity;P:sphingolipid metabolic process	IEA:UniProtKB-SubCell;IEA:UniProtKB-EC;IEA:UniProtKB-KW	Success
A0A1D2MUP7	A0A1D2MUP7	A0A1D2MUP7_ORCCI	Lambda-crystallin	NA	Orchesella cincta	GO:0050104;GO:0070403;GO:0006631	F:L-gulonate 3-dehydrogenase activity;F:NAD+ binding;P:fatty acid metabolic process	IEA:TreeGrafter;IEA:InterPro;IEA:InterPro	Success
A0A1D2MUP7	A0A1D2MUP7	A0A1D2MUP7_ORCCI	Lambda-crystallin	NA	Orchesella cincta	GO:0050104;GO:0070403;GO:0006631	F:L-gulonate 3-dehydrogenase activity;F:NAD+ binding;P:fatty acid metabolic process	IEA:TreeGrafter;IEA:InterPro;IEA:InterPro	Success
A0A1D2MTU1	A0A1D2MTU1	A0A1D2MTU1_ORCCI	Spondin-1	NA	Orchesella cincta	GO:0031012;GO:0005576;GO:0046872;GO:0004867;GO:0007155	C:extracellular matrix;C:extracellular region;F:metal ion binding;F:serine-type endopeptidase inhibitor activity;P:cell adhesion	IEA:UniProtKB-UniRule;IEA:UniProtKB-KW;IEA:UniProtKB-KW;IEA:InterPro;IEA:UniProtKB-KW	Success
A0A1D2MU24	A0A1D2MU24	A0A1D2MU24_ORCCI	Transient receptor potential-gamma protein	NA	Orchesella cincta	NA	NA	NA	Success
A0A1D2NC66	A0A1D2NC66	A0A1D2NC66_ORCCI	Uncharacterized protein	NA	Orchesella cincta	NA	NA	NA	Success
A0A1D2M235	A0A1D2M235	A0A1D2M235_ORCCI	ATP-dependent DNA helicase	NA	Orchesella cincta	GO:0005524;GO:0016887;GO:0003678;GO:0006310;GO:0006281;GO:0000723	F:ATP binding;F:ATP hydrolysis activity;F:DNA helicase activity;P:DNA recombination;P:DNA repair;P:telomere maintenance	IEA:UniProtKB-KW;IEA:RHEA;IEA:InterPro;IEA:UniProtKB-KW;IEA:UniProtKB-KW;IEA:InterPro	Success
A0A1D2N5A0	A0A1D2N5A0	A0A1D2N5A0_ORCCI	Potassium voltage-gated channel protein Shaker	NA	Orchesella cincta	GO:0008076;GO:0005251;GO:0001508;GO:0051260	C:voltage-gated potassium channel complex;F:delayed rectifier potassium channel activity;P:action potential;P:protein homooligomerization	IEA:InterPro;IEA:TreeGrafter;IEA:TreeGrafter;IEA:InterPro	Success
A0A1D2N7K2	A0A1D2N7K2	A0A1D2N7K2_ORCCI	WH1 domain-containing protein	NA	Orchesella cincta	GO:0003700;GO:0006357	F:DNA-binding transcription factor activity;P:regulation of transcription by RNA polymerase II	IEA:InterPro;IEA:InterPro	Success
A0A1D2NDW7	A0A1D2NDW7	A0A1D2NDW7_ORCCI	Nipped-B protein	NA	Orchesella cincta	GO:0090694;GO:0003682;GO:0061775;GO:0140588;GO:0034087;GO:0071169;GO:0010468;GO:1990414	C:Scc2-Scc4 cohesin loading complex;F:chromatin binding;F:cohesin loader activity;P:chromatin looping;P:establishment of mitotic sister chromatid cohesion;P:establishment of protein localization to chromatin;P:regulation of gene expression;P:replication-born double-strand break repair via sister chromatid exchange	IEA:TreeGrafter;IEA:TreeGrafter;IEA:InterPro;IEA:InterPro;IEA:TreeGrafter;IEA:TreeGrafter;IEA:InterPro;IEA:TreeGrafter	Success
A0A1D2NEM3	A0A1D2NEM3	A0A1D2NEM3_ORCCI	Sterol carrier protein 2	NA	Orchesella cincta	GO:0005777;GO:0003988;GO:0050633;GO:0008289;GO:0006629;GO:0006869	C:peroxisome;F:acetyl-CoA C-acyltransferase activity;F:acetyl-CoA C-myristoyltransferase activity;F:lipid binding;P:lipid metabolic process;P:lipid transport	IEA:UniProtKB-SubCell;IEA:UniProtKB-EC;IEA:UniProtKB-EC;IEA:UniProtKB-KW;IEA:UniProtKB-KW;IEA:UniProtKB-KW	Success
A0A1D2MEN6	A0A1D2MEN6	A0A1D2MEN6_ORCCI	RNA-directed DNA polymerase from mobile element jockey	NA	Orchesella cincta	GO:0031012;GO:0003964;GO:0061343;GO:0007508	C:extracellular matrix;F:RNA-directed DNA polymerase activity;P:cell adhesion involved in heart morphogenesis;P:larval heart development	IEA:TreeGrafter;IEA:UniProtKB-KW;IEA:TreeGrafter;IEA:TreeGrafter	Success
A0A1D2M8W7	A0A1D2M8W7	A0A1D2M8W7_ORCCI	Membrane-bound transcription factor site-1 protease	NA	Orchesella cincta	GO:0004252;GO:0006508	F:serine-type endopeptidase activity;P:proteolysis	IEA:InterPro;IEA:UniProtKB-KW	Success
A0A1D2NDV8	A0A1D2NDV8	A0A1D2NDV8_ORCCI	Dual specificity tyrosine-phosphorylation-regulated kinase 2	NA	Orchesella cincta	GO:0005737;GO:0005856;GO:0005634;GO:0005524;GO:0004674	C:cytoplasm;C:cytoskeleton;C:nucleus;F:ATP binding;F:protein serine/threonine kinase activity	IEA:TreeGrafter;IEA:TreeGrafter;IEA:TreeGrafter;IEA:InterPro;IEA:UniProtKB-KW	Success
A0A1D2NDT7	A0A1D2NDT7	A0A1D2NDT7_ORCCI	Striatin-interacting protein 1	NA	Orchesella cincta	GO:0005829;GO:0007010	C:cytosol;P:cytoskeleton organization	IEA:TreeGrafter;IEA:TreeGrafter	Success
A0A1D2NDT2	A0A1D2NDT2	A0A1D2NDT2_ORCCI	Protein SSUH2	NA	Orchesella cincta	NA	NA	NA	Success
A0A1D2NDU2	A0A1D2NDU2	A0A1D2NDU2_ORCCI	DNA replication complex GINS protein PSF3	NA	Orchesella cincta	GO:0000811;GO:1902975	C:GINS complex;P:mitotic DNA replication initiation	IEA:UniProtKB-UniRule;IEA:TreeGrafter	Success
A0A1D2N909	A0A1D2N909	A0A1D2N909_ORCCI	tRNA (uracil-O(2)-)-methyltransferase	NA	Orchesella cincta	GO:0005737;GO:0141101;GO:0030488	C:cytoplasm;F:tRNA(Ser) (uridine(44)-2'-O-)-methyltransferase activity;P:tRNA methylation	IEA:UniProtKB-SubCell;IEA:UniProtKB-EC;IEA:UniProtKB-UniRule	Success
A0A1D2N909	A0A1D2N909	A0A1D2N909_ORCCI	tRNA (uracil-O(2)-)-methyltransferase	NA	Orchesella cincta	GO:0005737;GO:0141101;GO:0030488	C:cytoplasm;F:tRNA(Ser) (uridine(44)-2'-O-)-methyltransferase activity;P:tRNA methylation	IEA:UniProtKB-SubCell;IEA:UniProtKB-EC;IEA:UniProtKB-UniRule	Success
A0A1D2N915	A0A1D2N915	A0A1D2N915_ORCCI	60S ribosomal protein L23a	NA	Orchesella cincta	GO:1990904;GO:0005840;GO:0019843;GO:0003735;GO:0006412	C:ribonucleoprotein complex;C:ribosome;F:rRNA binding;F:structural constituent of ribosome;P:translation	IEA:UniProtKB-KW;IEA:UniProtKB-KW;IEA:UniProtKB-KW;IEA:InterPro;IEA:InterPro	Success
A0A1D2MQJ9	A0A1D2MQJ9	A0A1D2MQJ9_ORCCI	Glutamate-gated chloride channel	NA	Orchesella cincta	GO:0005886;GO:0005254;GO:0005230;GO:0099095;GO:0004888	C:plasma membrane;F:chloride channel activity;F:extracellular ligand-gated monoatomic ion channel activity;F:ligand-gated monoatomic anion channel activity;F:transmembrane signaling receptor activity	IEA:UniProtKB-SubCell;IEA:UniProtKB-ARBA;IEA:InterPro;IEA:UniProtKB-ARBA;IEA:InterPro	Success
A0A1D2MH31	A0A1D2MH31	A0A1D2MH31_ORCCI	Atrial natriuretic peptide receptor 3	NA	Orchesella cincta	GO:0017046;GO:0038023;GO:0007165	F:peptide hormone binding;F:signaling receptor activity;P:signal transduction	IEA:TreeGrafter;IEA:TreeGrafter;IEA:TreeGrafter	Success
A0A1D2NFQ9	A0A1D2NFQ9	A0A1D2NFQ9_ORCCI	ARF GTPase-activating protein GIT2	NA	Orchesella cincta	GO:0005096;GO:0031267;GO:0008270;GO:0007420;GO:0032012;GO:0008277	F:GTPase activator activity;F:small GTPase binding;F:zinc ion binding;P:brain development;P:regulation of ARF protein signal transduction;P:regulation of G protein-coupled receptor signaling pathway	IEA:InterPro;IEA:TreeGrafter;IEA:UniProtKB-KW;IEA:InterPro;IEA:InterPro;IEA:TreeGrafter	Success
A0A1D2NFV7	A0A1D2NFV7	A0A1D2NFV7_ORCCI	Structural maintenance of chromosomes protein 6	NA	Orchesella cincta	GO:0005634;GO:0035861;GO:0030915;GO:0005524;GO:0003684;GO:0003697;GO:0000724	C:nucleus;C:site of double-strand break;C:Smc5-Smc6 complex;F:ATP binding;F:damaged DNA binding;F:single-stranded DNA binding;P:double-strand break repair via homologous recombination	IEA:UniProtKB-SubCell;IEA:TreeGrafter;IEA:TreeGrafter;IEA:UniProtKB-KW;IEA:TreeGrafter;IEA:TreeGrafter;IEA:TreeGrafter	Success
A0A1D2NFY2	A0A1D2NFY2	A0A1D2NFY2_ORCCI	Rab-like protein 2A	NA	Orchesella cincta	GO:0005525;GO:0003924	F:GTP binding;F:GTPase activity	IEA:InterPro;IEA:InterPro	Success
A0A1D2NGC5	A0A1D2NGC5	A0A1D2NGC5_ORCCI	F-box/WD repeat-containing protein 7	NA	Orchesella cincta	GO:0005737;GO:0005634;GO:0043130;GO:0043161;GO:0010992	C:cytoplasm;C:nucleus;F:ubiquitin binding;P:proteasome-mediated ubiquitin-dependent protein catabolic process;P:ubiquitin recycling	IEA:TreeGrafter;IEA:TreeGrafter;IEA:TreeGrafter;IEA:TreeGrafter;IEA:TreeGrafter	Success
A0A1D2NFT6	A0A1D2NFT6	A0A1D2NFT6_ORCCI	Sorting and assembly machinery component 50	NA	Orchesella cincta	GO:0005741;GO:0033108;GO:0045040	C:mitochondrial outer membrane;P:mitochondrial respiratory chain complex assembly;P:protein insertion into mitochondrial outer membrane	IEA:UniProtKB-SubCell;IEA:TreeGrafter;IEA:TreeGrafter	Success
A0A1D2M5Q3	A0A1D2M5Q3	A0A1D2M5Q3_ORCCI	Acyl-CoA Delta(11) desaturase	NA	Orchesella cincta	GO:0005789;GO:0005506;GO:0004768;GO:0006636	C:endoplasmic reticulum membrane;F:iron ion binding;F:stearoyl-CoA 9-desaturase activity;P:unsaturated fatty acid biosynthetic process	IEA:TreeGrafter;IEA:TreeGrafter;IEA:TreeGrafter;IEA:TreeGrafter	Success
A0A1D2M4D6	A0A1D2M4D6	A0A1D2M4D6_ORCCI	Cytochrome P450 4g1	NA	Orchesella cincta	GO:0020037;GO:0005506;GO:0004497;GO:0016705	F:heme binding;F:iron ion binding;F:monooxygenase activity;F:oxidoreductase activity, acting on paired donors, with incorporation or reduction of molecular oxygen	IEA:InterPro;IEA:InterPro;IEA:UniProtKB-KW;IEA:InterPro	Success
A0A1D2N0C3	A0A1D2N0C3	A0A1D2N0C3_ORCCI	Lovastatin diketide synthase LovF	NA	Orchesella cincta	GO:0004315;GO:0016491;GO:0031177;GO:0006633	F:3-oxoacyl-[acyl-carrier-protein] synthase activity;F:oxidoreductase activity;F:phosphopantetheine binding;P:fatty acid biosynthetic process	IEA:InterPro;IEA:InterPro;IEA:InterPro;IEA:UniProtKB-UniPathway	Success
A0A1D2NL06	A0A1D2NL06	A0A1D2NL06_ORCCI	long-chain-fatty-acid--CoA ligase	NA	Orchesella cincta	GO:0005789;GO:0005886;GO:0005324;GO:0004467;GO:0044539	C:endoplasmic reticulum membrane;C:plasma membrane;F:long-chain fatty acid transmembrane transporter activity;F:long-chain fatty acid-CoA ligase activity;P:long-chain fatty acid import into cell	IEA:TreeGrafter;IEA:TreeGrafter;IEA:TreeGrafter;IEA:TreeGrafter;IEA:TreeGrafter	Success
A0A1D2M5Q3	A0A1D2M5Q3	A0A1D2M5Q3_ORCCI	Acyl-CoA Delta(11) desaturase	NA	Orchesella cincta	GO:0005789;GO:0005506;GO:0004768;GO:0006636	C:endoplasmic reticulum membrane;F:iron ion binding;F:stearoyl-CoA 9-desaturase activity;P:unsaturated fatty acid biosynthetic process	IEA:TreeGrafter;IEA:TreeGrafter;IEA:TreeGrafter;IEA:TreeGrafter	Success
A0A1D2MYS0	A0A1D2MYS0	A0A1D2MYS0_ORCCI	Diacylglycerol O-acyltransferase	NA	Orchesella cincta	GO:0005886;GO:0008374;GO:0019432	C:plasma membrane;F:O-acyltransferase activity;P:triglyceride biosynthetic process	IEA:TreeGrafter;IEA:InterPro;IEA:TreeGrafter	Success
A0A1D2N0C3	A0A1D2N0C3	A0A1D2N0C3_ORCCI	Lovastatin diketide synthase LovF	NA	Orchesella cincta	GO:0004315;GO:0016491;GO:0031177;GO:0006633	F:3-oxoacyl-[acyl-carrier-protein] synthase activity;F:oxidoreductase activity;F:phosphopantetheine binding;P:fatty acid biosynthetic process	IEA:InterPro;IEA:InterPro;IEA:InterPro;IEA:UniProtKB-UniPathway	Success
A0A1D2M491	A0A1D2M491	A0A1D2M491_ORCCI	RNA-directed DNA polymerase	NA	Orchesella cincta	GO:0042575;GO:0004519;GO:0003676;GO:0003964;GO:0008270;GO:0015074	C:DNA polymerase complex;F:endonuclease activity;F:nucleic acid binding;F:RNA-directed DNA polymerase activity;F:zinc ion binding;P:DNA integration	IEA:UniProtKB-ARBA;IEA:UniProtKB-KW;IEA:InterPro;IEA:UniProtKB-KW;IEA:UniProtKB-KW;IEA:InterPro	Success
A0A1D2MYS0	A0A1D2MYS0	A0A1D2MYS0_ORCCI	Diacylglycerol O-acyltransferase	NA	Orchesella cincta	GO:0005886;GO:0008374;GO:0019432	C:plasma membrane;F:O-acyltransferase activity;P:triglyceride biosynthetic process	IEA:TreeGrafter;IEA:InterPro;IEA:TreeGrafter	Success
A0A1D2N6P3	A0A1D2N6P3	A0A1D2N6P3_ORCCI	Alpha-tocopherol transfer protein-like	NA	Orchesella cincta	GO:0016020;GO:1902936	C:membrane;F:phosphatidylinositol bisphosphate binding	IEA:TreeGrafter;IEA:TreeGrafter	Success
A0A1D2N0C3	A0A1D2N0C3	A0A1D2N0C3_ORCCI	Lovastatin diketide synthase LovF	NA	Orchesella cincta	GO:0004315;GO:0016491;GO:0031177;GO:0006633	F:3-oxoacyl-[acyl-carrier-protein] synthase activity;F:oxidoreductase activity;F:phosphopantetheine binding;P:fatty acid biosynthetic process	IEA:InterPro;IEA:InterPro;IEA:InterPro;IEA:UniProtKB-UniPathway	Success
A0A1D2NBE2	A0A1D2NBE2	A0A1D2NBE2_ORCCI	DNA repair protein	NA	Orchesella cincta	GO:0005737;GO:0000111;GO:0071942;GO:0003684;GO:0003697;GO:0006298;GO:0006289	C:cytoplasm;C:nucleotide-excision repair factor 2 complex;C:XPC complex;F:damaged DNA binding;F:single-stranded DNA binding;P:mismatch repair;P:nucleotide-excision repair	IEA:TreeGrafter;IEA:TreeGrafter;IEA:TreeGrafter;IEA:InterPro;IEA:TreeGrafter;IEA:TreeGrafter;IEA:InterPro	Success
A0A1D2NB35	A0A1D2NB35	A0A1D2NB35_ORCCI	Muscle LIM protein Mlp84B	NA	Orchesella cincta	GO:0005634;GO:0030018;GO:0042805;GO:0046872;GO:0008307;GO:0060537;GO:0045214	C:nucleus;C:Z disc;F:actinin binding;F:metal ion binding;F:structural constituent of muscle;P:muscle tissue development;P:sarcomere organization	IEA:UniProtKB-SubCell;IEA:TreeGrafter;IEA:TreeGrafter;IEA:UniProtKB-KW;IEA:TreeGrafter;IEA:TreeGrafter;IEA:TreeGrafter	Success
A0A1D2NH92	A0A1D2NH92	A0A1D2NH92_ORCCI	Uncharacterized protein	NA	Orchesella cincta	NA	NA	NA	Success
A0A1D2MRQ2	A0A1D2MRQ2	A0A1D2MRQ2_ORCCI	Putative zinc finger protein	NA	Orchesella cincta	GO:0005634;GO:0008270;GO:0010468	C:nucleus;F:zinc ion binding;P:regulation of gene expression	IEA:TreeGrafter;IEA:UniProtKB-KW;IEA:TreeGrafter	Success
A0A1D2MRJ2	A0A1D2MRJ2	A0A1D2MRJ2_ORCCI	Spondin-1	NA	Orchesella cincta	NA	NA	NA	Success
A0A1D2NGK9	A0A1D2NGK9	A0A1D2NGK9_ORCCI	Protein aubergine	NA	Orchesella cincta	GO:0003723;GO:0034587	F:RNA binding;P:piRNA processing	IEA:InterPro;IEA:UniProtKB-ARBA	Success
A0A1D2NMS6	A0A1D2NMS6	A0A1D2NMS6_ORCCI	RNA-binding protein Musashi Rbp6	NA	Orchesella cincta	NA	NA	NA	Success
A0A1D2N913	A0A1D2N913	A0A1D2N913_ORCCI	GAS2-like protein 1	NA	Orchesella cincta	GO:0005884;GO:0005737;GO:0035371;GO:0001725;GO:0051015;GO:0008093;GO:0008017;GO:0051764;GO:0001578;GO:1904825;GO:0031110	C:actin filament;C:cytoplasm;C:microtubule plus-end;C:stress fiber;F:actin filament binding;F:cytoskeletal anchor activity;F:microtubule binding;P:actin crosslink formation;P:microtubule bundle formation;P:protein localization to microtubule plus-end;P:regulation of microtubule polymerization or depolymerization	IEA:TreeGrafter;IEA:UniProtKB-KW;IEA:TreeGrafter;IEA:TreeGrafter;IEA:TreeGrafter;IEA:TreeGrafter;IEA:InterPro;IEA:TreeGrafter;IEA:TreeGrafter;IEA:TreeGrafter;IEA:TreeGrafter	Success
A0A1D2N930	A0A1D2N930	A0A1D2N930_ORCCI	Golgi SNAP receptor complex member 1	NA	Orchesella cincta	GO:0005801;GO:0005797;GO:0000139;GO:0031201;GO:0005484;GO:0006888;GO:0048219;GO:0015031;GO:0006906	C:cis-Golgi network;C:Golgi medial cisterna;C:Golgi membrane;C:SNARE complex;F:SNAP receptor activity;P:endoplasmic reticulum to Golgi vesicle-mediated transport;P:inter-Golgi cisterna vesicle-mediated transport;P:protein transport;P:vesicle fusion	IEA:InterPro;IEA:TreeGrafter;IEA:UniProtKB-SubCell;IEA:TreeGrafter;IEA:TreeGrafter;IEA:InterPro;IEA:TreeGrafter;IEA:UniProtKB-KW;IEA:TreeGrafter	Success
A0A1D2NMK0	A0A1D2NMK0	A0A1D2NMK0_ORCCI	Fucosyltransferase	NA	Orchesella cincta	GO:0032580;GO:0008417;GO:0036065;GO:0006486	C:Golgi cisterna membrane;F:fucosyltransferase activity;P:fucosylation;P:protein glycosylation	IEA:UniProtKB-SubCell;IEA:InterPro;IEA:UniProtKB-ARBA;IEA:UniProtKB-UniPathway	Success
A0A1D2NML3	A0A1D2NML3	A0A1D2NML3_ORCCI	Ecdysone 20-monooxygenase	NA	Orchesella cincta	GO:0016020;GO:0020037;GO:0005506;GO:0004497;GO:0016705	C:membrane;F:heme binding;F:iron ion binding;F:monooxygenase activity;F:oxidoreductase activity, acting on paired donors, with incorporation or reduction of molecular oxygen	IEA:UniProtKB-KW;IEA:InterPro;IEA:InterPro;IEA:UniProtKB-KW;IEA:InterPro	Success
A0A1D2NMI8	A0A1D2NMI8	A0A1D2NMI8_ORCCI	NEDD4-binding protein 2-like 1	NA	Orchesella cincta	NA	NA	NA	Success
A0A1D2NNI9	A0A1D2NNI9	A0A1D2NNI9_ORCCI	ADP-ribosylation factor GTPase-activating protein 2	NA	Orchesella cincta	GO:0000139;GO:0005096;GO:0008270;GO:0048205	C:Golgi membrane;F:GTPase activator activity;F:zinc ion binding;P:COPI coating of Golgi vesicle	IEA:GOC;IEA:UniProtKB-KW;IEA:UniProtKB-KW;IEA:TreeGrafter	Success
A0A1D2NMJ8	A0A1D2NMJ8	A0A1D2NMJ8_ORCCI	Glutaredoxin domain-containing protein	NA	Orchesella cincta	GO:0007605	P:sensory perception of sound	IEA:InterPro	Success
A0A1D2NMJ1	A0A1D2NMJ1	A0A1D2NMJ1_ORCCI	Guanylate cyclase soluble subunit beta-1	NA	Orchesella cincta	GO:0008074;GO:0005525;GO:0004383;GO:0020037;GO:0019934;GO:0070482	C:guanylate cyclase complex, soluble;F:GTP binding;F:guanylate cyclase activity;F:heme binding;P:cGMP-mediated signaling;P:response to oxygen levels	IEA:TreeGrafter;IEA:UniProtKB-KW;IEA:UniProtKB-EC;IEA:InterPro;IEA:TreeGrafter;IEA:TreeGrafter	Success
A0A1D2NN35	A0A1D2NN35	A0A1D2NN35_ORCCI	Chromatin modification-related protein YNG2	NA	Orchesella cincta	GO:0005634;GO:0000981;GO:0008270	C:nucleus;F:DNA-binding transcription factor activity, RNA polymerase II-specific;F:zinc ion binding	IEA:UniProtKB-SubCell;IEA:TreeGrafter;IEA:UniProtKB-KW	Success
A0A1D2NNH3	A0A1D2NNH3	A0A1D2NNH3_ORCCI	N-acetylglucosaminylphosphatidylinositol deacetylase	NA	Orchesella cincta	GO:0005783;GO:0016020;GO:0000225;GO:0006506	C:endoplasmic reticulum;C:membrane;F:N-acetylglucosaminylphosphatidylinositol deacetylase activity;P:GPI anchor biosynthetic process	IEA:TreeGrafter;IEA:UniProtKB-KW;IEA:UniProtKB-EC;IEA:UniProtKB-UniPathway	Success
A0A1D2NMJ6	A0A1D2NMJ6	A0A1D2NMJ6_ORCCI	Citrate transport protein	NA	Orchesella cincta	GO:0031966;GO:0071913;GO:0006843	C:mitochondrial membrane;F:citrate secondary active transmembrane transporter activity;P:mitochondrial citrate transmembrane transport	IEA:UniProtKB-SubCell;IEA:TreeGrafter;IEA:TreeGrafter	Success
A0A1D2MX84	A0A1D2MX84	A0A1D2MX84_ORCCI	DUF4806 domain-containing protein	NA	Orchesella cincta	NA	NA	NA	Success
A0A1D2MI28	A0A1D2MI28	A0A1D2MI28_ORCCI	Protein DGCR14	NA	Orchesella cincta	GO:0071013	C:catalytic step 2 spliceosome	IEA:TreeGrafter	Success
A0A1D2NFW9	A0A1D2NFW9	A0A1D2NFW9_ORCCI	CUB domain-containing protein	NA	Orchesella cincta	NA	NA	NA	Success
A0A1D2NG11	A0A1D2NG11	A0A1D2NG11_ORCCI	BLOC-1-related complex subunit 5	NA	Orchesella cincta	GO:0099078;GO:0098574;GO:0030672;GO:0032418;GO:0072384;GO:1903744	C:BORC complex;C:cytoplasmic side of lysosomal membrane;C:synaptic vesicle membrane;P:lysosome localization;P:organelle transport along microtubule;P:positive regulation of anterograde synaptic vesicle transport	IEA:TreeGrafter;IEA:TreeGrafter;IEA:TreeGrafter;IEA:InterPro;IEA:TreeGrafter;IEA:TreeGrafter	Success
A0A1D2NFX9	A0A1D2NFX9	A0A1D2NFX9_ORCCI	Uncharacterized protein	NA	Orchesella cincta	NA	NA	NA	Success
A0A1D2NG21	A0A1D2NG21	A0A1D2NG21_ORCCI	Extracellular serine/threonine protein kinase four-jointed	NA	Orchesella cincta	GO:0005615;GO:0016020;GO:0004674;GO:0007267	C:extracellular space;C:membrane;F:protein serine/threonine kinase activity;P:cell-cell signaling	IEA:TreeGrafter;IEA:UniProtKB-KW;IEA:UniProtKB-KW;IEA:TreeGrafter	Success
A0A1D2MHN0	A0A1D2MHN0	A0A1D2MHN0_ORCCI	Gastrin/cholecystokinin type B receptor	NA	Orchesella cincta	GO:0005886;GO:0015054;GO:0008188	C:plasma membrane;F:gastrin receptor activity;F:neuropeptide receptor activity	IEA:UniProtKB-SubCell;IEA:InterPro;IEA:TreeGrafter	Success
A0A1D2M1I2	A0A1D2M1I2	A0A1D2M1I2_ORCCI	Putative RNA-directed DNA polymerase from transposon X-element	NA	Orchesella cincta	GO:0003964	F:RNA-directed DNA polymerase activity	IEA:UniProtKB-KW	Success
A0A1D2MHS5	A0A1D2MHS5	A0A1D2MHS5_ORCCI	Cholecystokinin receptor type A	NA	Orchesella cincta	GO:0005886;GO:0008188	C:plasma membrane;F:neuropeptide receptor activity	IEA:TreeGrafter;IEA:TreeGrafter	Success
A0A1D2MSQ6	A0A1D2MSQ6	A0A1D2MSQ6_ORCCI	Bestrophin-2	NA	Orchesella cincta	GO:0016020;GO:0005254	C:membrane;F:chloride channel activity	IEA:UniProtKB-SubCell;IEA:InterPro	Success
A0A1D2MT49	A0A1D2MT49	A0A1D2MT49_ORCCI	Torso-like protein	NA	Orchesella cincta	NA	NA	NA	Success
A0A1D2MPQ2	A0A1D2MPQ2	A0A1D2MPQ2_ORCCI	Carbonic anhydrase	NA	Orchesella cincta	GO:0004089;GO:0008270	F:carbonate dehydratase activity;F:zinc ion binding	IEA:UniProtKB-UniRule;IEA:UniProtKB-UniRule	Success
A0A1D2MWD8	A0A1D2MWD8	A0A1D2MWD8_ORCCI	Zinc transporter 1	NA	Orchesella cincta	GO:0016020;GO:0005385;GO:0010312;GO:0006882	C:membrane;F:zinc ion transmembrane transporter activity;P:detoxification of zinc ion;P:intracellular zinc ion homeostasis	IEA:UniProtKB-SubCell;IEA:TreeGrafter;IEA:TreeGrafter;IEA:TreeGrafter	Success
A0A1D2MZ16	A0A1D2MZ16	A0A1D2MZ16_ORCCI	Suppression of tumorigenicity 5 protein	NA	Orchesella cincta	NA	NA	NA	Success
A0A1D2MWD1	A0A1D2MWD1	A0A1D2MWD1_ORCCI	CCR4-NOT transcription complex subunit 3	NA	Orchesella cincta	GO:0030015;GO:0005737;GO:0005634;GO:0006355;GO:2000036	C:CCR4-NOT core complex;C:cytoplasm;C:nucleus;P:regulation of DNA-templated transcription;P:regulation of stem cell population maintenance	IEA:InterPro;IEA:UniProtKB-SubCell;IEA:UniProtKB-SubCell;IEA:InterPro;IEA:UniProtKB-ARBA	Success
A0A1D2NIC2	A0A1D2NIC2	A0A1D2NIC2_ORCCI	Methyltransferase-like protein 17, mitochondrial	NA	Orchesella cincta	GO:0005763;GO:0051536;GO:0046872;GO:0008168;GO:0003735;GO:0032259;GO:0006412	C:mitochondrial small ribosomal subunit;F:iron-sulfur cluster binding;F:metal ion binding;F:methyltransferase activity;F:structural constituent of ribosome;P:methylation;P:translation	IEA:TreeGrafter;IEA:UniProtKB-KW;IEA:UniProtKB-KW;IEA:UniProtKB-KW;IEA:TreeGrafter;IEA:UniProtKB-KW;IEA:InterPro	Success
A0A1D2NIC2	A0A1D2NIC2	A0A1D2NIC2_ORCCI	Methyltransferase-like protein 17, mitochondrial	NA	Orchesella cincta	GO:0005763;GO:0051536;GO:0046872;GO:0008168;GO:0003735;GO:0032259;GO:0006412	C:mitochondrial small ribosomal subunit;F:iron-sulfur cluster binding;F:metal ion binding;F:methyltransferase activity;F:structural constituent of ribosome;P:methylation;P:translation	IEA:TreeGrafter;IEA:UniProtKB-KW;IEA:UniProtKB-KW;IEA:UniProtKB-KW;IEA:TreeGrafter;IEA:UniProtKB-KW;IEA:InterPro	Success
A0A1D2MI17	A0A1D2MI17	A0A1D2MI17_ORCCI	F-box domain-containing protein	NA	Orchesella cincta	NA	NA	NA	Success
A0A1D2MZ48	A0A1D2MZ48	A0A1D2MZ48_ORCCI	Homeobox protein CHOX-CAD	NA	Orchesella cincta	GO:0005634;GO:0000981;GO:0000977;GO:0009887;GO:0009948;GO:0030154	C:nucleus;F:DNA-binding transcription factor activity, RNA polymerase II-specific;F:RNA polymerase II transcription regulatory region sequence-specific DNA binding;P:animal organ morphogenesis;P:anterior/posterior axis specification;P:cell differentiation	IEA:UniProtKB-SubCell;IEA:InterPro;IEA:TreeGrafter;IEA:TreeGrafter;IEA:TreeGrafter;IEA:TreeGrafter	Success
A0A1D2MZ07	A0A1D2MZ07	A0A1D2MZ07_ORCCI	2-oxo-4-hydroxy-4-carboxy-5-ureidoimidazoline decarboxylase	NA	Orchesella cincta	GO:0005777;GO:0051997;GO:0000255;GO:0006144;GO:0019628	C:peroxisome;F:2-oxo-4-hydroxy-4-carboxy-5-ureidoimidazoline decarboxylase activity;P:allantoin metabolic process;P:purine nucleobase metabolic process;P:urate catabolic process	IEA:TreeGrafter;IEA:UniProtKB-EC;IEA:InterPro;IEA:UniProtKB-KW;IEA:UniProtKB-UniPathway	Success
A0A1D2MZ01	A0A1D2MZ01	A0A1D2MZ01_ORCCI	receptor protein-tyrosine kinase	NA	Orchesella cincta	GO:0005886;GO:0043235;GO:0005524;GO:0046872;GO:0004714;GO:0007169	C:plasma membrane;C:receptor complex;F:ATP binding;F:metal ion binding;F:transmembrane receptor protein tyrosine kinase activity;P:cell surface receptor protein tyrosine kinase signaling pathway	IEA:UniProtKB-SubCell;IEA:TreeGrafter;IEA:UniProtKB-UniRule;IEA:UniProtKB-KW;IEA:InterPro;IEA:InterPro	Success
A0A1D2MZN6	A0A1D2MZN6	A0A1D2MZN6_ORCCI	Pancreatic lipase-related protein 2	NA	Orchesella cincta	GO:0005615;GO:0016298;GO:0016042	C:extracellular space;F:lipase activity;P:lipid catabolic process	IEA:TreeGrafter;IEA:InterPro;IEA:TreeGrafter	Success
A0A1D2MZ61	A0A1D2MZ61	A0A1D2MZ61_ORCCI	Lateral signaling target protein 2 homolog	NA	Orchesella cincta	GO:0031901;GO:0008270	C:early endosome membrane;F:zinc ion binding	IEA:TreeGrafter;IEA:UniProtKB-KW	Success
A0A1D2MKU2	A0A1D2MKU2	A0A1D2MKU2_ORCCI	Pro-corazonin	NA	Orchesella cincta	GO:0005576;GO:0071858;GO:0007218;GO:0045823	C:extracellular region;F:corazonin receptor binding;P:neuropeptide signaling pathway;P:positive regulation of heart contraction	IEA:UniProtKB-SubCell;IEA:InterPro;IEA:UniProtKB-KW;IEA:InterPro	Success
A0A1D2MEJ4	A0A1D2MEJ4	A0A1D2MEJ4_ORCCI	Superoxide dismutase [Cu-Zn]	NA	Orchesella cincta	GO:0046872;GO:0006801	F:metal ion binding;P:superoxide metabolic process	IEA:InterPro;IEA:InterPro	Success
A0A1D2MF01	A0A1D2MF01	A0A1D2MF01_ORCCI	Uncharacterized protein	NA	Orchesella cincta	NA	NA	NA	Success
A0A1D2M4Y9	A0A1D2M4Y9	A0A1D2M4Y9_ORCCI	Heat shock 70 kDa protein cognate 4	NA	Orchesella cincta	GO:0005524;GO:0140662	F:ATP binding;F:ATP-dependent protein folding chaperone	IEA:UniProtKB-KW;IEA:InterPro	Success
A0A1D2MEW3	A0A1D2MEW3	A0A1D2MEW3_ORCCI	Alpha-1,6-mannosyl-glycoprotein 2-beta-N-acetylglucosaminyltransferase	NA	Orchesella cincta	GO:0000139;GO:0005795;GO:0008455;GO:0046872;GO:0009312;GO:0006487	C:Golgi membrane;C:Golgi stack;F:alpha-1,6-mannosylglycoprotein 2-beta-N-acetylglucosaminyltransferase activity;F:metal ion binding;P:oligosaccharide biosynthetic process;P:protein N-linked glycosylation	IEA:UniProtKB-SubCell;IEA:InterPro;IEA:UniProtKB-EC;IEA:UniProtKB-KW;IEA:InterPro;IEA:TreeGrafter	Success
A0A1D2M2A0	A0A1D2M2A0	A0A1D2M2A0_ORCCI	Major facilitator superfamily domain-containing protein 6	NA	Orchesella cincta	GO:0016020;GO:0022857	C:membrane;F:transmembrane transporter activity	IEA:UniProtKB-SubCell;IEA:InterPro	Success
A0A1D2NI83	A0A1D2NI83	A0A1D2NI83_ORCCI	DBH-like monooxygenase protein 1	NA	Orchesella cincta	GO:0005507;GO:0004500	F:copper ion binding;F:dopamine beta-monooxygenase activity	IEA:InterPro;IEA:InterPro	Success
A0A1D2M9D1	A0A1D2M9D1	A0A1D2M9D1_ORCCI	SURF1-like protein	NA	Orchesella cincta	GO:0005743;GO:0033617	C:mitochondrial inner membrane;P:mitochondrial cytochrome c oxidase assembly	IEA:UniProtKB-SubCell;IEA:TreeGrafter	Success
A0A1D2NI58	A0A1D2NI58	A0A1D2NI58_ORCCI	Putative G-protein coupled receptor 83	NA	Orchesella cincta	GO:0016020;GO:0004930	C:membrane;F:G protein-coupled receptor activity	IEA:UniProtKB-SubCell;IEA:UniProtKB-KW	Success
A0A1D2NIB6	A0A1D2NIB6	A0A1D2NIB6_ORCCI	Cytochrome P450 18a1	NA	Orchesella cincta	GO:0005737;GO:0043231;GO:0016020;GO:0020037;GO:0005506;GO:0016712;GO:0008395;GO:0006082;GO:0006805	C:cytoplasm;C:intracellular membrane-bounded organelle;C:membrane;F:heme binding;F:iron ion binding;F:oxidoreductase activity, acting on paired donors, with incorporation or reduction of molecular oxygen, reduced flavin or flavoprotein as one donor, and incorporation of one atom of oxygen;F:steroid hydroxylase activity;P:organic acid metabolic process;P:xenobiotic metabolic process	IEA:TreeGrafter;IEA:TreeGrafter;IEA:UniProtKB-KW;IEA:InterPro;IEA:InterPro;IEA:TreeGrafter;IEA:TreeGrafter;IEA:TreeGrafter;IEA:TreeGrafter	Success
A0A1D2NI54	A0A1D2NI54	A0A1D2NI54_ORCCI	Metalloendopeptidase	NA	Orchesella cincta	GO:0004222;GO:0008270;GO:0006508	F:metalloendopeptidase activity;F:zinc ion binding;P:proteolysis	IEA:UniProtKB-UniRule;IEA:UniProtKB-UniRule;IEA:UniProtKB-KW	Success
A0A1D2NIZ9	A0A1D2NIZ9	A0A1D2NIZ9_ORCCI	Glycolipid transfer protein	NA	Orchesella cincta	GO:0005829;GO:0016020;GO:1902387;GO:1902388	C:cytosol;C:membrane;F:ceramide 1-phosphate binding;F:ceramide 1-phosphate transfer activity	IEA:TreeGrafter;IEA:TreeGrafter;IEA:TreeGrafter;IEA:TreeGrafter	Success
A0A1D2NIJ9	A0A1D2NIJ9	A0A1D2NIJ9_ORCCI	Cytochrome P450 18a1	NA	Orchesella cincta	GO:0005737;GO:0043231;GO:0020037;GO:0005506;GO:0016712;GO:0008395;GO:0006082;GO:0006805	C:cytoplasm;C:intracellular membrane-bounded organelle;F:heme binding;F:iron ion binding;F:oxidoreductase activity, acting on paired donors, with incorporation or reduction of molecular oxygen, reduced flavin or flavoprotein as one donor, and incorporation of one atom of oxygen;F:steroid hydroxylase activity;P:organic acid metabolic process;P:xenobiotic metabolic process	IEA:TreeGrafter;IEA:TreeGrafter;IEA:InterPro;IEA:InterPro;IEA:TreeGrafter;IEA:TreeGrafter;IEA:TreeGrafter;IEA:TreeGrafter	Success
A0A1D2NI85	A0A1D2NI85	A0A1D2NI85_ORCCI	Uncharacterized protein	NA	Orchesella cincta	NA	NA	NA	Success
A0A1D2N878	A0A1D2N878	A0A1D2N878_ORCCI	Uncharacterized protein	NA	Orchesella cincta	NA	NA	NA	Success
A0A1D2MRX5	A0A1D2MRX5	A0A1D2MRX5_ORCCI	Guanylate cyclase	NA	Orchesella cincta	GO:0005886;GO:0004016;GO:0005524;GO:0004383;GO:0001653;GO:0004672;GO:0035556;GO:0007168	C:plasma membrane;F:adenylate cyclase activity;F:ATP binding;F:guanylate cyclase activity;F:peptide receptor activity;F:protein kinase activity;P:intracellular signal transduction;P:receptor guanylyl cyclase signaling pathway	IEA:TreeGrafter;IEA:TreeGrafter;IEA:InterPro;IEA:UniProtKB-EC;IEA:TreeGrafter;IEA:InterPro;IEA:InterPro;IEA:TreeGrafter	Success
A0A1D2MRZ4	A0A1D2MRZ4	A0A1D2MRZ4_ORCCI	Uncharacterized protein	NA	Orchesella cincta	NA	NA	NA	Success
A0A1D2MRE8	A0A1D2MRE8	A0A1D2MRE8_ORCCI	Post-GPI attachment to proteins factor 2	NA	Orchesella cincta	GO:0005789;GO:0000139;GO:0006506	C:endoplasmic reticulum membrane;C:Golgi membrane;P:GPI anchor biosynthetic process	IEA:UniProtKB-SubCell;IEA:UniProtKB-SubCell;IEA:UniProtKB-KW	Success
A0A1D2MRL1	A0A1D2MRL1	A0A1D2MRL1_ORCCI	Protein PAT1 1	NA	Orchesella cincta	GO:0000932;GO:0003723;GO:0000290;GO:0033962	C:P-body;F:RNA binding;P:deadenylation-dependent decapping of nuclear-transcribed mRNA;P:P-body assembly	IEA:UniProtKB-SubCell;IEA:TreeGrafter;IEA:InterPro;IEA:TreeGrafter	Success
A0A1D2MSB0	A0A1D2MSB0	A0A1D2MSB0_ORCCI	Uncharacterized protein	NA	Orchesella cincta	GO:0016020	C:membrane	IEA:UniProtKB-KW	Success
A0A1D2NKI2	A0A1D2NKI2	A0A1D2NKI2_ORCCI	Protein piccolo	NA	Orchesella cincta	GO:0030424;GO:0048788;GO:0098982;GO:0098978;GO:0098882;GO:1904071;GO:0035418	C:axon;C:cytoskeleton of presynaptic active zone;C:GABA-ergic synapse;C:glutamatergic synapse;F:structural constituent of presynaptic active zone;P:presynaptic active zone assembly;P:protein localization to synapse	IEA:TreeGrafter;IEA:TreeGrafter;IEA:TreeGrafter;IEA:TreeGrafter;IEA:TreeGrafter;IEA:TreeGrafter;IEA:TreeGrafter	Success
A0A1D2NKJ3	A0A1D2NKJ3	A0A1D2NKJ3_ORCCI	Acyltransferase	NA	Orchesella cincta	GO:0005789;GO:0004144;GO:0019432	C:endoplasmic reticulum membrane;F:diacylglycerol O-acyltransferase activity;P:triglyceride biosynthetic process	IEA:UniProtKB-SubCell;IEA:TreeGrafter;IEA:TreeGrafter	Success
A0A1D2NK49	A0A1D2NK49	A0A1D2NK49_ORCCI	Ectonucleotide pyrophosphatase/phosphodiesterase family member 6	NA	Orchesella cincta	GO:0016020;GO:0047390	C:membrane;F:glycerophosphocholine cholinephosphodiesterase activity	IEA:UniProtKB-KW;IEA:UniProtKB-EC	Success
A0A1D2NK97	A0A1D2NK97	A0A1D2NK97_ORCCI	Na(+)/H(+) exchange regulatory cofactor NHE-RF1	NA	Orchesella cincta	GO:0016324;GO:0043495;GO:0072659	C:apical plasma membrane;F:protein-membrane adaptor activity;P:protein localization to plasma membrane	IEA:TreeGrafter;IEA:TreeGrafter;IEA:TreeGrafter	Success
A0A1D2NK97	A0A1D2NK97	A0A1D2NK97_ORCCI	Na(+)/H(+) exchange regulatory cofactor NHE-RF1	NA	Orchesella cincta	GO:0016324;GO:0043495;GO:0072659	C:apical plasma membrane;F:protein-membrane adaptor activity;P:protein localization to plasma membrane	IEA:TreeGrafter;IEA:TreeGrafter;IEA:TreeGrafter	Success
A0A1D2N892	A0A1D2N892	A0A1D2N892_ORCCI	Phosphoinositide phospholipase C	NA	Orchesella cincta	GO:0004435;GO:0007186;GO:0016042;GO:0046488;GO:0048015;GO:0007265;GO:0051209	F:phosphatidylinositol-4,5-bisphosphate phospholipase C activity;P:G protein-coupled receptor signaling pathway;P:lipid catabolic process;P:phosphatidylinositol metabolic process;P:phosphatidylinositol-mediated signaling;P:Ras protein signal transduction;P:release of sequestered calcium ion into cytosol	IEA:UniProtKB-EC;IEA:TreeGrafter;IEA:UniProtKB-KW;IEA:TreeGrafter;IEA:TreeGrafter;IEA:TreeGrafter;IEA:TreeGrafter	Success
A0A1D2N862	A0A1D2N862	A0A1D2N862_ORCCI	Attractin	NA	Orchesella cincta	GO:0005794;GO:0016020;GO:0048513;GO:0048731	C:Golgi apparatus;C:membrane;P:animal organ development;P:system development	IEA:TreeGrafter;IEA:UniProtKB-SubCell;IEA:UniProtKB-ARBA;IEA:UniProtKB-ARBA	Success
A0A1D2N870	A0A1D2N870	A0A1D2N870_ORCCI	F-box/LRR-repeat protein 7	NA	Orchesella cincta	GO:0031398	P:positive regulation of protein ubiquitination	IEA:TreeGrafter	Success
A0A1D2N870	A0A1D2N870	A0A1D2N870_ORCCI	F-box/LRR-repeat protein 7	NA	Orchesella cincta	GO:0031398	P:positive regulation of protein ubiquitination	IEA:TreeGrafter	Success
A0A1D2N877	A0A1D2N877	A0A1D2N877_ORCCI	Zinc transporter ZIP13	NA	Orchesella cincta	GO:0016020;GO:0005385;GO:0006882	C:membrane;F:zinc ion transmembrane transporter activity;P:intracellular zinc ion homeostasis	IEA:UniProtKB-SubCell;IEA:TreeGrafter;IEA:TreeGrafter	Success
A0A1D2N8Z7	A0A1D2N8Z7	A0A1D2N8Z7_ORCCI	Protein preli-like	NA	Orchesella cincta	GO:0005758	C:mitochondrial intermembrane space	IEA:InterPro	Success
A0A1D2MWD2	A0A1D2MWD2	A0A1D2MWD2_ORCCI	Neuromedin-U receptor 1	NA	Orchesella cincta	GO:0005886;GO:0008188	C:plasma membrane;F:neuropeptide receptor activity	IEA:TreeGrafter;IEA:TreeGrafter	Success
A0A1D2MW79	A0A1D2MW79	A0A1D2MW79_ORCCI	Neuropeptide capa receptor	NA	Orchesella cincta	GO:0005886;GO:0008188	C:plasma membrane;F:neuropeptide receptor activity	IEA:TreeGrafter;IEA:TreeGrafter	Success
A0A1D2MW28	A0A1D2MW28	A0A1D2MW28_ORCCI	Neuropeptide capa receptor	NA	Orchesella cincta	GO:0005886;GO:0008188	C:plasma membrane;F:neuropeptide receptor activity	IEA:TreeGrafter;IEA:TreeGrafter	Success
A0A1D2MWD2	A0A1D2MWD2	A0A1D2MWD2_ORCCI	Neuromedin-U receptor 1	NA	Orchesella cincta	GO:0005886;GO:0008188	C:plasma membrane;F:neuropeptide receptor activity	IEA:TreeGrafter;IEA:TreeGrafter	Success
A0A1D2N9I1	A0A1D2N9I1	A0A1D2N9I1_ORCCI	Coronin	NA	Orchesella cincta	GO:0005737;GO:0003779	C:cytoplasm;F:actin binding	IEA:UniProtKB-SubCell;IEA:UniProtKB-KW	Success
A0A1D2N9H3	A0A1D2N9H3	A0A1D2N9H3_ORCCI	Phosphoribosylformylglycinamidine synthase	NA	Orchesella cincta	GO:0005737;GO:0005524;GO:0046872;GO:0004642;GO:0006189	C:cytoplasm;F:ATP binding;F:metal ion binding;F:phosphoribosylformylglycinamidine synthase activity;P:'de novo' IMP biosynthetic process	IEA:TreeGrafter;IEA:UniProtKB-KW;IEA:UniProtKB-KW;IEA:UniProtKB-EC;IEA:UniProtKB-UniPathway	Success
A0A1D2N9J2	A0A1D2N9J2	A0A1D2N9J2_ORCCI	Transmembrane protein	NA	Orchesella cincta	GO:0017171	F:serine hydrolase activity	IEA:TreeGrafter	Success
A0A1D2N9G8	A0A1D2N9G8	A0A1D2N9G8_ORCCI	Glycosyltransferase-like protein LARGE2	NA	Orchesella cincta	GO:0000139;GO:0015020;GO:0042285;GO:0035269	C:Golgi membrane;F:glucuronosyltransferase activity;F:xylosyltransferase activity;P:protein O-linked mannosylation	IEA:UniProtKB-SubCell;IEA:TreeGrafter;IEA:TreeGrafter;IEA:TreeGrafter	Success
A0A1D2MEU7	A0A1D2MEU7	A0A1D2MEU7_ORCCI	Ig-like domain-containing protein	NA	Orchesella cincta	GO:0032589;GO:0050808	C:neuron projection membrane;P:synapse organization	IEA:TreeGrafter;IEA:TreeGrafter	Success
A0A1D2MDD1	A0A1D2MDD1	A0A1D2MDD1_ORCCI	Glutamate receptor ionotropic, kainate 2	NA	Orchesella cincta	GO:0045211;GO:0015276;GO:0038023	C:postsynaptic membrane;F:ligand-gated monoatomic ion channel activity;F:signaling receptor activity	IEA:UniProtKB-SubCell;IEA:InterPro;IEA:InterPro	Success
A0A1D2NB44	A0A1D2NB44	A0A1D2NB44_ORCCI	RCR-type E3 ubiquitin transferase	NA	Orchesella cincta	GO:0005634;GO:0005886;GO:0061630;GO:0008270;GO:0007411;GO:0008582	C:nucleus;C:plasma membrane;F:ubiquitin protein ligase activity;F:zinc ion binding;P:axon guidance;P:regulation of synaptic assembly at neuromuscular junction	IEA:TreeGrafter;IEA:TreeGrafter;IEA:TreeGrafter;IEA:UniProtKB-KW;IEA:TreeGrafter;IEA:TreeGrafter	Success
A0A1D2NB41	A0A1D2NB41	A0A1D2NB41_ORCCI	E3 ubiquitin-protein ligase MYCBP2	NA	Orchesella cincta	GO:0005634;GO:0005886;GO:0061630;GO:0007411;GO:0008582	C:nucleus;C:plasma membrane;F:ubiquitin protein ligase activity;P:axon guidance;P:regulation of synaptic assembly at neuromuscular junction	IEA:TreeGrafter;IEA:TreeGrafter;IEA:TreeGrafter;IEA:TreeGrafter;IEA:TreeGrafter	Success
A0A1D2NB49	A0A1D2NB49	A0A1D2NB49_ORCCI	Alpha-1,3-mannosyl-glycoprotein 4-beta-N-acetylglucosaminyltransferase B	NA	Orchesella cincta	GO:0005783;GO:0005793;GO:0005795;GO:0016020;GO:0008375;GO:0006487	C:endoplasmic reticulum;C:endoplasmic reticulum-Golgi intermediate compartment;C:Golgi stack;C:membrane;F:acetylglucosaminyltransferase activity;P:protein N-linked glycosylation	IEA:TreeGrafter;IEA:TreeGrafter;IEA:TreeGrafter;IEA:UniProtKB-KW;IEA:TreeGrafter;IEA:TreeGrafter	Success
A0A1D2N1E8	A0A1D2N1E8	A0A1D2N1E8_ORCCI	Putative gamma-glutamyltransferase YwrD	NA	Orchesella cincta	GO:0036374;GO:0016740;GO:0006751	F:glutathione hydrolase activity;F:transferase activity;P:glutathione catabolic process	IEA:InterPro;IEA:UniProtKB-KW;IEA:InterPro	Success
A0A1D2MIT4	A0A1D2MIT4	A0A1D2MIT4_ORCCI	Ubiquitin carboxyl-terminal hydrolase 7	NA	Orchesella cincta	GO:0005737;GO:0016787;GO:0008270	C:cytoplasm;F:hydrolase activity;F:zinc ion binding	IEA:UniProtKB-SubCell;IEA:UniProtKB-KW;IEA:UniProtKB-KW	Success
A0A1D2MW05	A0A1D2MW05	A0A1D2MW05_ORCCI	Uncharacterized protein	NA	Orchesella cincta	GO:0016020	C:membrane	IEA:UniProtKB-KW	Success
A0A1D2N861	A0A1D2N861	A0A1D2N861_ORCCI	Regulator of microtubule dynamics protein 1	NA	Orchesella cincta	NA	NA	NA	Success
A0A1D2NJ58	A0A1D2NJ58	A0A1D2NJ58_ORCCI	diacylglycerol O-acyltransferase	NA	Orchesella cincta	GO:0005886;GO:0004144;GO:0019432	C:plasma membrane;F:diacylglycerol O-acyltransferase activity;P:triglyceride biosynthetic process	IEA:TreeGrafter;IEA:UniProtKB-EC;IEA:UniProtKB-UniPathway	Success
A0A1D2MQG1	A0A1D2MQG1	A0A1D2MQG1_ORCCI	PHD finger protein 23	NA	Orchesella cincta	GO:0005634;GO:0008270	C:nucleus;F:zinc ion binding	IEA:UniProtKB-SubCell;IEA:UniProtKB-KW	Success
A0A1D2NG68	A0A1D2NG68	A0A1D2NG68_ORCCI	Neuron navigator 2	NA	Orchesella cincta	GO:0005524;GO:0016887;GO:0022008	F:ATP binding;F:ATP hydrolysis activity;P:neurogenesis	IEA:InterPro;IEA:InterPro;IEA:InterPro	Success
A0A1D2MY20	A0A1D2MY20	A0A1D2MY20_ORCCI	Protein phosphatase 1D	NA	Orchesella cincta	GO:0046872;GO:0004722	F:metal ion binding;F:protein serine/threonine phosphatase activity	IEA:UniProtKB-KW;IEA:InterPro	Success
A0A1D2MXW7	A0A1D2MXW7	A0A1D2MXW7_ORCCI	Transcription elongation factor spt6	NA	Orchesella cincta	GO:0008023;GO:0003677;GO:0042393;GO:0031491;GO:0003746;GO:0034728;GO:0140673	C:transcription elongation factor complex;F:DNA binding;F:histone binding;F:nucleosome binding;F:translation elongation factor activity;P:nucleosome organization;P:transcription elongation-coupled chromatin remodeling	IEA:TreeGrafter;IEA:InterPro;IEA:TreeGrafter;IEA:TreeGrafter;IEA:UniProtKB-KW;IEA:TreeGrafter;IEA:InterPro	Success
A0A1D2NBJ9	A0A1D2NBJ9	A0A1D2NBJ9_ORCCI	Putative metabotropic glutamate receptor mgl-1	NA	Orchesella cincta	GO:0016020;GO:0004930	C:membrane;F:G protein-coupled receptor activity	IEA:UniProtKB-SubCell;IEA:InterPro	Success
A0A1D2NBJ7	A0A1D2NBJ7	A0A1D2NBJ7_ORCCI	G-protein coupled receptor 143	NA	Orchesella cincta	GO:0005886;GO:0035240;GO:0072544;GO:0035643;GO:0072545;GO:0007166;GO:0032438;GO:0050848	C:plasma membrane;F:dopamine binding;F:L-DOPA binding;F:L-DOPA receptor activity;F:L-tyrosine binding;P:cell surface receptor signaling pathway;P:melanosome organization;P:regulation of calcium-mediated signaling	IEA:TreeGrafter;IEA:InterPro;IEA:InterPro;IEA:TreeGrafter;IEA:InterPro;IEA:InterPro;IEA:TreeGrafter;IEA:TreeGrafter	Success
A0A1D2NBK1	A0A1D2NBK1	A0A1D2NBK1_ORCCI	Uncharacterized protein	NA	Orchesella cincta	GO:0003676	F:nucleic acid binding	IEA:InterPro	Success
A0A1D2MS02	A0A1D2MS02	A0A1D2MS02_ORCCI	Glycogen [starch] synthase	NA	Orchesella cincta	GO:0005737;GO:0004373;GO:0005978	C:cytoplasm;F:alpha-1,4-glucan glucosyltransferase (UDP-glucose donor) activity;P:glycogen biosynthetic process	IEA:TreeGrafter;IEA:UniProtKB-EC;IEA:UniProtKB-UniPathway	Success
A0A1D2N8J3	A0A1D2N8J3	A0A1D2N8J3_ORCCI	Rho GTPase-activating protein 20	NA	Orchesella cincta	GO:0005096;GO:0007165	F:GTPase activator activity;P:signal transduction	IEA:TreeGrafter;IEA:InterPro	Success
A0A1D2MZH0	A0A1D2MZH0	A0A1D2MZH0_ORCCI	Major facilitator superfamily domain-containing protein 8	NA	Orchesella cincta	GO:0012505;GO:0005765;GO:0022857	C:endomembrane system;C:lysosomal membrane;F:transmembrane transporter activity	IEA:UniProtKB-SubCell;IEA:TreeGrafter;IEA:InterPro	Success
A0A1D2MX58	A0A1D2MX58	A0A1D2MX58_ORCCI	Peroxisomal multifunctional enzyme type 2	NA	Orchesella cincta	GO:0005777;GO:0016829;GO:0016491;GO:0006635	C:peroxisome;F:lyase activity;F:oxidoreductase activity;P:fatty acid beta-oxidation	IEA:UniProtKB-SubCell;IEA:UniProtKB-KW;IEA:UniProtKB-KW;IEA:UniProtKB-UniPathway	Success
A0A1D2MX60	A0A1D2MX60	A0A1D2MX60_ORCCI	Translocon-associated protein subunit beta	NA	Orchesella cincta	GO:0005789	C:endoplasmic reticulum membrane	IEA:UniProtKB-SubCell	Success
A0A1D2N849	A0A1D2N849	A0A1D2N849_ORCCI	Single-stranded DNA-binding protein, mitochondrial	NA	Orchesella cincta	GO:0042645;GO:0003697;GO:0006264	C:mitochondrial nucleoid;F:single-stranded DNA binding;P:mitochondrial DNA replication	IEA:TreeGrafter;IEA:InterPro;IEA:TreeGrafter	Success
A0A1D2N9K0	A0A1D2N9K0	A0A1D2N9K0_ORCCI	Uncharacterized protein	NA	Orchesella cincta	NA	NA	NA	Success
A0A1D2NMN5	A0A1D2NMN5	A0A1D2NMN5_ORCCI	Platelet-derived growth factor (PDGF) family profile domain-containing protein	NA	Orchesella cincta	GO:0016020;GO:0008083;GO:0035099	C:membrane;F:growth factor activity;P:hemocyte migration	IEA:InterPro;IEA:InterPro;IEA:TreeGrafter	Success
A0A1D2NMP9	A0A1D2NMP9	A0A1D2NMP9_ORCCI	Protein FAM151B	NA	Orchesella cincta	GO:0005615;GO:0016020	C:extracellular space;C:membrane	IEA:TreeGrafter;IEA:UniProtKB-KW	Success
A0A1D2MTY0	A0A1D2MTY0	A0A1D2MTY0_ORCCI	Innexin	inx	Orchesella cincta	GO:0005921;GO:0005886;GO:0005243;GO:0034220;GO:0007602	C:gap junction;C:plasma membrane;F:gap junction channel activity;P:monoatomic ion transmembrane transport;P:phototransduction	IEA:UniProtKB-SubCell;IEA:UniProtKB-SubCell;IEA:TreeGrafter;IEA:UniProtKB-KW;IEA:TreeGrafter	Success
A0A1D2NNN9	A0A1D2NNN9	A0A1D2NNN9_ORCCI	Carboxylic ester hydrolase	NA	Orchesella cincta	GO:0052689	F:carboxylic ester hydrolase activity	IEA:UniProtKB-KW	Success
A0A1D2NB64	A0A1D2NB64	A0A1D2NB64_ORCCI	Forkhead box protein L2	NA	Orchesella cincta	GO:0005634;GO:0000981;GO:0000978;GO:0009653;GO:0030154	C:nucleus;F:DNA-binding transcription factor activity, RNA polymerase II-specific;F:RNA polymerase II cis-regulatory region sequence-specific DNA binding;P:anatomical structure morphogenesis;P:cell differentiation	IEA:UniProtKB-SubCell;IEA:TreeGrafter;IEA:TreeGrafter;IEA:TreeGrafter;IEA:UniProtKB-KW	Success
A0A1D2MSJ6	A0A1D2MSJ6	A0A1D2MSJ6_ORCCI	Titin	NA	Orchesella cincta	GO:0030424;GO:0043025;GO:0005886;GO:0008046;GO:0007156;GO:0050808	C:axon;C:neuronal cell body;C:plasma membrane;F:axon guidance receptor activity;P:homophilic cell adhesion via plasma membrane adhesion molecules;P:synapse organization	IEA:TreeGrafter;IEA:TreeGrafter;IEA:TreeGrafter;IEA:TreeGrafter;IEA:TreeGrafter;IEA:TreeGrafter	Success
A0A1D2MRJ4	A0A1D2MRJ4	A0A1D2MRJ4_ORCCI	Uncharacterized protein	NA	Orchesella cincta	NA	NA	NA	Success
A0A1D2NI76	A0A1D2NI76	A0A1D2NI76_ORCCI	Bicaudal D-related protein	NA	Orchesella cincta	NA	NA	NA	Success
A0A1D2MNE7	A0A1D2MNE7	A0A1D2MNE7_ORCCI	B-cell lymphoma/leukemia 11B	NA	Orchesella cincta	GO:0005634;GO:0003700;GO:0000978;GO:0008270;GO:0006357	C:nucleus;F:DNA-binding transcription factor activity;F:RNA polymerase II cis-regulatory region sequence-specific DNA binding;F:zinc ion binding;P:regulation of transcription by RNA polymerase II	IEA:UniProtKB-SubCell;IEA:TreeGrafter;IEA:TreeGrafter;IEA:UniProtKB-KW;IEA:TreeGrafter	Success
A0A1D2MNE7	A0A1D2MNE7	A0A1D2MNE7_ORCCI	B-cell lymphoma/leukemia 11B	NA	Orchesella cincta	GO:0005634;GO:0003700;GO:0000978;GO:0008270;GO:0006357	C:nucleus;F:DNA-binding transcription factor activity;F:RNA polymerase II cis-regulatory region sequence-specific DNA binding;F:zinc ion binding;P:regulation of transcription by RNA polymerase II	IEA:UniProtKB-SubCell;IEA:TreeGrafter;IEA:TreeGrafter;IEA:UniProtKB-KW;IEA:TreeGrafter	Success
A0A1D2N0C3	A0A1D2N0C3	A0A1D2N0C3_ORCCI	Lovastatin diketide synthase LovF	NA	Orchesella cincta	GO:0004315;GO:0016491;GO:0031177;GO:0006633	F:3-oxoacyl-[acyl-carrier-protein] synthase activity;F:oxidoreductase activity;F:phosphopantetheine binding;P:fatty acid biosynthetic process	IEA:InterPro;IEA:InterPro;IEA:InterPro;IEA:UniProtKB-UniPathway	Success
A0A1D2N0C3	A0A1D2N0C3	A0A1D2N0C3_ORCCI	Lovastatin diketide synthase LovF	NA	Orchesella cincta	GO:0004315;GO:0016491;GO:0031177;GO:0006633	F:3-oxoacyl-[acyl-carrier-protein] synthase activity;F:oxidoreductase activity;F:phosphopantetheine binding;P:fatty acid biosynthetic process	IEA:InterPro;IEA:InterPro;IEA:InterPro;IEA:UniProtKB-UniPathway	Success
A0A1D2NBQ4	A0A1D2NBQ4	A0A1D2NBQ4_ORCCI	Acid sphingomyelinase-like phosphodiesterase 3b	NA	Orchesella cincta	GO:0005615;GO:0046872;GO:0008081	C:extracellular space;F:metal ion binding;F:phosphoric diester hydrolase activity	IEA:TreeGrafter;IEA:UniProtKB-KW;IEA:TreeGrafter	Success
A0A1D2NCE8	A0A1D2NCE8	A0A1D2NCE8_ORCCI	Protein HIRA	NA	Orchesella cincta	GO:0000785;GO:0000417;GO:0005634;GO:0031491;GO:0006338;GO:0006351;GO:0006355	C:chromatin;C:HIR complex;C:nucleus;F:nucleosome binding;P:chromatin remodeling;P:DNA-templated transcription;P:regulation of DNA-templated transcription	IEA:TreeGrafter;IEA:TreeGrafter;IEA:UniProtKB-SubCell;IEA:TreeGrafter;IEA:InterPro;IEA:InterPro;IEA:InterPro	Success
A0A1D2NC59	A0A1D2NC59	A0A1D2NC59_ORCCI	Pre-mRNA-processing factor 19	NA	Orchesella cincta	GO:0005737;GO:0005654;GO:0000974;GO:0071006;GO:0061630;GO:0006281;GO:0000398;GO:0070534	C:cytoplasm;C:nucleoplasm;C:Prp19 complex;C:U2-type catalytic step 1 spliceosome;F:ubiquitin protein ligase activity;P:DNA repair;P:mRNA splicing, via spliceosome;P:protein K63-linked ubiquitination	IEA:TreeGrafter;IEA:UniProtKB-SubCell;IEA:UniProtKB-UniRule;IEA:TreeGrafter;IEA:UniProtKB-UniRule;IEA:UniProtKB-KW;IEA:InterPro;IEA:UniProtKB-UniRule	Success
A0A1D2NBN6	A0A1D2NBN6	A0A1D2NBN6_ORCCI	Nuclear receptor corepressor 1	NA	Orchesella cincta	GO:0000785;GO:0005654;GO:0032991;GO:0006357	C:chromatin;C:nucleoplasm;C:protein-containing complex;P:regulation of transcription by RNA polymerase II	IEA:TreeGrafter;IEA:UniProtKB-ARBA;IEA:UniProtKB-ARBA;IEA:TreeGrafter	Success
A0A1D2NBQ6	A0A1D2NBQ6	A0A1D2NBQ6_ORCCI	Cell cycle checkpoint protein RAD1	NA	Orchesella cincta	GO:0030896;GO:0000077;GO:0006281	C:checkpoint clamp complex;P:DNA damage checkpoint signaling;P:DNA repair	IEA:TreeGrafter;IEA:InterPro;IEA:UniProtKB-KW	Success
A0A1D2NBR1	A0A1D2NBR1	A0A1D2NBR1_ORCCI	Polymerase delta-interacting protein 2	NA	Orchesella cincta	GO:0042645;GO:0005634;GO:0003677;GO:0070987	C:mitochondrial nucleoid;C:nucleus;F:DNA binding;P:error-free translesion synthesis	IEA:TreeGrafter;IEA:TreeGrafter;IEA:InterPro;IEA:TreeGrafter	Success
A0A1D2MXD0	A0A1D2MXD0	A0A1D2MXD0_ORCCI	Neural cell adhesion molecule 1	NA	Orchesella cincta	GO:0016020	C:membrane	IEA:UniProtKB-KW	Success
A0A1D2MX46	A0A1D2MX46	A0A1D2MX46_ORCCI	Protein retinal degeneration B	NA	Orchesella cincta	GO:0005737;GO:0012505;GO:0046872;GO:0031210;GO:0008525;GO:0035091;GO:0008526	C:cytoplasm;C:endomembrane system;F:metal ion binding;F:phosphatidylcholine binding;F:phosphatidylcholine transporter activity;F:phosphatidylinositol binding;F:phosphatidylinositol transfer activity	IEA:TreeGrafter;IEA:UniProtKB-SubCell;IEA:InterPro;IEA:TreeGrafter;IEA:TreeGrafter;IEA:TreeGrafter;IEA:TreeGrafter	Success
A0A1D2MX50	A0A1D2MX50	A0A1D2MX50_ORCCI	Bifunctional nitrilase/nitrile hydratase NIT4	NA	Orchesella cincta	GO:0003824	F:catalytic activity	IEA:InterPro	Success
A0A1D2MP50	A0A1D2MP50	A0A1D2MP50_ORCCI	Tumor protein p53-inducible protein 13	NA	Orchesella cincta	GO:0005737	C:cytoplasm	IEA:TreeGrafter	Success
A0A1D2MYG1	A0A1D2MYG1	A0A1D2MYG1_ORCCI	Uncharacterized protein	NA	Orchesella cincta	GO:0016020	C:membrane	IEA:UniProtKB-KW	Success
A0A1D2MZC1	A0A1D2MZC1	A0A1D2MZC1_ORCCI	Cytochrome P450 3A40	NA	Orchesella cincta	GO:0020037;GO:0005506;GO:0016705;GO:0008395	F:heme binding;F:iron ion binding;F:oxidoreductase activity, acting on paired donors, with incorporation or reduction of molecular oxygen;F:steroid hydroxylase activity	IEA:InterPro;IEA:InterPro;IEA:InterPro;IEA:TreeGrafter	Success
A0A1D2M235	A0A1D2M235	A0A1D2M235_ORCCI	ATP-dependent DNA helicase	NA	Orchesella cincta	GO:0005524;GO:0016887;GO:0003678;GO:0006310;GO:0006281;GO:0000723	F:ATP binding;F:ATP hydrolysis activity;F:DNA helicase activity;P:DNA recombination;P:DNA repair;P:telomere maintenance	IEA:UniProtKB-KW;IEA:RHEA;IEA:InterPro;IEA:UniProtKB-KW;IEA:UniProtKB-KW;IEA:InterPro	Success
A0A1D2MYH3	A0A1D2MYH3	A0A1D2MYH3_ORCCI	Oxysterol-binding protein-related protein 11	NA	Orchesella cincta	GO:0005829;GO:0016020;GO:0032934;GO:0006869	C:cytosol;C:membrane;F:sterol binding;P:lipid transport	IEA:TreeGrafter;IEA:TreeGrafter;IEA:TreeGrafter;IEA:UniProtKB-KW	Success
A0A1D2MYN1	A0A1D2MYN1	A0A1D2MYN1_ORCCI	TP53-regulated inhibitor of apoptosis 1-B	NA	Orchesella cincta	GO:0005829;GO:0005758;GO:0005634;GO:1990050;GO:0045332	C:cytosol;C:mitochondrial intermembrane space;C:nucleus;F:phosphatidic acid transfer activity;P:phospholipid translocation	IEA:TreeGrafter;IEA:TreeGrafter;IEA:TreeGrafter;IEA:TreeGrafter;IEA:TreeGrafter	Success
A0A1D2MYL0	A0A1D2MYL0	A0A1D2MYL0_ORCCI	phosphatidylserine decarboxylase	NA	Orchesella cincta	GO:0005739;GO:0004609;GO:0006646	C:mitochondrion;F:phosphatidylserine decarboxylase activity;P:phosphatidylethanolamine biosynthetic process	IEA:InterPro;IEA:UniProtKB-EC;IEA:UniProtKB-UniPathway	Success
A0A1D2MZ59	A0A1D2MZ59	A0A1D2MZ59_ORCCI	Uncharacterized protein	NA	Orchesella cincta	GO:0016020	C:membrane	IEA:UniProtKB-KW	Success
A0A1D2MRN0	A0A1D2MRN0	A0A1D2MRN0_ORCCI	Eukaryotic translation initiation factor 4E type 3-B	NA	Orchesella cincta	GO:0016281;GO:0000340;GO:0003743;GO:0006417	C:eukaryotic translation initiation factor 4F complex;F:RNA 7-methylguanosine cap binding;F:translation initiation factor activity;P:regulation of translation	IEA:TreeGrafter;IEA:TreeGrafter;IEA:UniProtKB-KW;IEA:UniProtKB-KW	Success
A0A1D2M4T9	A0A1D2M4T9	A0A1D2M4T9_ORCCI	Putative RNA-binding protein 19	NA	Orchesella cincta	GO:0005737;GO:0005634;GO:1990904;GO:0003729	C:cytoplasm;C:nucleus;C:ribonucleoprotein complex;F:mRNA binding	IEA:TreeGrafter;IEA:TreeGrafter;IEA:TreeGrafter;IEA:TreeGrafter	Success
A0A1D2N0S5	A0A1D2N0S5	A0A1D2N0S5_ORCCI	WD repeat-containing protein 82	NA	Orchesella cincta	GO:0048188;GO:0003682;GO:0006353	C:Set1C/COMPASS complex;F:chromatin binding;P:DNA-templated transcription termination	IEA:TreeGrafter;IEA:TreeGrafter;IEA:UniProtKB-KW	Success
A0A1D2N0T6	A0A1D2N0T6	A0A1D2N0T6_ORCCI	Low density lipoprotein receptor adapter protein 1-B	NA	Orchesella cincta	NA	NA	NA	Success
A0A1D2MCB7	A0A1D2MCB7	A0A1D2MCB7_ORCCI	Heterogeneous nuclear ribonucleoprotein K	NA	Orchesella cincta	GO:1990904;GO:0003723;GO:0010468	C:ribonucleoprotein complex;F:RNA binding;P:regulation of gene expression	IEA:UniProtKB-KW;IEA:UniProtKB-UniRule;IEA:UniProtKB-ARBA	Success
A0A1D2N1I8	A0A1D2N1I8	A0A1D2N1I8_ORCCI	WD repeat-containing protein 35	NA	Orchesella cincta	GO:0030991;GO:0097730;GO:0035721;GO:1905515;GO:0061512	C:intraciliary transport particle A;C:non-motile cilium;P:intraciliary retrograde transport;P:non-motile cilium assembly;P:protein localization to cilium	IEA:TreeGrafter;IEA:TreeGrafter;IEA:TreeGrafter;IEA:TreeGrafter;IEA:TreeGrafter	Success
A0A1D2N0V4	A0A1D2N0V4	A0A1D2N0V4_ORCCI	Protein spaetzle	NA	Orchesella cincta	GO:0005615;GO:0008083;GO:0005121;GO:0021556;GO:0045087	C:extracellular space;F:growth factor activity;F:Toll binding;P:central nervous system formation;P:innate immune response	IEA:UniProtKB-ARBA;IEA:TreeGrafter;IEA:TreeGrafter;IEA:TreeGrafter;IEA:TreeGrafter	Success
A0A1D2MRA6	A0A1D2MRA6	A0A1D2MRA6_ORCCI	Enhancer of polycomb 2	NA	Orchesella cincta	NA	NA	NA	Success
A0A1D2MXY9	A0A1D2MXY9	A0A1D2MXY9_ORCCI	calcium/calmodulin-dependent protein kinase	NA	Orchesella cincta	GO:0005524;GO:0004674;GO:0061762	F:ATP binding;F:protein serine/threonine kinase activity;P:CAMKK-AMPK signaling cascade	IEA:UniProtKB-UniRule;IEA:UniProtKB-KW;IEA:TreeGrafter	Success
A0A1D2N6D8	A0A1D2N6D8	A0A1D2N6D8_ORCCI	Uncharacterized protein	NA	Orchesella cincta	NA	NA	NA	Success
A0A1D2NFX2	A0A1D2NFX2	A0A1D2NFX2_ORCCI	NK1 transcription factor-related protein 1	NA	Orchesella cincta	GO:0005634;GO:0000981;GO:0000978;GO:0030154	C:nucleus;F:DNA-binding transcription factor activity, RNA polymerase II-specific;F:RNA polymerase II cis-regulatory region sequence-specific DNA binding;P:cell differentiation	IEA:UniProtKB-SubCell;IEA:InterPro;IEA:TreeGrafter;IEA:TreeGrafter	Success
A0A1D2M6L2	A0A1D2M6L2	A0A1D2M6L2_ORCCI	beta-N-acetylhexosaminidase	NA	Orchesella cincta	GO:0004563;GO:0005975	F:beta-N-acetylhexosaminidase activity;P:carbohydrate metabolic process	IEA:UniProtKB-EC;IEA:InterPro	Success
A0A1D2N7Q9	A0A1D2N7Q9	A0A1D2N7Q9_ORCCI	Amino acid transporter	NA	Orchesella cincta	GO:0005886;GO:0015501;GO:0005313;GO:0015175	C:plasma membrane;F:glutamate:sodium symporter activity;F:L-glutamate transmembrane transporter activity;F:neutral L-amino acid transmembrane transporter activity	IEA:TreeGrafter;IEA:TreeGrafter;IEA:TreeGrafter;IEA:TreeGrafter	Success
A0A1D2NFU8	A0A1D2NFU8	A0A1D2NFU8_ORCCI	Vacuolar protein sorting-associated protein 13B	NA	Orchesella cincta	NA	NA	NA	Success
A0A1D2NFY0	A0A1D2NFY0	A0A1D2NFY0_ORCCI	Pleckstrin y domain-containing family G member 7	NA	Orchesella cincta	GO:0016020;GO:0005085;GO:0007266	C:membrane;F:guanyl-nucleotide exchange factor activity;P:Rho protein signal transduction	IEA:UniProtKB-KW;IEA:InterPro;IEA:TreeGrafter	Success
A0A1D2NFY1	A0A1D2NFY1	A0A1D2NFY1_ORCCI	Uncharacterized protein	NA	Orchesella cincta	NA	NA	NA	Success
A0A1D2NFS8	A0A1D2NFS8	A0A1D2NFS8_ORCCI	non-specific serine/threonine protein kinase	NA	Orchesella cincta	GO:0005524;GO:0004674	F:ATP binding;F:protein serine/threonine kinase activity	IEA:UniProtKB-UniRule;IEA:UniProtKB-KW	Success
A0A1D2NFU4	A0A1D2NFU4	A0A1D2NFU4_ORCCI	[histone H3]-trimethyl-L-lysine(4) demethylase	NA	Orchesella cincta	GO:0000785;GO:0005634;GO:0003677;GO:0034647;GO:0008168;GO:0008270;GO:0032259;GO:0006355	C:chromatin;C:nucleus;F:DNA binding;F:histone H3K4me/H3K4me2/H3K4me3 demethylase activity;F:methyltransferase activity;F:zinc ion binding;P:methylation;P:regulation of DNA-templated transcription	IEA:TreeGrafter;IEA:UniProtKB-SubCell;IEA:InterPro;IEA:UniProtKB-EC;IEA:UniProtKB-KW;IEA:UniProtKB-KW;IEA:UniProtKB-KW;IEA:TreeGrafter	Success
A0A1D2MYD5	A0A1D2MYD5	A0A1D2MYD5_ORCCI	WAS protein family 1	NA	Orchesella cincta	GO:0005829;GO:0005769;GO:0055037;GO:0071203;GO:0003779;GO:0043014;GO:0043015;GO:0034314;GO:0032456;GO:0006887;GO:0042147	C:cytosol;C:early endosome;C:recycling endosome;C:WASH complex;F:actin binding;F:alpha-tubulin binding;F:gamma-tubulin binding;P:Arp2/3 complex-mediated actin nucleation;P:endocytic recycling;P:exocytosis;P:retrograde transport, endosome to Golgi	IEA:GOC;IEA:InterPro;IEA:TreeGrafter;IEA:InterPro;IEA:UniProtKB-KW;IEA:InterPro;IEA:TreeGrafter;IEA:InterPro;IEA:TreeGrafter;IEA:TreeGrafter;IEA:TreeGrafter	Success
A0A1D2NI57	A0A1D2NI57	A0A1D2NI57_ORCCI	Ankyrin repeat and MYND domain-containing protein 2	NA	Orchesella cincta	GO:0005783;GO:0008270;GO:0030968	C:endoplasmic reticulum;F:zinc ion binding;P:endoplasmic reticulum unfolded protein response	IEA:TreeGrafter;IEA:UniProtKB-KW;IEA:TreeGrafter	Success
A0A1D2NIW5	A0A1D2NIW5	A0A1D2NIW5_ORCCI	Translational activator GCN1	NA	Orchesella cincta	GO:0005829;GO:0019887;GO:0034198;GO:0000226;GO:0006417	C:cytosol;F:protein kinase regulator activity;P:cellular response to amino acid starvation;P:microtubule cytoskeleton organization;P:regulation of translation	IEA:TreeGrafter;IEA:TreeGrafter;IEA:TreeGrafter;IEA:UniProtKB-ARBA;IEA:TreeGrafter	Success
A0A1D2NI22	A0A1D2NI22	A0A1D2NI22_ORCCI	Tetraspanin	NA	Orchesella cincta	GO:0005886	C:plasma membrane	IEA:TreeGrafter	Success
A0A1D2MDJ4	A0A1D2MDJ4	A0A1D2MDJ4_ORCCI	Magnesium-transporting ATPase, P-type 1	NA	Orchesella cincta	GO:0005886;GO:0033017;GO:0005524;GO:0016887;GO:0015444	C:plasma membrane;C:sarcoplasmic reticulum membrane;F:ATP binding;F:ATP hydrolysis activity;F:P-type magnesium transporter activity	IEA:UniProtKB-SubCell;IEA:UniProtKB-SubCell;IEA:UniProtKB-KW;IEA:InterPro;IEA:UniProtKB-EC	Success
A0A1D2NI80	A0A1D2NI80	A0A1D2NI80_ORCCI	P-type Cu(+) transporter	NA	Orchesella cincta	GO:0016020;GO:0005802;GO:0005524;GO:0016887;GO:0005507;GO:0140581	C:membrane;C:trans-Golgi network;F:ATP binding;F:ATP hydrolysis activity;F:copper ion binding;F:P-type monovalent copper transporter activity	IEA:UniProtKB-SubCell;IEA:UniProtKB-ARBA;IEA:UniProtKB-UniRule;IEA:InterPro;IEA:InterPro;IEA:UniProtKB-EC	Success
A0A1D2N8C6	A0A1D2N8C6	A0A1D2N8C6_ORCCI	Transposase domain-containing protein	NA	Orchesella cincta	NA	NA	NA	Success
A0A1D2M242	A0A1D2M242	A0A1D2M242_ORCCI	Transposase domain-containing protein	NA	Orchesella cincta	NA	NA	NA	Success
A0A1D2MX84	A0A1D2MX84	A0A1D2MX84_ORCCI	DUF4806 domain-containing protein	NA	Orchesella cincta	NA	NA	NA	Success
A0A1D2NI16	A0A1D2NI16	A0A1D2NI16_ORCCI	Coronin	NA	Orchesella cincta	GO:0051015	F:actin filament binding	IEA:TreeGrafter	Success
A0A1D2NI34	A0A1D2NI34	A0A1D2NI34_ORCCI	PHD finger protein 12	NA	Orchesella cincta	GO:0005524	F:ATP binding	IEA:UniProtKB-KW	Success
A0A1D2NIX2	A0A1D2NIX2	A0A1D2NIX2_ORCCI	GMP phosphodiesterase delta subunit domain-containing protein	NA	Orchesella cincta	GO:0005929;GO:0008289;GO:0060271;GO:0042953;GO:0007399	C:cilium;F:lipid binding;P:cilium assembly;P:lipoprotein transport;P:nervous system development	IEA:TreeGrafter;IEA:UniProtKB-KW;IEA:TreeGrafter;IEA:TreeGrafter;IEA:TreeGrafter	Success
A0A1D2NIX2	A0A1D2NIX2	A0A1D2NIX2_ORCCI	GMP phosphodiesterase delta subunit domain-containing protein	NA	Orchesella cincta	GO:0005929;GO:0008289;GO:0060271;GO:0042953;GO:0007399	C:cilium;F:lipid binding;P:cilium assembly;P:lipoprotein transport;P:nervous system development	IEA:TreeGrafter;IEA:UniProtKB-KW;IEA:TreeGrafter;IEA:TreeGrafter;IEA:TreeGrafter	Success
A0A1D2NII5	A0A1D2NII5	A0A1D2NII5_ORCCI	Ataxin-2	NA	Orchesella cincta	GO:0010494;GO:0003729;GO:0034063	C:cytoplasmic stress granule;F:mRNA binding;P:stress granule assembly	IEA:TreeGrafter;IEA:TreeGrafter;IEA:TreeGrafter	Success
A0A1D2N547	A0A1D2N547	A0A1D2N547_ORCCI	Orexin receptor type 2	NA	Orchesella cincta	GO:0005886;GO:0004930	C:plasma membrane;F:G protein-coupled receptor activity	IEA:TreeGrafter;IEA:UniProtKB-KW	Success
A0A1D2N4L8	A0A1D2N4L8	A0A1D2N4L8_ORCCI	Growth hormone secretagogue receptor type 1	NA	Orchesella cincta	GO:0005886;GO:0004930	C:plasma membrane;F:G protein-coupled receptor activity	IEA:TreeGrafter;IEA:UniProtKB-KW	Success
A0A1D2N4I2	A0A1D2N4I2	A0A1D2N4I2_ORCCI	Large neutral amino acids transporter small subunit 3	NA	Orchesella cincta	GO:0016020	C:membrane	IEA:UniProtKB-KW	Success
A0A1D2N7A6	A0A1D2N7A6	A0A1D2N7A6_ORCCI	Putative tyramine receptor 2	NA	Orchesella cincta	GO:0005886;GO:0004993;GO:0071880;GO:0043410	C:plasma membrane;F:G protein-coupled serotonin receptor activity;P:adenylate cyclase-activating adrenergic receptor signaling pathway;P:positive regulation of MAPK cascade	IEA:UniProtKB-SubCell;IEA:UniProtKB-ARBA;IEA:TreeGrafter;IEA:TreeGrafter	Success
A0A1D2N7A5	A0A1D2N7A5	A0A1D2N7A5_ORCCI	5-hydroxytryptamine receptor 7	NA	Orchesella cincta	GO:0005886;GO:0004993;GO:0071880;GO:0043410	C:plasma membrane;F:G protein-coupled serotonin receptor activity;P:adenylate cyclase-activating adrenergic receptor signaling pathway;P:positive regulation of MAPK cascade	IEA:UniProtKB-SubCell;IEA:UniProtKB-ARBA;IEA:TreeGrafter;IEA:TreeGrafter	Success
A0A1D2NGK8	A0A1D2NGK8	A0A1D2NGK8_ORCCI	Uncharacterized protein	NA	Orchesella cincta	NA	NA	NA	Success
A0A1D2MFQ8	A0A1D2MFQ8	A0A1D2MFQ8_ORCCI	Glycine N-acyltransferase-like protein 3	NA	Orchesella cincta	GO:0016747	F:acyltransferase activity, transferring groups other than amino-acyl groups	IEA:InterPro	Success
A0A1D2MFQ8	A0A1D2MFQ8	A0A1D2MFQ8_ORCCI	Glycine N-acyltransferase-like protein 3	NA	Orchesella cincta	GO:0016747	F:acyltransferase activity, transferring groups other than amino-acyl groups	IEA:InterPro	Success
A0A1D2ME04	A0A1D2ME04	A0A1D2ME04_ORCCI	5-hydroxyisourate hydrolase	NA	Orchesella cincta	GO:0033971;GO:0006144	F:hydroxyisourate hydrolase activity;P:purine nucleobase metabolic process	IEA:UniProtKB-EC;IEA:UniProtKB-KW	Success
A0A1D2N7J9	A0A1D2N7J9	A0A1D2N7J9_ORCCI	Protein kinase C and casein kinase substrate in neurons protein 2	NA	Orchesella cincta	GO:0005768;GO:0005886;GO:0016301;GO:0005543;GO:0007010;GO:0097320;GO:0030100	C:endosome;C:plasma membrane;F:kinase activity;F:phospholipid binding;P:cytoskeleton organization;P:plasma membrane tubulation;P:regulation of endocytosis	IEA:TreeGrafter;IEA:TreeGrafter;IEA:UniProtKB-KW;IEA:TreeGrafter;IEA:TreeGrafter;IEA:TreeGrafter;IEA:TreeGrafter	Success
A0A1D2MYS0	A0A1D2MYS0	A0A1D2MYS0_ORCCI	Diacylglycerol O-acyltransferase	NA	Orchesella cincta	GO:0005886;GO:0008374;GO:0019432	C:plasma membrane;F:O-acyltransferase activity;P:triglyceride biosynthetic process	IEA:TreeGrafter;IEA:InterPro;IEA:TreeGrafter	Success
A0A1D2NGI4	A0A1D2NGI4	A0A1D2NGI4_ORCCI	Glucose dehydrogenase [FAD, quinone]	NA	Orchesella cincta	GO:0016020;GO:0050660;GO:0016614	C:membrane;F:flavin adenine dinucleotide binding;F:oxidoreductase activity, acting on CH-OH group of donors	IEA:UniProtKB-KW;IEA:InterPro;IEA:InterPro	Success
A0A1D2MYA2	A0A1D2MYA2	A0A1D2MYA2_ORCCI	Phospholysine phosphohistidine inorganic pyrophosphate phosphatase	NA	Orchesella cincta	GO:0005829;GO:0005634;GO:0004427;GO:0016791	C:cytosol;C:nucleus;F:inorganic diphosphate phosphatase activity;F:phosphatase activity	IEA:TreeGrafter;IEA:UniProtKB-SubCell;IEA:TreeGrafter;IEA:InterPro	Success
A0A1D2MX65	A0A1D2MX65	A0A1D2MX65_ORCCI	Mushroom body large-type Kenyon cell-specific protein 1	NA	Orchesella cincta	GO:0005634;GO:0003677;GO:0006357	C:nucleus;F:DNA binding;P:regulation of transcription by RNA polymerase II	IEA:UniProtKB-SubCell;IEA:UniProtKB-UniRule;IEA:TreeGrafter	Success
A0A1D2MWN6	A0A1D2MWN6	A0A1D2MWN6_ORCCI	Uncharacterized protein	NA	Orchesella cincta	GO:0016020	C:membrane	IEA:UniProtKB-KW	Success
A0A1D2MW71	A0A1D2MW71	A0A1D2MW71_ORCCI	Uncharacterized protein	NA	Orchesella cincta	NA	NA	NA	Success
A0A1D2MTS8	A0A1D2MTS8	A0A1D2MTS8_ORCCI	Gamma-aminobutyric acid receptor subunit alpha-2	NA	Orchesella cincta	GO:0034707;GO:0045211;GO:0005254;GO:0005230;GO:0004890;GO:0099095	C:chloride channel complex;C:postsynaptic membrane;F:chloride channel activity;F:extracellular ligand-gated monoatomic ion channel activity;F:GABA-A receptor activity;F:ligand-gated monoatomic anion channel activity	IEA:UniProtKB-KW;IEA:UniProtKB-SubCell;IEA:UniProtKB-KW;IEA:InterPro;IEA:InterPro;IEA:UniProtKB-ARBA	Success
A0A1D2MTE7	A0A1D2MTE7	A0A1D2MTE7_ORCCI	Gamma-aminobutyric acid receptor alpha-like	NA	Orchesella cincta	GO:0005886;GO:0005254;GO:0005230;GO:0099095;GO:0004888	C:plasma membrane;F:chloride channel activity;F:extracellular ligand-gated monoatomic ion channel activity;F:ligand-gated monoatomic anion channel activity;F:transmembrane signaling receptor activity	IEA:UniProtKB-SubCell;IEA:UniProtKB-ARBA;IEA:InterPro;IEA:UniProtKB-ARBA;IEA:InterPro	Success
A0A1D2MW48	A0A1D2MW48	A0A1D2MW48_ORCCI	Splicing factor, suppressor of white-apricot	NA	Orchesella cincta	GO:0003723;GO:0000395	F:RNA binding;P:mRNA 5'-splice site recognition	IEA:UniProtKB-KW;IEA:TreeGrafter	Success
A0A1D2ND25	A0A1D2ND25	A0A1D2ND25_ORCCI	Thromboxane-A synthase	NA	Orchesella cincta	GO:0005789;GO:0020037;GO:0005506;GO:0004497;GO:0016705	C:endoplasmic reticulum membrane;F:heme binding;F:iron ion binding;F:monooxygenase activity;F:oxidoreductase activity, acting on paired donors, with incorporation or reduction of molecular oxygen	IEA:UniProtKB-SubCell;IEA:InterPro;IEA:InterPro;IEA:UniProtKB-KW;IEA:InterPro	Success
A0A1D2N3V5	A0A1D2N3V5	A0A1D2N3V5_ORCCI	Kynurenine 3-monooxygenase	NA	Orchesella cincta	GO:0005741;GO:0071949;GO:0004502;GO:0034354;GO:0043420;GO:0070189;GO:0006569;GO:0019805	C:mitochondrial outer membrane;F:FAD binding;F:kynurenine 3-monooxygenase activity;P:'de novo' NAD biosynthetic process from L-tryptophan;P:anthranilate metabolic process;P:kynurenine metabolic process;P:L-tryptophan catabolic process;P:quinolinate biosynthetic process	IEA:TreeGrafter;IEA:InterPro;IEA:UniProtKB-UniRule;IEA:UniProtKB-UniRule;IEA:UniProtKB-UniRule;IEA:TreeGrafter;IEA:UniProtKB-UniRule;IEA:UniProtKB-UniRule	Success
A0A1D2NCY6	A0A1D2NCY6	A0A1D2NCY6_ORCCI	Endoplasmic reticulum resident protein 29	NA	Orchesella cincta	GO:0005788;GO:0016020;GO:0009306	C:endoplasmic reticulum lumen;C:membrane;P:protein secretion	IEA:InterPro;IEA:UniProtKB-KW;IEA:InterPro	Success
A0A1D2NCY0	A0A1D2NCY0	A0A1D2NCY0_ORCCI	ubiquitinyl hydrolase 1	NA	Orchesella cincta	GO:0005794;GO:0005509;GO:0004843;GO:0016579	C:Golgi apparatus;F:calcium ion binding;F:cysteine-type deubiquitinase activity;P:protein deubiquitination	IEA:TreeGrafter;IEA:InterPro;IEA:UniProtKB-EC;IEA:InterPro	Success
A0A1D2ND13	A0A1D2ND13	A0A1D2ND13_ORCCI	Uncharacterized protein	NA	Orchesella cincta	NA	NA	NA	Success
A0A1D2ND07	A0A1D2ND07	A0A1D2ND07_ORCCI	Chorion peroxidase	NA	Orchesella cincta	GO:0005576;GO:0020037;GO:0046872;GO:0004601;GO:0006979	C:extracellular region;F:heme binding;F:metal ion binding;F:peroxidase activity;P:response to oxidative stress	IEA:UniProtKB-SubCell;IEA:InterPro;IEA:UniProtKB-KW;IEA:UniProtKB-KW;IEA:InterPro	Success
A0A1D2NCZ2	A0A1D2NCZ2	A0A1D2NCZ2_ORCCI	Transcription-associated protein 1	NA	Orchesella cincta	GO:0035267;GO:0005634;GO:0000124;GO:0004672;GO:0006281;GO:0006355	C:NuA4 histone acetyltransferase complex;C:nucleus;C:SAGA complex;F:protein kinase activity;P:DNA repair;P:regulation of DNA-templated transcription	IEA:TreeGrafter;IEA:TreeGrafter;IEA:TreeGrafter;IEA:UniProtKB-ARBA;IEA:TreeGrafter;IEA:TreeGrafter	Success
A0A1D2N2Z9	A0A1D2N2Z9	A0A1D2N2Z9_ORCCI	small monomeric GTPase	NA	Orchesella cincta	GO:0005525;GO:0003924	F:GTP binding;F:GTPase activity	IEA:InterPro;IEA:InterPro	Success
A0A1D2N3X7	A0A1D2N3X7	A0A1D2N3X7_ORCCI	Oxysterol-binding protein	NA	Orchesella cincta	GO:0032541;GO:0005829;GO:0016020;GO:0015485;GO:0006869	C:cortical endoplasmic reticulum;C:cytosol;C:membrane;F:cholesterol binding;P:lipid transport	IEA:TreeGrafter;IEA:TreeGrafter;IEA:UniProtKB-KW;IEA:TreeGrafter;IEA:UniProtKB-KW	Success
A0A1D2N3I6	A0A1D2N3I6	A0A1D2N3I6_ORCCI	RNA-binding protein 1	NA	Orchesella cincta	GO:0003723	F:RNA binding	IEA:UniProtKB-UniRule	Success
A0A1D2NBY1	A0A1D2NBY1	A0A1D2NBY1_ORCCI	C2H2-type domain-containing protein	NA	Orchesella cincta	GO:0008234;GO:0008270;GO:0006508	F:cysteine-type peptidase activity;F:zinc ion binding;P:proteolysis	IEA:InterPro;IEA:UniProtKB-KW;IEA:InterPro	Success
A0A1D2M0N5	A0A1D2M0N5	A0A1D2M0N5_ORCCI	Putative RNA-directed DNA polymerase from transposon BS	NA	Orchesella cincta	GO:0016020;GO:0003964	C:membrane;F:RNA-directed DNA polymerase activity	IEA:UniProtKB-KW;IEA:UniProtKB-KW	Success
A0A1D2MFH9	A0A1D2MFH9	A0A1D2MFH9_ORCCI	Putative RNA-directed DNA polymerase from transposon X-element	NA	Orchesella cincta	GO:0003964	F:RNA-directed DNA polymerase activity	IEA:UniProtKB-KW	Success
A0A1D2M406	A0A1D2M406	A0A1D2M406_ORCCI	DNA polymerase eta	NA	Orchesella cincta	GO:0005634;GO:0005657;GO:0035861;GO:0003684;GO:0003887;GO:0046872;GO:0042276;GO:0009314	C:nucleus;C:replication fork;C:site of double-strand break;F:damaged DNA binding;F:DNA-directed DNA polymerase activity;F:metal ion binding;P:error-prone translesion synthesis;P:response to radiation	IEA:UniProtKB-SubCell;IEA:TreeGrafter;IEA:TreeGrafter;IEA:InterPro;IEA:TreeGrafter;IEA:UniProtKB-KW;IEA:TreeGrafter;IEA:TreeGrafter	Success
A0A1D2MK92	A0A1D2MK92	A0A1D2MK92_ORCCI	Phosphodiesterase	NA	Orchesella cincta	GO:0047555;GO:0046872;GO:0007165	F:3',5'-cyclic-GMP phosphodiesterase activity;F:metal ion binding;P:signal transduction	IEA:UniProtKB-EC;IEA:UniProtKB-KW;IEA:InterPro	Success
A0A1D2MH44	A0A1D2MH44	A0A1D2MH44_ORCCI	Heparan sulfate 2-O-sulfotransferase 1	NA	Orchesella cincta	GO:0000139;GO:0008146	C:Golgi membrane;F:sulfotransferase activity	IEA:UniProtKB-SubCell;IEA:InterPro	Success
A0A1D2MH58	A0A1D2MH58	A0A1D2MH58_ORCCI	Kinase suppressor of Ras 2	NA	Orchesella cincta	GO:0005524;GO:0046872;GO:0004674;GO:0006950	F:ATP binding;F:metal ion binding;F:protein serine/threonine kinase activity;P:response to stress	IEA:UniProtKB-UniRule;IEA:UniProtKB-KW;IEA:UniProtKB-KW;IEA:UniProtKB-ARBA	Success
A0A1D2MGV5	A0A1D2MGV5	A0A1D2MGV5_ORCCI	Uncharacterized protein	NA	Orchesella cincta	NA	NA	NA	Success
A0A1D2MGU5	A0A1D2MGU5	A0A1D2MGU5_ORCCI	Histone-lysine N-methyltransferase, H3 lysine-36 and H4 lysine-20 specific	NA	Orchesella cincta	GO:0005694;GO:0005634;GO:0042054;GO:0008170;GO:0008757;GO:0008270;GO:0032259	C:chromosome;C:nucleus;F:histone methyltransferase activity;F:N-methyltransferase activity;F:S-adenosylmethionine-dependent methyltransferase activity;F:zinc ion binding;P:methylation	IEA:UniProtKB-SubCell;IEA:UniProtKB-SubCell;IEA:InterPro;IEA:UniProtKB-ARBA;IEA:UniProtKB-ARBA;IEA:UniProtKB-KW;IEA:UniProtKB-KW	Success
A0A1D2N1U1	A0A1D2N1U1	A0A1D2N1U1_ORCCI	UDP-glucuronosyltransferase 2B19	NA	Orchesella cincta	GO:0008194	F:UDP-glycosyltransferase activity	IEA:InterPro	Success
A0A1D2MHC7	A0A1D2MHC7	A0A1D2MHC7_ORCCI	SH2B adapter protein 2	NA	Orchesella cincta	GO:0005886;GO:0005068;GO:0035556	C:plasma membrane;F:transmembrane receptor protein tyrosine kinase adaptor activity;P:intracellular signal transduction	IEA:TreeGrafter;IEA:TreeGrafter;IEA:TreeGrafter	Success
A0A1D2N5Q5	A0A1D2N5Q5	A0A1D2N5Q5_ORCCI	G-protein coupled receptor Mth2	NA	Orchesella cincta	GO:0016020;GO:0004888;GO:0007166	C:membrane;F:transmembrane signaling receptor activity;P:cell surface receptor signaling pathway	IEA:UniProtKB-SubCell;IEA:InterPro;IEA:InterPro	Success
A0A1D2N5E3	A0A1D2N5E3	A0A1D2N5E3_ORCCI	G-protein coupled receptor Mth2	NA	Orchesella cincta	GO:0016020;GO:0004930	C:membrane;F:G protein-coupled receptor activity	IEA:UniProtKB-SubCell;IEA:InterPro	Success
A0A1D2N7W7	A0A1D2N7W7	A0A1D2N7W7_ORCCI	Uncharacterized protein	NA	Orchesella cincta	NA	NA	NA	Success
A0A1D2N841	A0A1D2N841	A0A1D2N841_ORCCI	Calmodulin-like protein 4	NA	Orchesella cincta	GO:0016460;GO:0005509	C:myosin II complex;F:calcium ion binding	IEA:TreeGrafter;IEA:InterPro	Success
A0A1D2MXV2	A0A1D2MXV2	A0A1D2MXV2_ORCCI	Uncharacterized protein	NA	Orchesella cincta	GO:0016020;GO:0098793;GO:0048488	C:membrane;C:presynapse;P:synaptic vesicle endocytosis	IEA:UniProtKB-SubCell;IEA:GOC;IEA:TreeGrafter	Success
A0A1D2MC92	A0A1D2MC92	A0A1D2MC92_ORCCI	F-box domain-containing protein	NA	Orchesella cincta	NA	NA	NA	Success
A0A1D2NC85	A0A1D2NC85	A0A1D2NC85_ORCCI	CCR4-NOT transcription complex subunit 10	NA	Orchesella cincta	GO:0030014;GO:0005737;GO:0005634;GO:0006402;GO:0017148;GO:0031047	C:CCR4-NOT complex;C:cytoplasm;C:nucleus;P:mRNA catabolic process;P:negative regulation of translation;P:regulatory ncRNA-mediated gene silencing	IEA:UniProtKB-UniRule;IEA:UniProtKB-SubCell;IEA:UniProtKB-SubCell;IEA:TreeGrafter;IEA:TreeGrafter;IEA:UniProtKB-UniRule	Success
A0A1D2ML94	A0A1D2ML94	A0A1D2ML94_ORCCI	non-specific serine/threonine protein kinase	NA	Orchesella cincta	GO:0005524;GO:0004672;GO:0009653;GO:0030154	F:ATP binding;F:protein kinase activity;P:anatomical structure morphogenesis;P:cell differentiation	IEA:UniProtKB-UniRule;IEA:InterPro;IEA:UniProtKB-ARBA;IEA:UniProtKB-ARBA	Success
A0A1D2NC85	A0A1D2NC85	A0A1D2NC85_ORCCI	CCR4-NOT transcription complex subunit 10	NA	Orchesella cincta	GO:0030014;GO:0005737;GO:0005634;GO:0006402;GO:0017148;GO:0031047	C:CCR4-NOT complex;C:cytoplasm;C:nucleus;P:mRNA catabolic process;P:negative regulation of translation;P:regulatory ncRNA-mediated gene silencing	IEA:UniProtKB-UniRule;IEA:UniProtKB-SubCell;IEA:UniProtKB-SubCell;IEA:TreeGrafter;IEA:TreeGrafter;IEA:UniProtKB-UniRule	Success
A0A1D2N779	A0A1D2N779	A0A1D2N779_ORCCI	Dynamin-1-like protein	NA	Orchesella cincta	GO:0005737;GO:0016020;GO:0005874;GO:0005525;GO:0003924;GO:0008017	C:cytoplasm;C:membrane;C:microtubule;F:GTP binding;F:GTPase activity;F:microtubule binding	IEA:TreeGrafter;IEA:TreeGrafter;IEA:TreeGrafter;IEA:InterPro;IEA:InterPro;IEA:TreeGrafter	Success
A0A1D2NC10	A0A1D2NC10	A0A1D2NC10_ORCCI	Phenoloxidase 2	NA	Orchesella cincta	GO:0046872;GO:0004503;GO:0006582	F:metal ion binding;F:tyrosinase activity;P:melanin metabolic process	IEA:UniProtKB-KW;IEA:UniProtKB-ARBA;IEA:UniProtKB-ARBA	Success
A0A1D2MPZ9	A0A1D2MPZ9	A0A1D2MPZ9_ORCCI	Multidrug resistance-associated protein 4	NA	Orchesella cincta	GO:0016020;GO:0140359;GO:0005524;GO:0016887	C:membrane;F:ABC-type transporter activity;F:ATP binding;F:ATP hydrolysis activity	IEA:UniProtKB-SubCell;IEA:InterPro;IEA:UniProtKB-KW;IEA:InterPro	Success
A0A1D2NL50	A0A1D2NL50	A0A1D2NL50_ORCCI	Tryptophan--tRNA ligase, cytoplasmic	NA	Orchesella cincta	GO:0005737;GO:0005524;GO:0004830;GO:0006436	C:cytoplasm;F:ATP binding;F:tryptophan-tRNA ligase activity;P:tryptophanyl-tRNA aminoacylation	IEA:TreeGrafter;IEA:UniProtKB-KW;IEA:UniProtKB-EC;IEA:InterPro	Success
A0A1D2MXT2	A0A1D2MXT2	A0A1D2MXT2_ORCCI	Protein aveugle	NA	Orchesella cincta	GO:0009898;GO:0007169	C:cytoplasmic side of plasma membrane;P:cell surface receptor protein tyrosine kinase signaling pathway	IEA:TreeGrafter;IEA:TreeGrafter	Success
A0A1D2NMN2	A0A1D2NMN2	A0A1D2NMN2_ORCCI	Phosphorylase b kinase regulatory subunit	NA	Orchesella cincta	GO:0005964;GO:0005886;GO:0005516;GO:0005977	C:phosphorylase kinase complex;C:plasma membrane;F:calmodulin binding;P:glycogen metabolic process	IEA:TreeGrafter;IEA:UniProtKB-SubCell;IEA:UniProtKB-KW;IEA:UniProtKB-UniPathway	Success
A0A1D2NMN6	A0A1D2NMN6	A0A1D2NMN6_ORCCI	Transmembrane protein	NA	Orchesella cincta	GO:0016020	C:membrane	IEA:UniProtKB-KW	Success
A0A1D2NMU8	A0A1D2NMU8	A0A1D2NMU8_ORCCI	WD repeat-containing protein 47	NA	Orchesella cincta	NA	NA	NA	Success
A0A1D2NMV8	A0A1D2NMV8	A0A1D2NMV8_ORCCI	Venom carboxylesterase-6	NA	Orchesella cincta	GO:0052689	F:carboxylic ester hydrolase activity	IEA:UniProtKB-KW	Success
A0A1D2MYE8	A0A1D2MYE8	A0A1D2MYE8_ORCCI	F-actin monooxygenase	NA	Orchesella cincta	GO:0005737;GO:0016020;GO:0003779;GO:0120501;GO:0046872	C:cytoplasm;C:membrane;F:actin binding;F:F-actin monooxygenase activity;F:metal ion binding	IEA:UniProtKB-SubCell;IEA:UniProtKB-KW;IEA:UniProtKB-KW;IEA:UniProtKB-EC;IEA:UniProtKB-KW	Success
A0A1D2MZJ0	A0A1D2MZJ0	A0A1D2MZJ0_ORCCI	Carboxypeptidase B	NA	Orchesella cincta	GO:0005615;GO:0004181;GO:0008270;GO:0006508	C:extracellular space;F:metallocarboxypeptidase activity;F:zinc ion binding;P:proteolysis	IEA:TreeGrafter;IEA:InterPro;IEA:InterPro;IEA:UniProtKB-KW	Success
A0A1D2MVE9	A0A1D2MVE9	A0A1D2MVE9_ORCCI	Serine/threonine-protein kinase 40	NA	Orchesella cincta	GO:0005737;GO:0005524;GO:0004672	C:cytoplasm;F:ATP binding;F:protein kinase activity	IEA:UniProtKB-KW;IEA:InterPro;IEA:InterPro	Success
A0A1D2MYY8	A0A1D2MYY8	A0A1D2MYY8_ORCCI	Homeobox protein not2	NA	Orchesella cincta	GO:0005634;GO:0000981;GO:0000978;GO:0007417;GO:0030182	C:nucleus;F:DNA-binding transcription factor activity, RNA polymerase II-specific;F:RNA polymerase II cis-regulatory region sequence-specific DNA binding;P:central nervous system development;P:neuron differentiation	IEA:UniProtKB-SubCell;IEA:InterPro;IEA:TreeGrafter;IEA:TreeGrafter;IEA:TreeGrafter	Success
A0A1D2MNI4	A0A1D2MNI4	A0A1D2MNI4_ORCCI	Ribosomal L1 domain-containing protein 1	NA	Orchesella cincta	GO:0005739;GO:0003735	C:mitochondrion;F:structural constituent of ribosome	IEA:InterPro;IEA:InterPro	Success
A0A1D2MPC5	A0A1D2MPC5	A0A1D2MPC5_ORCCI	Transcription initiation factor TFIID subunit 3	NA	Orchesella cincta	GO:0005669;GO:0002039;GO:0003743;GO:0008270;GO:0045944	C:transcription factor TFIID complex;F:p53 binding;F:translation initiation factor activity;F:zinc ion binding;P:positive regulation of transcription by RNA polymerase II	IEA:TreeGrafter;IEA:TreeGrafter;IEA:UniProtKB-KW;IEA:UniProtKB-KW;IEA:TreeGrafter	Success
A0A1D2M9A1	A0A1D2M9A1	A0A1D2M9A1_ORCCI	Gustatory receptor	NA	Orchesella cincta	GO:0016020	C:membrane	IEA:UniProtKB-KW	Success
A0A1D2NGL6	A0A1D2NGL6	A0A1D2NGL6_ORCCI	Mitochondrial cardiolipin hydrolase	NA	Orchesella cincta	GO:0005739;GO:0016891;GO:0016042;GO:0034587	C:mitochondrion;F:RNA endonuclease activity, producing 5'-phosphomonoesters;P:lipid catabolic process;P:piRNA processing	IEA:TreeGrafter;IEA:TreeGrafter;IEA:UniProtKB-KW;IEA:TreeGrafter	Success
A0A1D2NGM1	A0A1D2NGM1	A0A1D2NGM1_ORCCI	Rho-related BTB domain-containing protein 1	NA	Orchesella cincta	GO:0005525;GO:0003924;GO:0001667;GO:0022412;GO:0003006;GO:0035099;GO:0035006;GO:0007264	F:GTP binding;F:GTPase activity;P:ameboidal-type cell migration;P:cellular process involved in reproduction in multicellular organism;P:developmental process involved in reproduction;P:hemocyte migration;P:melanization defense response;P:small GTPase-mediated signal transduction	IEA:UniProtKB-KW;IEA:InterPro;IEA:UniProtKB-ARBA;IEA:UniProtKB-ARBA;IEA:UniProtKB-ARBA;IEA:UniProtKB-ARBA;IEA:UniProtKB-ARBA;IEA:InterPro	Success
A0A1D2NGP2	A0A1D2NGP2	A0A1D2NGP2_ORCCI	Receptor expression-enhancing protein	NA	Orchesella cincta	GO:0005881;GO:0005789;GO:0071782;GO:0008017;GO:0071786	C:cytoplasmic microtubule;C:endoplasmic reticulum membrane;C:endoplasmic reticulum tubular network;F:microtubule binding;P:endoplasmic reticulum tubular network organization	IEA:TreeGrafter;IEA:TreeGrafter;IEA:TreeGrafter;IEA:TreeGrafter;IEA:TreeGrafter	Success
A0A1D2MG15	A0A1D2MG15	A0A1D2MG15_ORCCI	G2/M phase-specific E3 ubiquitin-protein ligase	NA	Orchesella cincta	GO:0005654;GO:0008270	C:nucleoplasm;F:zinc ion binding	IEA:UniProtKB-ARBA;IEA:UniProtKB-KW	Success
A0A1D2NGM2	A0A1D2NGM2	A0A1D2NGM2_ORCCI	Spondin-2	NA	Orchesella cincta	GO:0031012;GO:0005576;GO:0046872;GO:0007155	C:extracellular matrix;C:extracellular region;F:metal ion binding;P:cell adhesion	IEA:UniProtKB-UniRule;IEA:UniProtKB-KW;IEA:UniProtKB-KW;IEA:UniProtKB-KW	Success
A0A1D2NHH2	A0A1D2NHH2	A0A1D2NHH2_ORCCI	Spondin-2	NA	Orchesella cincta	GO:0031012;GO:0005576;GO:0005886;GO:0046872;GO:0030036;GO:0007155	C:extracellular matrix;C:extracellular region;C:plasma membrane;F:metal ion binding;P:actin cytoskeleton organization;P:cell adhesion	IEA:UniProtKB-UniRule;IEA:UniProtKB-KW;IEA:TreeGrafter;IEA:UniProtKB-KW;IEA:TreeGrafter;IEA:UniProtKB-KW	Success
A0A1D2NGN3	A0A1D2NGN3	A0A1D2NGN3_ORCCI	TNF receptor-associated factor 6	NA	Orchesella cincta	NA	NA	NA	Success
A0A1D2NGL0	A0A1D2NGL0	A0A1D2NGL0_ORCCI	Uncharacterized protein	NA	Orchesella cincta	NA	NA	NA	Success
A0A1D2N1W8	A0A1D2N1W8	A0A1D2N1W8_ORCCI	Carnitine O-palmitoyltransferase 2, mitochondrial	NA	Orchesella cincta	GO:0005739;GO:0004095;GO:0006635	C:mitochondrion;F:carnitine O-palmitoyltransferase activity;P:fatty acid beta-oxidation	IEA:TreeGrafter;IEA:TreeGrafter;IEA:TreeGrafter	Success
A0A1D2N1X2	A0A1D2N1X2	A0A1D2N1X2_ORCCI	Microfibrillar-associated protein 1	NA	Orchesella cincta	NA	NA	NA	Success
A0A1D2N518	A0A1D2N518	A0A1D2N518_ORCCI	DOMON domain-containing protein	NA	Orchesella cincta	GO:0005615;GO:0030667;GO:0005507;GO:0004500;GO:0005216;GO:0042420;GO:0042421;GO:0006589	C:extracellular space;C:secretory granule membrane;F:copper ion binding;F:dopamine beta-monooxygenase activity;F:monoatomic ion channel activity;P:dopamine catabolic process;P:norepinephrine biosynthetic process;P:octopamine biosynthetic process	IEA:TreeGrafter;IEA:TreeGrafter;IEA:InterPro;IEA:InterPro;IEA:InterPro;IEA:TreeGrafter;IEA:TreeGrafter;IEA:TreeGrafter	Success
A0A1D2N0H7	A0A1D2N0H7	A0A1D2N0H7_ORCCI	Potassium channel subfamily K member 9	NA	Orchesella cincta	GO:0005886;GO:0015271;GO:0022841;GO:0030322	C:plasma membrane;F:outward rectifier potassium channel activity;F:potassium ion leak channel activity;P:stabilization of membrane potential	IEA:TreeGrafter;IEA:TreeGrafter;IEA:TreeGrafter;IEA:TreeGrafter	Success
A0A1D2N3U0	A0A1D2N3U0	A0A1D2N3U0_ORCCI	Uncharacterized protein	NA	Orchesella cincta	NA	NA	NA	Success
A0A1D2N3V1	A0A1D2N3V1	A0A1D2N3V1_ORCCI	Differentially expressed in FDCP 6	NA	Orchesella cincta	GO:0005737;GO:0005634	C:cytoplasm;C:nucleus	IEA:TreeGrafter;IEA:TreeGrafter	Success
A0A1D2N3Z0	A0A1D2N3Z0	A0A1D2N3Z0_ORCCI	GTPase Era, mitochondrial	NA	Orchesella cincta	GO:0005759;GO:0005525;GO:0043024;GO:0019843;GO:0000028	C:mitochondrial matrix;F:GTP binding;F:ribosomal small subunit binding;F:rRNA binding;P:ribosomal small subunit assembly	IEA:TreeGrafter;IEA:UniProtKB-KW;IEA:TreeGrafter;IEA:TreeGrafter;IEA:TreeGrafter	Success
A0A1D2MP69	A0A1D2MP69	A0A1D2MP69_ORCCI	Coiled-coil-helix-coiled-coil-helix domain-containing protein 1	NA	Orchesella cincta	GO:0005761;GO:0005654;GO:0003723;GO:0032543	C:mitochondrial ribosome;C:nucleoplasm;F:RNA binding;P:mitochondrial translation	IEA:InterPro;IEA:TreeGrafter;IEA:TreeGrafter;IEA:InterPro	Success
A0A1D2N3W4	A0A1D2N3W4	A0A1D2N3W4_ORCCI	Kv channel-interacting protein 1	NA	Orchesella cincta	GO:0005509	F:calcium ion binding	IEA:InterPro	Success
A0A1D2N1V9	A0A1D2N1V9	A0A1D2N1V9_ORCCI	Uncharacterized protein	NA	Orchesella cincta	NA	NA	NA	Success
A0A1D2MIE8	A0A1D2MIE8	A0A1D2MIE8_ORCCI	protein-tyrosine-phosphatase	NA	Orchesella cincta	GO:0005737;GO:0033550;GO:0017017;GO:0008330;GO:0043409	C:cytoplasm;F:MAP kinase tyrosine phosphatase activity;F:MAP kinase tyrosine/serine/threonine phosphatase activity;F:protein tyrosine/threonine phosphatase activity;P:negative regulation of MAPK cascade	IEA:TreeGrafter;IEA:TreeGrafter;IEA:TreeGrafter;IEA:TreeGrafter;IEA:TreeGrafter	Success
A0A1D2MAW3	A0A1D2MAW3	A0A1D2MAW3_ORCCI	protein-tyrosine-phosphatase	NA	Orchesella cincta	GO:0016020;GO:0004725;GO:0048666	C:membrane;F:protein tyrosine phosphatase activity;P:neuron development	IEA:UniProtKB-SubCell;IEA:UniProtKB-EC;IEA:UniProtKB-ARBA	Success
A0A1D2N451	A0A1D2N451	A0A1D2N451_ORCCI	KASH domain-containing protein	NA	Orchesella cincta	GO:0031965	C:nuclear membrane	IEA:UniProtKB-SubCell	Success
A0A1D2N0S6	A0A1D2N0S6	A0A1D2N0S6_ORCCI	Bacteriophage T5 Orf172 DNA-binding domain-containing protein	NA	Orchesella cincta	NA	NA	NA	Success
A0A1D2NC86	A0A1D2NC86	A0A1D2NC86_ORCCI	LIM/homeobox protein Lhx1	NA	Orchesella cincta	GO:0005634;GO:0000981;GO:0000977;GO:0008270;GO:0030182	C:nucleus;F:DNA-binding transcription factor activity, RNA polymerase II-specific;F:RNA polymerase II transcription regulatory region sequence-specific DNA binding;F:zinc ion binding;P:neuron differentiation	IEA:UniProtKB-SubCell;IEA:InterPro;IEA:TreeGrafter;IEA:InterPro;IEA:TreeGrafter	Success
A0A1D2NBJ2	A0A1D2NBJ2	A0A1D2NBJ2_ORCCI	PAX-interacting protein 1	NA	Orchesella cincta	GO:0006270;GO:0033314;GO:0007095	P:DNA replication initiation;P:mitotic DNA replication checkpoint signaling;P:mitotic G2 DNA damage checkpoint signaling	IEA:TreeGrafter;IEA:TreeGrafter;IEA:TreeGrafter	Success
A0A1D2NBK5	A0A1D2NBK5	A0A1D2NBK5_ORCCI	Small G protein signaling modulator 2	NA	Orchesella cincta	GO:0031410;GO:0005096	C:cytoplasmic vesicle;F:GTPase activator activity	IEA:UniProtKB-ARBA;IEA:UniProtKB-KW	Success
A0A1D2NBK2	A0A1D2NBK2	A0A1D2NBK2_ORCCI	Serine/threonine-protein phosphatase PGAM5, mitochondrial	NA	Orchesella cincta	GO:0005741;GO:0004722;GO:0090141	C:mitochondrial outer membrane;F:protein serine/threonine phosphatase activity;P:positive regulation of mitochondrial fission	IEA:UniProtKB-SubCell;IEA:TreeGrafter;IEA:TreeGrafter	Success
A0A1D2NBJ0	A0A1D2NBJ0	A0A1D2NBJ0_ORCCI	Calmodulin	NA	Orchesella cincta	GO:0016460;GO:0005509	C:myosin II complex;F:calcium ion binding	IEA:TreeGrafter;IEA:InterPro	Success
A0A1D2NBI6	A0A1D2NBI6	A0A1D2NBI6_ORCCI	Eukaryotic translation initiation factor 4H	NA	Orchesella cincta	GO:0003723;GO:0003743	F:RNA binding;F:translation initiation factor activity	IEA:UniProtKB-UniRule;IEA:UniProtKB-KW	Success
A0A1D2MQR4	A0A1D2MQR4	A0A1D2MQR4_ORCCI	Cytosolic carboxypeptidase 6	NA	Orchesella cincta	GO:0004181;GO:0008270;GO:0006508	F:metallocarboxypeptidase activity;F:zinc ion binding;P:proteolysis	IEA:InterPro;IEA:InterPro;IEA:InterPro	Success
A0A1D2N6V2	A0A1D2N6V2	A0A1D2N6V2_ORCCI	Neuropeptide FF receptor 2	NA	Orchesella cincta	GO:0005886;GO:0004983	C:plasma membrane;F:neuropeptide Y receptor activity	IEA:TreeGrafter;IEA:InterPro	Success
A0A1D2ML42	A0A1D2ML42	A0A1D2ML42_ORCCI	Uncharacterized protein	NA	Orchesella cincta	NA	NA	NA	Success
A0A1D2N5Z2	A0A1D2N5Z2	A0A1D2N5Z2_ORCCI	Protein sidekick	NA	Orchesella cincta	NA	NA	NA	Success
A0A1D2N641	A0A1D2N641	A0A1D2N641_ORCCI	Protein sidekick-2	NA	Orchesella cincta	NA	NA	NA	Success
A0A1D2N653	A0A1D2N653	A0A1D2N653_ORCCI	Ig-like domain-containing protein	NA	Orchesella cincta	NA	NA	NA	Success
A0A1D2N9T8	A0A1D2N9T8	A0A1D2N9T8_ORCCI	Glutathione S-transferase 3, mitochondrial	NA	Orchesella cincta	GO:0005783;GO:0016020;GO:0005635;GO:0004602;GO:0004364;GO:0006691	C:endoplasmic reticulum;C:membrane;C:nuclear envelope;F:glutathione peroxidase activity;F:glutathione transferase activity;P:leukotriene metabolic process	IEA:TreeGrafter;IEA:UniProtKB-SubCell;IEA:TreeGrafter;IEA:TreeGrafter;IEA:TreeGrafter;IEA:UniProtKB-ARBA	Success
A0A1D2MAU3	A0A1D2MAU3	A0A1D2MAU3_ORCCI	Gamma-aminobutyric acid receptor subunit alpha-6	NA	Orchesella cincta	GO:0005886;GO:0005254;GO:0005230;GO:0099095;GO:0004888	C:plasma membrane;F:chloride channel activity;F:extracellular ligand-gated monoatomic ion channel activity;F:ligand-gated monoatomic anion channel activity;F:transmembrane signaling receptor activity	IEA:UniProtKB-SubCell;IEA:UniProtKB-ARBA;IEA:InterPro;IEA:UniProtKB-ARBA;IEA:InterPro	Success
A0A1D2MAT4	A0A1D2MAT4	A0A1D2MAT4_ORCCI	Gamma-aminobutyric acid receptor subunit beta	NA	Orchesella cincta	GO:0034707;GO:0045211;GO:0005254;GO:0005230;GO:0004890;GO:0099095	C:chloride channel complex;C:postsynaptic membrane;F:chloride channel activity;F:extracellular ligand-gated monoatomic ion channel activity;F:GABA-A receptor activity;F:ligand-gated monoatomic anion channel activity	IEA:UniProtKB-KW;IEA:UniProtKB-SubCell;IEA:UniProtKB-KW;IEA:InterPro;IEA:InterPro;IEA:UniProtKB-ARBA	Success
A0A1D2NCG9	A0A1D2NCG9	A0A1D2NCG9_ORCCI	Regulator of nonsense transcripts 3A	NA	Orchesella cincta	GO:0005737;GO:0005730;GO:0003729;GO:0000184;GO:0045727	C:cytoplasm;C:nucleolus;F:mRNA binding;P:nuclear-transcribed mRNA catabolic process, nonsense-mediated decay;P:positive regulation of translation	IEA:TreeGrafter;IEA:TreeGrafter;IEA:TreeGrafter;IEA:UniProtKB-KW;IEA:TreeGrafter	Success
A0A1D2MJN2	A0A1D2MJN2	A0A1D2MJN2_ORCCI	Virion egress protein UL34	NA	Orchesella cincta	GO:0016020	C:membrane	IEA:UniProtKB-KW	Success
A0A1D2NAF6	A0A1D2NAF6	A0A1D2NAF6_ORCCI	Uncharacterized protein	NA	Orchesella cincta	GO:0000139	C:Golgi membrane	IEA:UniProtKB-SubCell	Success
A0A1D2NAF1	A0A1D2NAF1	A0A1D2NAF1_ORCCI	Transmembrane protein	NA	Orchesella cincta	GO:0005789;GO:0000045	C:endoplasmic reticulum membrane;P:autophagosome assembly	IEA:TreeGrafter;IEA:TreeGrafter	Success
A0A1D2NAF5	A0A1D2NAF5	A0A1D2NAF5_ORCCI	Annexin A3	NA	Orchesella cincta	GO:0005737;GO:0005634;GO:0005886;GO:0012506;GO:0005509;GO:0005544;GO:0001786	C:cytoplasm;C:nucleus;C:plasma membrane;C:vesicle membrane;F:calcium ion binding;F:calcium-dependent phospholipid binding;F:phosphatidylserine binding	IEA:TreeGrafter;IEA:TreeGrafter;IEA:TreeGrafter;IEA:TreeGrafter;IEA:InterPro;IEA:InterPro;IEA:TreeGrafter	Success
A0A1D2MQ12	A0A1D2MQ12	A0A1D2MQ12_ORCCI	Tropomyosin	NA	Orchesella cincta	NA	NA	NA	Success
A0A1D2NAK0	A0A1D2NAK0	A0A1D2NAK0_ORCCI	Adenosylhomocysteinase	NA	Orchesella cincta	GO:0005829;GO:0004013;GO:0006730;GO:0033353	C:cytosol;F:adenosylhomocysteinase activity;P:one-carbon metabolic process;P:S-adenosylmethionine cycle	IEA:TreeGrafter;IEA:RHEA;IEA:UniProtKB-KW;IEA:TreeGrafter	Success
A0A1D2N9U3	A0A1D2N9U3	A0A1D2N9U3_ORCCI	Sarcolemmal membrane-associated protein	NA	Orchesella cincta	GO:0005524	F:ATP binding	IEA:UniProtKB-KW	Success
A0A1D2N9T0	A0A1D2N9T0	A0A1D2N9T0_ORCCI	RIMS-binding protein 2	NA	Orchesella cincta	GO:0045202;GO:0007274	C:synapse;P:neuromuscular synaptic transmission	IEA:GOC;IEA:TreeGrafter	Success
A0A1D2N9S5	A0A1D2N9S5	A0A1D2N9S5_ORCCI	RIMS-binding protein 2	NA	Orchesella cincta	GO:0045202;GO:0007274	C:synapse;P:neuromuscular synaptic transmission	IEA:GOC;IEA:TreeGrafter	Success
A0A1D2N9S8	A0A1D2N9S8	A0A1D2N9S8_ORCCI	Kinesin-like protein	NA	Orchesella cincta	GO:0005874;GO:0005875;GO:0005524;GO:0008017;GO:0003777;GO:0007018;GO:0007052;GO:0051231	C:microtubule;C:microtubule associated complex;F:ATP binding;F:microtubule binding;F:microtubule motor activity;P:microtubule-based movement;P:mitotic spindle organization;P:spindle elongation	IEA:UniProtKB-KW;IEA:TreeGrafter;IEA:UniProtKB-UniRule;IEA:InterPro;IEA:InterPro;IEA:InterPro;IEA:TreeGrafter;IEA:TreeGrafter	Success
A0A1D2MJF7	A0A1D2MJF7	A0A1D2MJF7_ORCCI	Signal peptide, CUB and EGF-like domain-containing protein 3	NA	Orchesella cincta	GO:0005509	F:calcium ion binding	IEA:InterPro	Success
A0A1D2N815	A0A1D2N815	A0A1D2N815_ORCCI	Teneurin-m	NA	Orchesella cincta	GO:0042995;GO:0005886;GO:0008045	C:cell projection;C:plasma membrane;P:motor neuron axon guidance	IEA:UniProtKB-KW;IEA:UniProtKB-SubCell;IEA:TreeGrafter	Success
A0A1D2N2Y5	A0A1D2N2Y5	A0A1D2N2Y5_ORCCI	Guanine nucleotide-binding protein subunit alpha	NA	Orchesella cincta	GO:0005737;GO:0005834;GO:0001664;GO:0031683;GO:0005525;GO:0003924;GO:0046872;GO:0007188	C:cytoplasm;C:heterotrimeric G-protein complex;F:G protein-coupled receptor binding;F:G-protein beta/gamma-subunit complex binding;F:GTP binding;F:GTPase activity;F:metal ion binding;P:adenylate cyclase-modulating G protein-coupled receptor signaling pathway	IEA:TreeGrafter;IEA:UniProtKB-UniRule;IEA:UniProtKB-UniRule;IEA:UniProtKB-UniRule;IEA:UniProtKB-UniRule;IEA:UniProtKB-UniRule;IEA:UniProtKB-UniRule;IEA:TreeGrafter	Success
A0A1D2N3K5	A0A1D2N3K5	A0A1D2N3K5_ORCCI	Uncharacterized protein	NA	Orchesella cincta	NA	NA	NA	Success
A0A1D2N326	A0A1D2N326	A0A1D2N326_ORCCI	UMP-CMP kinase	NA	Orchesella cincta	GO:0005737;GO:0005634;GO:0005524;GO:0036430;GO:0036431;GO:0033862;GO:0006207;GO:0006221	C:cytoplasm;C:nucleus;F:ATP binding;F:CMP kinase activity;F:dCMP kinase activity;F:UMP kinase activity;P:'de novo' pyrimidine nucleobase biosynthetic process;P:pyrimidine nucleotide biosynthetic process	IEA:UniProtKB-SubCell;IEA:UniProtKB-SubCell;IEA:UniProtKB-KW;IEA:RHEA;IEA:RHEA;IEA:RHEA;IEA:InterPro;IEA:UniProtKB-UniRule	Success
A0A1D2N309	A0A1D2N309	A0A1D2N309_ORCCI	Mediator of RNA polymerase II transcription subunit 25	NA	Orchesella cincta	GO:0016592;GO:0005667;GO:0045944	C:mediator complex;C:transcription regulator complex;P:positive regulation of transcription by RNA polymerase II	IEA:TreeGrafter;IEA:TreeGrafter;IEA:TreeGrafter	Success
A0A1D2N338	A0A1D2N338	A0A1D2N338_ORCCI	Plexin-B	NA	Orchesella cincta	GO:0005886;GO:0002116;GO:0017154;GO:0008045;GO:0007162;GO:0050772;GO:0030334;GO:0008360;GO:0097374	C:plasma membrane;C:semaphorin receptor complex;F:semaphorin receptor activity;P:motor neuron axon guidance;P:negative regulation of cell adhesion;P:positive regulation of axonogenesis;P:regulation of cell migration;P:regulation of cell shape;P:sensory neuron axon guidance	IEA:TreeGrafter;IEA:TreeGrafter;IEA:InterPro;IEA:TreeGrafter;IEA:TreeGrafter;IEA:TreeGrafter;IEA:TreeGrafter;IEA:TreeGrafter;IEA:TreeGrafter	Success
A0A1D2MUZ5	A0A1D2MUZ5	A0A1D2MUZ5_ORCCI	Protein SZT2	NA	Orchesella cincta	GO:0005777	C:peroxisome	IEA:InterPro	Success
A0A1D2N0Y9	A0A1D2N0Y9	A0A1D2N0Y9_ORCCI	Protein maelstrom 1	NA	Orchesella cincta	GO:0005634;GO:0043186;GO:0043565;GO:0030154;GO:0007140;GO:0045892;GO:0034587;GO:0060964;GO:0007283	C:nucleus;C:P granule;F:sequence-specific DNA binding;P:cell differentiation;P:male meiotic nuclear division;P:negative regulation of DNA-templated transcription;P:piRNA processing;P:regulation of miRNA-mediated gene silencing;P:spermatogenesis	IEA:UniProtKB-SubCell;IEA:TreeGrafter;IEA:TreeGrafter;IEA:UniProtKB-KW;IEA:TreeGrafter;IEA:TreeGrafter;IEA:TreeGrafter;IEA:InterPro;IEA:TreeGrafter	Success
A0A1D2N0P8	A0A1D2N0P8	A0A1D2N0P8_ORCCI	WSC domain-containing protein 1	NA	Orchesella cincta	NA	NA	NA	Success
A0A1D2MR81	A0A1D2MR81	A0A1D2MR81_ORCCI	Nitric oxide synthase	NA	Orchesella cincta	GO:0005516;GO:0050660;GO:0010181;GO:0020037;GO:0046872;GO:0050661;GO:0004517;GO:0006809	F:calmodulin binding;F:flavin adenine dinucleotide binding;F:FMN binding;F:heme binding;F:metal ion binding;F:NADP binding;F:nitric-oxide synthase activity;P:nitric oxide biosynthetic process	IEA:UniProtKB-KW;IEA:InterPro;IEA:InterPro;IEA:InterPro;IEA:UniProtKB-KW;IEA:InterPro;IEA:UniProtKB-EC;IEA:InterPro	Success
A0A1D2MRR1	A0A1D2MRR1	A0A1D2MRR1_ORCCI	von Willebrand factor C and EGF domain-containing protein	NA	Orchesella cincta	GO:0005576;GO:0036122;GO:0030513	C:extracellular region;F:BMP binding;P:positive regulation of BMP signaling pathway	IEA:UniProtKB-SubCell;IEA:TreeGrafter;IEA:TreeGrafter	Success
A0A1D2MJM8	A0A1D2MJM8	A0A1D2MJM8_ORCCI	Protein-serine/threonine kinase	NA	Orchesella cincta	GO:0005759;GO:0005524;GO:0004740;GO:0010906	C:mitochondrial matrix;F:ATP binding;F:pyruvate dehydrogenase (acetyl-transferring) kinase activity;P:regulation of glucose metabolic process	IEA:UniProtKB-SubCell;IEA:UniProtKB-UniRule;IEA:TreeGrafter;IEA:TreeGrafter	Success
A0A1D2MD63	A0A1D2MD63	A0A1D2MD63_ORCCI	ABC-type xenobiotic transporter	NA	Orchesella cincta	GO:0005743;GO:0015421;GO:0005524;GO:0016887;GO:0090374	C:mitochondrial inner membrane;F:ABC-type oligopeptide transporter activity;F:ATP binding;F:ATP hydrolysis activity;P:oligopeptide export from mitochondrion	IEA:TreeGrafter;IEA:TreeGrafter;IEA:UniProtKB-KW;IEA:InterPro;IEA:TreeGrafter	Success
A0A1D2ME53	A0A1D2ME53	A0A1D2ME53_ORCCI	Uncharacterized protein	NA	Orchesella cincta	NA	NA	NA	Success
A0A1D2N0Q4	A0A1D2N0Q4	A0A1D2N0Q4_ORCCI	Protein pelota	NA	Orchesella cincta	GO:0005737;GO:0046872;GO:0070651;GO:0070966;GO:0070481;GO:0032790;GO:0071025	C:cytoplasm;F:metal ion binding;P:nonfunctional rRNA decay;P:nuclear-transcribed mRNA catabolic process, no-go decay;P:nuclear-transcribed mRNA catabolic process, non-stop decay;P:ribosome disassembly;P:RNA surveillance	IEA:UniProtKB-SubCell;IEA:UniProtKB-KW;IEA:TreeGrafter;IEA:InterPro;IEA:InterPro;IEA:TreeGrafter;IEA:InterPro	Success
A0A1D2N0P2	A0A1D2N0P2	A0A1D2N0P2_ORCCI	NadR/Ttd14 AAA domain-containing protein	NA	Orchesella cincta	GO:0005525;GO:0070300;GO:0035091;GO:0045494	F:GTP binding;F:phosphatidic acid binding;F:phosphatidylinositol binding;P:photoreceptor cell maintenance	IEA:TreeGrafter;IEA:TreeGrafter;IEA:TreeGrafter;IEA:TreeGrafter	Success
A0A1D2N0S9	A0A1D2N0S9	A0A1D2N0S9_ORCCI	Helicase domino	NA	Orchesella cincta	GO:0000812;GO:0005524;GO:0016887;GO:0004386;GO:0042393;GO:0006338	C:Swr1 complex;F:ATP binding;F:ATP hydrolysis activity;F:helicase activity;F:histone binding;P:chromatin remodeling	IEA:TreeGrafter;IEA:UniProtKB-KW;IEA:TreeGrafter;IEA:UniProtKB-KW;IEA:TreeGrafter;IEA:TreeGrafter	Success
A0A1D2N0X0	A0A1D2N0X0	A0A1D2N0X0_ORCCI	WASH complex subunit 7	NA	Orchesella cincta	GO:0005768;GO:0071203;GO:0016197;GO:0007032	C:endosome;C:WASH complex;P:endosomal transport;P:endosome organization	IEA:TreeGrafter;IEA:InterPro;IEA:TreeGrafter;IEA:TreeGrafter	Success
A0A1D2MD63	A0A1D2MD63	A0A1D2MD63_ORCCI	ABC-type xenobiotic transporter	NA	Orchesella cincta	GO:0005743;GO:0015421;GO:0005524;GO:0016887;GO:0090374	C:mitochondrial inner membrane;F:ABC-type oligopeptide transporter activity;F:ATP binding;F:ATP hydrolysis activity;P:oligopeptide export from mitochondrion	IEA:TreeGrafter;IEA:TreeGrafter;IEA:UniProtKB-KW;IEA:InterPro;IEA:TreeGrafter	Success
A0A1D2MQN5	A0A1D2MQN5	A0A1D2MQN5_ORCCI	Sterile alpha and TIR motif-containing protein 1	NA	Orchesella cincta	GO:0005737;GO:0030425;GO:0003953;GO:0035591;GO:0002376;GO:0034128;GO:0048678	C:cytoplasm;C:dendrite;F:NAD+ nucleosidase activity;F:signaling adaptor activity;P:immune system process;P:negative regulation of MyD88-independent toll-like receptor signaling pathway;P:response to axon injury	IEA:UniProtKB-SubCell;IEA:TreeGrafter;IEA:InterPro;IEA:InterPro;IEA:UniProtKB-KW;IEA:InterPro;IEA:InterPro	Success
A0A1D2MD75	A0A1D2MD75	A0A1D2MD75_ORCCI	Segmentation protein cap'n'collar	NA	Orchesella cincta	GO:0005634;GO:0000981;GO:0000978	C:nucleus;F:DNA-binding transcription factor activity, RNA polymerase II-specific;F:RNA polymerase II cis-regulatory region sequence-specific DNA binding	IEA:TreeGrafter;IEA:TreeGrafter;IEA:InterPro	Success
A0A1D2NG18	A0A1D2NG18	A0A1D2NG18_ORCCI	Protein FAM57A	NA	Orchesella cincta	GO:0005783;GO:0016020;GO:0055088	C:endoplasmic reticulum;C:membrane;P:lipid homeostasis	IEA:TreeGrafter;IEA:UniProtKB-SubCell;IEA:TreeGrafter	Success
A0A1D2NG60	A0A1D2NG60	A0A1D2NG60_ORCCI	BRCA1-associated protein	NA	Orchesella cincta	GO:0005737;GO:0061630;GO:0008270;GO:0016567;GO:0007265	C:cytoplasm;F:ubiquitin protein ligase activity;F:zinc ion binding;P:protein ubiquitination;P:Ras protein signal transduction	IEA:TreeGrafter;IEA:TreeGrafter;IEA:UniProtKB-KW;IEA:TreeGrafter;IEA:TreeGrafter	Success
A0A1D2NAT2	A0A1D2NAT2	A0A1D2NAT2_ORCCI	C-X-C chemokine receptor type 5	NA	Orchesella cincta	GO:0005886;GO:0004930	C:plasma membrane;F:G protein-coupled receptor activity	IEA:UniProtKB-SubCell;IEA:UniProtKB-KW	Success
A0A1D2NAU6	A0A1D2NAU6	A0A1D2NAU6_ORCCI	Sarcalumenin	NA	Orchesella cincta	GO:0016020;GO:0005525;GO:0003924;GO:0007005	C:membrane;F:GTP binding;F:GTPase activity;P:mitochondrion organization	IEA:UniProtKB-SubCell;IEA:UniProtKB-KW;IEA:InterPro;IEA:UniProtKB-ARBA	Success
A0A1D2MXI7	A0A1D2MXI7	A0A1D2MXI7_ORCCI	Protein LAP2	NA	Orchesella cincta	GO:0005912;GO:0016323;GO:0014069;GO:0045211;GO:0019901;GO:0098609;GO:0045197;GO:0098968;GO:0098887;GO:0043113	C:adherens junction;C:basolateral plasma membrane;C:postsynaptic density;C:postsynaptic membrane;F:protein kinase binding;P:cell-cell adhesion;P:establishment or maintenance of epithelial cell apical/basal polarity;P:neurotransmitter receptor transport postsynaptic membrane to endosome;P:neurotransmitter receptor transport, endosome to postsynaptic membrane;P:receptor clustering	IEA:TreeGrafter;IEA:TreeGrafter;IEA:TreeGrafter;IEA:TreeGrafter;IEA:TreeGrafter;IEA:TreeGrafter;IEA:TreeGrafter;IEA:TreeGrafter;IEA:TreeGrafter;IEA:TreeGrafter	Success
A0A1D2MXR0	A0A1D2MXR0	A0A1D2MXR0_ORCCI	Sphingosine kinase 1	NA	Orchesella cincta	GO:0005737;GO:0043231;GO:0016020;GO:0005524;GO:0017050;GO:0046512	C:cytoplasm;C:intracellular membrane-bounded organelle;C:membrane;F:ATP binding;F:D-erythro-sphingosine kinase activity;P:sphingosine biosynthetic process	IEA:TreeGrafter;IEA:TreeGrafter;IEA:TreeGrafter;IEA:UniProtKB-KW;IEA:UniProtKB-ARBA;IEA:TreeGrafter	Success
A0A1D2ME34	A0A1D2ME34	A0A1D2ME34_ORCCI	Deoxyribonuclease-1	NA	Orchesella cincta	GO:0005634;GO:0004530;GO:0003677;GO:0006308	C:nucleus;F:deoxyribonuclease I activity;F:DNA binding;P:DNA catabolic process	IEA:TreeGrafter;IEA:TreeGrafter;IEA:TreeGrafter;IEA:InterPro	Success
A0A1D2ME91	A0A1D2ME91	A0A1D2ME91_ORCCI	Ubiquitin carboxyl-terminal hydrolase	NA	Orchesella cincta	GO:0005829;GO:0016020;GO:0005634;GO:0004843;GO:0016579;GO:0006508	C:cytosol;C:membrane;C:nucleus;F:cysteine-type deubiquitinase activity;P:protein deubiquitination;P:proteolysis	IEA:TreeGrafter;IEA:UniProtKB-KW;IEA:TreeGrafter;IEA:UniProtKB-UniRule;IEA:InterPro;IEA:UniProtKB-KW	Success
A0A1D2MRP3	A0A1D2MRP3	A0A1D2MRP3_ORCCI	mRNA-decapping enzyme 1B	NA	Orchesella cincta	GO:0000932;GO:0008047;GO:0003729;GO:0000290;GO:0031087;GO:0006397;GO:0000184	C:P-body;F:enzyme activator activity;F:mRNA binding;P:deadenylation-dependent decapping of nuclear-transcribed mRNA;P:deadenylation-independent decapping of nuclear-transcribed mRNA;P:mRNA processing;P:nuclear-transcribed mRNA catabolic process, nonsense-mediated decay	IEA:TreeGrafter;IEA:InterPro;IEA:TreeGrafter;IEA:InterPro;IEA:TreeGrafter;IEA:UniProtKB-KW;IEA:UniProtKB-KW	Success
A0A1D2MR06	A0A1D2MR06	A0A1D2MR06_ORCCI	Voltage-dependent L-type calcium channel subunit alpha	NA	Orchesella cincta	GO:0005891;GO:0008331;GO:0046872;GO:0098703	C:voltage-gated calcium channel complex;F:high voltage-gated calcium channel activity;F:metal ion binding;P:calcium ion import across plasma membrane	IEA:InterPro;IEA:TreeGrafter;IEA:UniProtKB-KW;IEA:TreeGrafter	Success
A0A1D2MGY9	A0A1D2MGY9	A0A1D2MGY9_ORCCI	Ankyrin repeat domain-containing protein 13D	NA	Orchesella cincta	GO:0005737;GO:0012505;GO:0016020	C:cytoplasm;C:endomembrane system;C:membrane	IEA:TreeGrafter;IEA:UniProtKB-SubCell;IEA:UniProtKB-KW	Success
A0A1D2NBR3	A0A1D2NBR3	A0A1D2NBR3_ORCCI	Leucine-rich repeat protein soc-2 homolog	NA	Orchesella cincta	GO:0005737	C:cytoplasm	IEA:TreeGrafter	Success
A0A1D2MYE7	A0A1D2MYE7	A0A1D2MYE7_ORCCI	N-alpha-acetyltransferase 20	NA	Orchesella cincta	GO:0031416;GO:0004596	C:NatB complex;F:protein-N-terminal amino-acid acetyltransferase activity	IEA:TreeGrafter;IEA:TreeGrafter	Success
A0A1D2MYW8	A0A1D2MYW8	A0A1D2MYW8_ORCCI	non-specific serine/threonine protein kinase	NA	Orchesella cincta	GO:0005737;GO:0005634;GO:0005524;GO:0004674;GO:0050684;GO:0000245	C:cytoplasm;C:nucleus;F:ATP binding;F:protein serine/threonine kinase activity;P:regulation of mRNA processing;P:spliceosomal complex assembly	IEA:TreeGrafter;IEA:TreeGrafter;IEA:UniProtKB-UniRule;IEA:UniProtKB-KW;IEA:TreeGrafter;IEA:TreeGrafter	Success
A0A1D2N5B9	A0A1D2N5B9	A0A1D2N5B9_ORCCI	Motor neuron and pancreas homeobox protein 1	NA	Orchesella cincta	GO:0005634;GO:0000981;GO:1990837;GO:0007417;GO:0048812	C:nucleus;F:DNA-binding transcription factor activity, RNA polymerase II-specific;F:sequence-specific double-stranded DNA binding;P:central nervous system development;P:neuron projection morphogenesis	IEA:UniProtKB-SubCell;IEA:InterPro;IEA:TreeGrafter;IEA:TreeGrafter;IEA:TreeGrafter	Success
A0A1D2MF48	A0A1D2MF48	A0A1D2MF48_ORCCI	Cyclin-T1	NA	Orchesella cincta	GO:0016538;GO:0006357	F:cyclin-dependent protein serine/threonine kinase regulator activity;P:regulation of transcription by RNA polymerase II	IEA:InterPro;IEA:InterPro	Success
A0A1D2MF74	A0A1D2MF74	A0A1D2MF74_ORCCI	Glycerol-3-phosphate acyltransferase 3	NA	Orchesella cincta	GO:0005783;GO:0016020;GO:0004366;GO:0008654;GO:0019432	C:endoplasmic reticulum;C:membrane;F:glycerol-3-phosphate O-acyltransferase activity;P:phospholipid biosynthetic process;P:triglyceride biosynthetic process	IEA:TreeGrafter;IEA:UniProtKB-SubCell;IEA:TreeGrafter;IEA:UniProtKB-KW;IEA:TreeGrafter	Success
A0A1D2MF34	A0A1D2MF34	A0A1D2MF34_ORCCI	ADP-ribosylation factor-like protein 3	NA	Orchesella cincta	GO:0005525;GO:0003924;GO:0051649;GO:0016192	F:GTP binding;F:GTPase activity;P:establishment of localization in cell;P:vesicle-mediated transport	IEA:UniProtKB-KW;IEA:InterPro;IEA:UniProtKB-ARBA;IEA:UniProtKB-ARBA	Success
A0A1D2MF42	A0A1D2MF42	A0A1D2MF42_ORCCI	Serine/threonine-protein kinase PLK	NA	Orchesella cincta	GO:0005813;GO:0005737;GO:0000776;GO:0005634;GO:0000922;GO:0005524;GO:0106310;GO:0004674;GO:0007052	C:centrosome;C:cytoplasm;C:kinetochore;C:nucleus;C:spindle pole;F:ATP binding;F:protein serine kinase activity;F:protein serine/threonine kinase activity;P:mitotic spindle organization	IEA:TreeGrafter;IEA:TreeGrafter;IEA:TreeGrafter;IEA:TreeGrafter;IEA:TreeGrafter;IEA:UniProtKB-UniRule;IEA:RHEA;IEA:UniProtKB-KW;IEA:TreeGrafter	Success
A0A1D2MYF7	A0A1D2MYF7	A0A1D2MYF7_ORCCI	Mitochondrial import inner membrane translocase subunit TIM14	NA	Orchesella cincta	GO:0001405;GO:0001671;GO:0030150	C:PAM complex, Tim23 associated import motor;F:ATPase activator activity;P:protein import into mitochondrial matrix	IEA:TreeGrafter;IEA:TreeGrafter;IEA:TreeGrafter	Success
A0A1D2N6P4	A0A1D2N6P4	A0A1D2N6P4_ORCCI	Low molecular weight phosphotyrosine protein phosphatase	NA	Orchesella cincta	GO:0005737;GO:0003993;GO:0004726	C:cytoplasm;F:acid phosphatase activity;F:non-membrane spanning protein tyrosine phosphatase activity	IEA:UniProtKB-SubCell;IEA:UniProtKB-UniRule;IEA:InterPro	Success
A0A1D2N6P6	A0A1D2N6P6	A0A1D2N6P6_ORCCI	Short-chain dehydrogenase/reductase family 42E member 1	NA	Orchesella cincta	GO:0016020;GO:0016616;GO:0006694	C:membrane;F:oxidoreductase activity, acting on the CH-OH group of donors, NAD or NADP as acceptor;P:steroid biosynthetic process	IEA:UniProtKB-KW;IEA:InterPro;IEA:InterPro	Success
A0A1D2N6P5	A0A1D2N6P5	A0A1D2N6P5_ORCCI	Adenosine deaminase	NA	Orchesella cincta	GO:0005829;GO:0009897;GO:0004000;GO:0006154;GO:0043103;GO:0046103;GO:0060169;GO:0009168	C:cytosol;C:external side of plasma membrane;F:adenosine deaminase activity;P:adenosine catabolic process;P:hypoxanthine salvage;P:inosine biosynthetic process;P:negative regulation of adenosine receptor signaling pathway;P:purine ribonucleoside monophosphate biosynthetic process	IEA:TreeGrafter;IEA:TreeGrafter;IEA:UniProtKB-ARBA;IEA:TreeGrafter;IEA:TreeGrafter;IEA:TreeGrafter;IEA:TreeGrafter;IEA:InterPro	Success
A0A1D2N6Q6	A0A1D2N6Q6	A0A1D2N6Q6_ORCCI	arylamine N-acetyltransferase	NA	Orchesella cincta	GO:0004060	F:arylamine N-acetyltransferase activity	IEA:UniProtKB-EC	Success
A0A1D2N6U4	A0A1D2N6U4	A0A1D2N6U4_ORCCI	Tetraspanin	NA	Orchesella cincta	GO:0005886	C:plasma membrane	IEA:TreeGrafter	Success
A0A1D2N791	A0A1D2N791	A0A1D2N791_ORCCI	aldehyde dehydrogenase (NAD(+))	NA	Orchesella cincta	GO:0004029	F:aldehyde dehydrogenase (NAD+) activity	IEA:UniProtKB-EC	Success
A0A1D2N6S6	A0A1D2N6S6	A0A1D2N6S6_ORCCI	Protein lin-37	NA	Orchesella cincta	GO:0031523;GO:0017053;GO:0000122	C:Myb complex;C:transcription repressor complex;P:negative regulation of transcription by RNA polymerase II	IEA:TreeGrafter;IEA:InterPro;IEA:TreeGrafter	Success
A0A1D2N7L2	A0A1D2N7L2	A0A1D2N7L2_ORCCI	Uncharacterized protein	NA	Orchesella cincta	NA	NA	NA	Success
A0A1D2N6Q5	A0A1D2N6Q5	A0A1D2N6Q5_ORCCI	Uncharacterized protein	NA	Orchesella cincta	GO:0005615	C:extracellular space	IEA:TreeGrafter	Success
A0A1D2N6Q4	A0A1D2N6Q4	A0A1D2N6Q4_ORCCI	SUN domain-containing protein 1	NA	Orchesella cincta	GO:0034993;GO:0043495	C:meiotic nuclear membrane microtubule tethering complex;F:protein-membrane adaptor activity	IEA:TreeGrafter;IEA:TreeGrafter	Success
A0A1D2N6R1	A0A1D2N6R1	A0A1D2N6R1_ORCCI	Putative G-protein coupled receptor AH9.1	NA	Orchesella cincta	GO:0016020;GO:0004930	C:membrane;F:G protein-coupled receptor activity	IEA:UniProtKB-SubCell;IEA:UniProtKB-KW	Success
A0A1D2MMP0	A0A1D2MMP0	A0A1D2MMP0_ORCCI	Protein rogdi	NA	Orchesella cincta	GO:0043291	C:RAVE complex	IEA:TreeGrafter	Success
A0A1D2MBW3	A0A1D2MBW3	A0A1D2MBW3_ORCCI	IQ and AAA domain-containing protein 1	NA	Orchesella cincta	GO:0005524;GO:0016887	F:ATP binding;F:ATP hydrolysis activity	IEA:InterPro;IEA:InterPro	Success
A0A1D2MML1	A0A1D2MML1	A0A1D2MML1_ORCCI	NCK-interacting protein with SH3 domain	NA	Orchesella cincta	GO:0071933;GO:0006897	F:Arp2/3 complex binding;P:endocytosis	IEA:TreeGrafter;IEA:TreeGrafter	Success
A0A1D2MN13	A0A1D2MN13	A0A1D2MN13_ORCCI	Peroxidasin	NA	Orchesella cincta	GO:0005576;GO:0020037;GO:0046872;GO:0004601;GO:0006979	C:extracellular region;F:heme binding;F:metal ion binding;F:peroxidase activity;P:response to oxidative stress	IEA:UniProtKB-SubCell;IEA:InterPro;IEA:UniProtKB-KW;IEA:UniProtKB-KW;IEA:InterPro	Success
A0A1D2MN75	A0A1D2MN75	A0A1D2MN75_ORCCI	Catalase	NA	Orchesella cincta	GO:0005739;GO:0005777;GO:0004096;GO:0020037;GO:0046872;GO:0042744;GO:0042542	C:mitochondrion;C:peroxisome;F:catalase activity;F:heme binding;F:metal ion binding;P:hydrogen peroxide catabolic process;P:response to hydrogen peroxide	IEA:TreeGrafter;IEA:TreeGrafter;IEA:UniProtKB-EC;IEA:InterPro;IEA:UniProtKB-KW;IEA:UniProtKB-KW;IEA:TreeGrafter	Success
A0A1D2MFR0	A0A1D2MFR0	A0A1D2MFR0_ORCCI	Thrombospondin-type laminin G domain and EAR repeat-containing protein	NA	Orchesella cincta	GO:0007165	P:signal transduction	IEA:TreeGrafter	Success
A0A1D2N479	A0A1D2N479	A0A1D2N479_ORCCI	Ras and EF-hand domain-containing protein	NA	Orchesella cincta	GO:0005509;GO:0005525;GO:0003924	F:calcium ion binding;F:GTP binding;F:GTPase activity	IEA:InterPro;IEA:UniProtKB-KW;IEA:InterPro	Success
A0A1D2N384	A0A1D2N384	A0A1D2N384_ORCCI	Adapter molecule Crk	NA	Orchesella cincta	GO:0005737;GO:0030971;GO:0035591;GO:0016477;GO:0007167	C:cytoplasm;F:receptor tyrosine kinase binding;F:signaling adaptor activity;P:cell migration;P:enzyme-linked receptor protein signaling pathway	IEA:TreeGrafter;IEA:TreeGrafter;IEA:TreeGrafter;IEA:TreeGrafter;IEA:TreeGrafter	Success
A0A1D2N376	A0A1D2N376	A0A1D2N376_ORCCI	Adapter molecule Crk	NA	Orchesella cincta	GO:0005737;GO:0030971;GO:0035591;GO:0048468;GO:0016477;GO:0007167;GO:1902531	C:cytoplasm;F:receptor tyrosine kinase binding;F:signaling adaptor activity;P:cell development;P:cell migration;P:enzyme-linked receptor protein signaling pathway;P:regulation of intracellular signal transduction	IEA:TreeGrafter;IEA:TreeGrafter;IEA:TreeGrafter;IEA:UniProtKB-ARBA;IEA:TreeGrafter;IEA:TreeGrafter;IEA:UniProtKB-ARBA	Success
A0A1D2N391	A0A1D2N391	A0A1D2N391_ORCCI	Round spermatid basic protein 1-like protein	NA	Orchesella cincta	GO:0005634;GO:0051213;GO:0046872	C:nucleus;F:dioxygenase activity;F:metal ion binding	IEA:UniProtKB-SubCell;IEA:UniProtKB-KW;IEA:UniProtKB-KW	Success
A0A1D2N2V4	A0A1D2N2V4	A0A1D2N2V4_ORCCI	Trypsin-1	NA	Orchesella cincta	GO:0004252;GO:0006508	F:serine-type endopeptidase activity;P:proteolysis	IEA:InterPro;IEA:UniProtKB-KW	Success
A0A1D2NFH3	A0A1D2NFH3	A0A1D2NFH3_ORCCI	Ras-related protein Rab-30	NA	Orchesella cincta	GO:0005525;GO:0003924	F:GTP binding;F:GTPase activity	IEA:UniProtKB-KW;IEA:InterPro	Success
A0A1D2MHJ8	A0A1D2MHJ8	A0A1D2MHJ8_ORCCI	MOB kinase activator-like 2	NA	Orchesella cincta	GO:0016301	F:kinase activity	IEA:UniProtKB-KW	Success
A0A1D2ME46	A0A1D2ME46	A0A1D2ME46_ORCCI	E3 ubiquitin-protein ligase TRIM71	NA	Orchesella cincta	GO:0061630;GO:0043161;GO:0000209	F:ubiquitin protein ligase activity;P:proteasome-mediated ubiquitin-dependent protein catabolic process;P:protein polyubiquitination	IEA:TreeGrafter;IEA:TreeGrafter;IEA:TreeGrafter	Success
A0A1D2MWE1	A0A1D2MWE1	A0A1D2MWE1_ORCCI	Cytosolic non-specific dipeptidase	NA	Orchesella cincta	GO:0046872;GO:0070573;GO:0006508	F:metal ion binding;F:metallodipeptidase activity;P:proteolysis	IEA:UniProtKB-KW;IEA:InterPro;IEA:UniProtKB-KW	Success
A0A1D2MA01	A0A1D2MA01	A0A1D2MA01_ORCCI	Aspartate--tRNA ligase, mitochondrial	NA	Orchesella cincta	GO:0005739;GO:0004815;GO:0005524;GO:0003676;GO:0006422	C:mitochondrion;F:aspartate-tRNA ligase activity;F:ATP binding;F:nucleic acid binding;P:aspartyl-tRNA aminoacylation	IEA:TreeGrafter;IEA:TreeGrafter;IEA:UniProtKB-KW;IEA:InterPro;IEA:TreeGrafter	Success
A0A1D2NHF8	A0A1D2NHF8	A0A1D2NHF8_ORCCI	Carbohydrate sulfotransferase	NA	Orchesella cincta	GO:0000139;GO:0008146;GO:0016051	C:Golgi membrane;F:sulfotransferase activity;P:carbohydrate biosynthetic process	IEA:UniProtKB-SubCell;IEA:InterPro;IEA:InterPro	Success
A0A1D2MQ85	A0A1D2MQ85	A0A1D2MQ85_ORCCI	Cat eye syndrome critical region protein 2	NA	Orchesella cincta	GO:0000123;GO:0010484;GO:0045944	C:histone acetyltransferase complex;F:histone H3 acetyltransferase activity;P:positive regulation of transcription by RNA polymerase II	IEA:TreeGrafter;IEA:TreeGrafter;IEA:TreeGrafter	Success
A0A1D2MPS4	A0A1D2MPS4	A0A1D2MPS4_ORCCI	Putative alpha-L-fucosidase	NA	Orchesella cincta	GO:0005764;GO:0004560;GO:0006004;GO:0016139	C:lysosome;F:alpha-L-fucosidase activity;P:fucose metabolic process;P:glycoside catabolic process	IEA:TreeGrafter;IEA:UniProtKB-EC;IEA:InterPro;IEA:TreeGrafter	Success
A0A1D2MX41	A0A1D2MX41	A0A1D2MX41_ORCCI	Sister chromatid cohesion protein PDS5 B-B	NA	Orchesella cincta	GO:0000785;GO:0005634;GO:0051301;GO:0006281;GO:0007064	C:chromatin;C:nucleus;P:cell division;P:DNA repair;P:mitotic sister chromatid cohesion	IEA:TreeGrafter;IEA:UniProtKB-SubCell;IEA:UniProtKB-KW;IEA:TreeGrafter;IEA:InterPro	Success
A0A1D2MWF6	A0A1D2MWF6	A0A1D2MWF6_ORCCI	Angiotensin-converting enzyme	NA	Orchesella cincta	GO:0016020;GO:0008237;GO:0008241;GO:0006508	C:membrane;F:metallopeptidase activity;F:peptidyl-dipeptidase activity;P:proteolysis	IEA:InterPro;IEA:InterPro;IEA:InterPro;IEA:InterPro	Success
A0A1D2MWF9	A0A1D2MWF9	A0A1D2MWF9_ORCCI	Kinesin-like protein	NA	Orchesella cincta	GO:0005874;GO:0005524;GO:0008017;GO:0003777;GO:0007018	C:microtubule;F:ATP binding;F:microtubule binding;F:microtubule motor activity;P:microtubule-based movement	IEA:UniProtKB-KW;IEA:UniProtKB-UniRule;IEA:InterPro;IEA:InterPro;IEA:InterPro	Success
A0A1D2MWF4	A0A1D2MWF4	A0A1D2MWF4_ORCCI	Histone-lysine N-methyltransferase	NA	Orchesella cincta	GO:0000775;GO:0005634;GO:0140949;GO:0008270;GO:0032259	C:chromosome, centromeric region;C:nucleus;F:histone H3K9 trimethyltransferase activity;F:zinc ion binding;P:methylation	IEA:UniProtKB-SubCell;IEA:UniProtKB-SubCell;IEA:UniProtKB-EC;IEA:UniProtKB-UniRule;IEA:UniProtKB-KW	Success
A0A1D2MWI4	A0A1D2MWI4	A0A1D2MWI4_ORCCI	Inhibitor of Bruton tyrosine kinase	NA	Orchesella cincta	GO:0016301	F:kinase activity	IEA:UniProtKB-KW	Success
A0A1D2MLB9	A0A1D2MLB9	A0A1D2MLB9_ORCCI	Phosphatidylinositol 4-phosphate 3-kinase C2 domain-containing subunit alpha	NA	Orchesella cincta	GO:0005737;GO:0005942;GO:0005886;GO:0016303;GO:0035005;GO:0005524;GO:0035091;GO:0016477;GO:0043491;GO:0048015	C:cytoplasm;C:phosphatidylinositol 3-kinase complex;C:plasma membrane;F:1-phosphatidylinositol-3-kinase activity;F:1-phosphatidylinositol-4-phosphate 3-kinase activity;F:ATP binding;F:phosphatidylinositol binding;P:cell migration;P:phosphatidylinositol 3-kinase/protein kinase B signal transduction;P:phosphatidylinositol-mediated signaling	IEA:TreeGrafter;IEA:TreeGrafter;IEA:TreeGrafter;IEA:TreeGrafter;IEA:UniProtKB-EC;IEA:UniProtKB-KW;IEA:InterPro;IEA:TreeGrafter;IEA:TreeGrafter;IEA:TreeGrafter	Success
A0A1D2NI27	A0A1D2NI27	A0A1D2NI27_ORCCI	Complement component 1 Q subcomponent-binding protein, mitochondrial	NA	Orchesella cincta	GO:0005759;GO:0042256	C:mitochondrial matrix;P:cytosolic ribosome assembly	IEA:InterPro;IEA:TreeGrafter	Success
A0A1D2NI32	A0A1D2NI32	A0A1D2NI32_ORCCI	Clathrin heavy chain	NA	Orchesella cincta	GO:0005938;GO:0030132;GO:0030130;GO:0071439;GO:0045334;GO:0032051;GO:0005198;GO:0006886;GO:0006898;GO:0016050	C:cell cortex;C:clathrin coat of coated pit;C:clathrin coat of trans-Golgi network vesicle;C:clathrin complex;C:clathrin-coated endocytic vesicle;F:clathrin light chain binding;F:structural molecule activity;P:intracellular protein transport;P:receptor-mediated endocytosis;P:vesicle organization	IEA:TreeGrafter;IEA:InterPro;IEA:InterPro;IEA:InterPro;IEA:TreeGrafter;IEA:InterPro;IEA:InterPro;IEA:UniProtKB-UniRule;IEA:TreeGrafter;IEA:UniProtKB-ARBA	Success
A0A1D2NE77	A0A1D2NE77	A0A1D2NE77_ORCCI	Plexin-A2	NA	Orchesella cincta	GO:0005886;GO:0002116;GO:0017154;GO:0007399;GO:0030334	C:plasma membrane;C:semaphorin receptor complex;F:semaphorin receptor activity;P:nervous system development;P:regulation of cell migration	IEA:UniProtKB-SubCell;IEA:TreeGrafter;IEA:InterPro;IEA:UniProtKB-KW;IEA:TreeGrafter	Success
A0A1D2NEK3	A0A1D2NEK3	A0A1D2NEK3_ORCCI	Restin	NA	Orchesella cincta	GO:0005938;GO:0035371;GO:0005634;GO:0051010;GO:0031122	C:cell cortex;C:microtubule plus-end;C:nucleus;F:microtubule plus-end binding;P:cytoplasmic microtubule organization	IEA:TreeGrafter;IEA:TreeGrafter;IEA:TreeGrafter;IEA:TreeGrafter;IEA:TreeGrafter	Success
A0A1D2NDR5	A0A1D2NDR5	A0A1D2NDR5_ORCCI	Palmitoyltransferase	NA	Orchesella cincta	GO:0016020;GO:0019706	C:membrane;F:protein-cysteine S-palmitoyltransferase activity	IEA:UniProtKB-SubCell;IEA:UniProtKB-EC	Success
A0A1D2MXX3	A0A1D2MXX3	A0A1D2MXX3_ORCCI	Contactin	NA	Orchesella cincta	GO:0030424;GO:0005886;GO:0007411;GO:0098609	C:axon;C:plasma membrane;P:axon guidance;P:cell-cell adhesion	IEA:TreeGrafter;IEA:TreeGrafter;IEA:TreeGrafter;IEA:TreeGrafter	Success
A0A1D2MY34	A0A1D2MY34	A0A1D2MY34_ORCCI	V-type proton ATPase subunit S1	NA	Orchesella cincta	GO:0033176;GO:0001671;GO:0030641	C:proton-transporting V-type ATPase complex;F:ATPase activator activity;P:regulation of cellular pH	IEA:TreeGrafter;IEA:TreeGrafter;IEA:TreeGrafter	Success
A0A1D2MKM9	A0A1D2MKM9	A0A1D2MKM9_ORCCI	non-specific serine/threonine protein kinase	NA	Orchesella cincta	GO:0005737;GO:0004679;GO:0005524;GO:0106310;GO:0035556	C:cytoplasm;F:AMP-activated protein kinase activity;F:ATP binding;F:protein serine kinase activity;P:intracellular signal transduction	IEA:UniProtKB-ARBA;IEA:UniProtKB-ARBA;IEA:UniProtKB-UniRule;IEA:RHEA;IEA:TreeGrafter	Success
A0A1D2MKR5	A0A1D2MKR5	A0A1D2MKR5_ORCCI	Galactosylgalactosylxylosylprotein 3-beta-glucuronosyltransferase	NA	Orchesella cincta	GO:0000139;GO:0015018;GO:0046872;GO:0005975;GO:0050650;GO:0006486	C:Golgi membrane;F:galactosylgalactosylxylosylprotein 3-beta-glucuronosyltransferase activity;F:metal ion binding;P:carbohydrate metabolic process;P:chondroitin sulfate proteoglycan biosynthetic process;P:protein glycosylation	IEA:UniProtKB-SubCell;IEA:UniProtKB-UniRule;IEA:UniProtKB-KW;IEA:TreeGrafter;IEA:TreeGrafter;IEA:UniProtKB-UniPathway	Success
A0A1D2NFQ2	A0A1D2NFQ2	A0A1D2NFQ2_ORCCI	Acyl-CoA Delta(11) desaturase	NA	Orchesella cincta	GO:0005789;GO:0005506;GO:0004768;GO:0006636	C:endoplasmic reticulum membrane;F:iron ion binding;F:stearoyl-CoA 9-desaturase activity;P:unsaturated fatty acid biosynthetic process	IEA:TreeGrafter;IEA:TreeGrafter;IEA:TreeGrafter;IEA:TreeGrafter	Success
A0A1D2MF72	A0A1D2MF72	A0A1D2MF72_ORCCI	Dol-P-Glc:Glc(2)Man(9)GlcNAc(2)-PP-Dol alpha-1,2-glucosyltransferase	NA	Orchesella cincta	GO:0005789;GO:0106073;GO:0006488	C:endoplasmic reticulum membrane;F:dolichyl pyrophosphate Glc2Man9GlcNAc2 alpha-1,2-glucosyltransferase activity;P:dolichol-linked oligosaccharide biosynthetic process	IEA:UniProtKB-SubCell;IEA:UniProtKB-UniRule;IEA:UniProtKB-UniRule	Success
A0A1D2MFB1	A0A1D2MFB1	A0A1D2MFB1_ORCCI	Methionine aminopeptidase	NA	Orchesella cincta	GO:0004239;GO:0046872;GO:0070006;GO:0006508	F:initiator methionyl aminopeptidase activity;F:metal ion binding;F:metalloaminopeptidase activity;P:proteolysis	IEA:UniProtKB-UniRule;IEA:UniProtKB-UniRule;IEA:UniProtKB-UniRule;IEA:UniProtKB-KW	Success
A0A1D2MHZ6	A0A1D2MHZ6	A0A1D2MHZ6_ORCCI	Paired amphipathic helix protein Sin3a	NA	Orchesella cincta	GO:0070822;GO:0003714;GO:0000122	C:Sin3-type complex;F:transcription corepressor activity;P:negative regulation of transcription by RNA polymerase II	IEA:TreeGrafter;IEA:InterPro;IEA:TreeGrafter	Success
A0A1D2MI48	A0A1D2MI48	A0A1D2MI48_ORCCI	Serine palmitoyltransferase 1	NA	Orchesella cincta	GO:0005783;GO:0016020;GO:0030170;GO:0004758;GO:0046513;GO:0046512	C:endoplasmic reticulum;C:membrane;F:pyridoxal phosphate binding;F:serine C-palmitoyltransferase activity;P:ceramide biosynthetic process;P:sphingosine biosynthetic process	IEA:TreeGrafter;IEA:UniProtKB-KW;IEA:InterPro;IEA:TreeGrafter;IEA:TreeGrafter;IEA:TreeGrafter	Success
A0A1D2MI76	A0A1D2MI76	A0A1D2MI76_ORCCI	WD40 repeat-containing protein SMU1	NA	Orchesella cincta	GO:0016607;GO:0000398	C:nuclear speck;P:mRNA splicing, via spliceosome	IEA:UniProtKB-SubCell;IEA:InterPro	Success
A0A1D2MHZ9	A0A1D2MHZ9	A0A1D2MHZ9_ORCCI	Small glutamine-rich tetratricopeptide repeat-containing protein alpha	NA	Orchesella cincta	GO:0016020;GO:0072380;GO:0060090;GO:0006620	C:membrane;C:TRC complex;F:molecular adaptor activity;P:post-translational protein targeting to endoplasmic reticulum membrane	IEA:TreeGrafter;IEA:TreeGrafter;IEA:TreeGrafter;IEA:TreeGrafter	Success
A0A1D2MIF5	A0A1D2MIF5	A0A1D2MIF5_ORCCI	Gamma-secretase subunit Aph-1	NA	Orchesella cincta	GO:0016020;GO:0007219;GO:0016485	C:membrane;P:Notch signaling pathway;P:protein processing	IEA:UniProtKB-SubCell;IEA:UniProtKB-KW;IEA:InterPro	Success
A0A1D2MI80	A0A1D2MI80	A0A1D2MI80_ORCCI	Kinesin-like protein	NA	Orchesella cincta	GO:0005874;GO:0005524;GO:0008017;GO:0003777;GO:0007018	C:microtubule;F:ATP binding;F:microtubule binding;F:microtubule motor activity;P:microtubule-based movement	IEA:UniProtKB-KW;IEA:UniProtKB-KW;IEA:InterPro;IEA:InterPro;IEA:InterPro	Success
A0A1D2N752	A0A1D2N752	A0A1D2N752_ORCCI	Apolipophorin	NA	Orchesella cincta	GO:0005319;GO:0045735	F:lipid transporter activity;F:nutrient reservoir activity	IEA:InterPro;IEA:UniProtKB-KW	Success
A0A1D2N757	A0A1D2N757	A0A1D2N757_ORCCI	Vitellogenin-A2	NA	Orchesella cincta	GO:0005319	F:lipid transporter activity	IEA:InterPro	Success
A0A1D2N793	A0A1D2N793	A0A1D2N793_ORCCI	Apolipophorin	NA	Orchesella cincta	NA	NA	NA	Success
A0A1D2N758	A0A1D2N758	A0A1D2N758_ORCCI	tRNA:m(4)X modification enzyme TRM13	NA	Orchesella cincta	GO:0106050;GO:0008270;GO:0030488	F:tRNA 2'-O-methyltransferase activity;F:zinc ion binding;P:tRNA methylation	IEA:UniProtKB-UniRule;IEA:UniProtKB-KW;IEA:InterPro	Success
A0A1D2N7M6	A0A1D2N7M6	A0A1D2N7M6_ORCCI	Ankyrin repeat and LEM domain-containing protein 2	NA	Orchesella cincta	GO:0051301	P:cell division	IEA:UniProtKB-KW	Success
A0A1D2N192	A0A1D2N192	A0A1D2N192_ORCCI	Phe-4-monooxygenase	NA	Orchesella cincta	GO:0005506;GO:0004505;GO:0006559	F:iron ion binding;F:phenylalanine 4-monooxygenase activity;P:L-phenylalanine catabolic process	IEA:InterPro;IEA:UniProtKB-EC;IEA:UniProtKB-UniPathway	Success
A0A1D2NKH0	A0A1D2NKH0	A0A1D2NKH0_ORCCI	peptidylprolyl isomerase	NA	Orchesella cincta	GO:0005737;GO:0051879;GO:0003755;GO:0034587;GO:0007283	C:cytoplasm;F:Hsp90 protein binding;F:peptidyl-prolyl cis-trans isomerase activity;P:piRNA processing;P:spermatogenesis	IEA:TreeGrafter;IEA:TreeGrafter;IEA:UniProtKB-KW;IEA:TreeGrafter;IEA:TreeGrafter	Success
A0A1D2NBH8	A0A1D2NBH8	A0A1D2NBH8_ORCCI	Protein lifeguard 1	NA	Orchesella cincta	GO:0016020;GO:0009653	C:membrane;P:anatomical structure morphogenesis	IEA:UniProtKB-KW;IEA:TreeGrafter	Success
A0A1D2NBG9	A0A1D2NBG9	A0A1D2NBG9_ORCCI	Galanin receptor type 2	NA	Orchesella cincta	GO:0005886;GO:0004983	C:plasma membrane;F:neuropeptide Y receptor activity	IEA:TreeGrafter;IEA:InterPro	Success
A0A1D2MIB7	A0A1D2MIB7	A0A1D2MIB7_ORCCI	Gastrula zinc finger protein XlCGF57.1	NA	Orchesella cincta	GO:0000981;GO:0000978;GO:0008270	F:DNA-binding transcription factor activity, RNA polymerase II-specific;F:RNA polymerase II cis-regulatory region sequence-specific DNA binding;F:zinc ion binding	IEA:TreeGrafter;IEA:TreeGrafter;IEA:UniProtKB-KW	Success
A0A1D2MIH1	A0A1D2MIH1	A0A1D2MIH1_ORCCI	Acidic leucine-rich nuclear phosphoprotein 32 family member A	NA	Orchesella cincta	GO:0005634;GO:0042393	C:nucleus;F:histone binding	IEA:TreeGrafter;IEA:TreeGrafter	Success
A0A1D2NIM3	A0A1D2NIM3	A0A1D2NIM3_ORCCI	Exonuclease 3'-5' domain-containing protein 1	NA	Orchesella cincta	GO:1990923;GO:0008408;GO:0003676;GO:0034587	C:PET complex;F:3'-5' exonuclease activity;F:nucleic acid binding;P:piRNA processing	IEA:TreeGrafter;IEA:InterPro;IEA:InterPro;IEA:TreeGrafter	Success
A0A1D2M7I1	A0A1D2M7I1	A0A1D2M7I1_ORCCI	RING-type E3 ubiquitin transferase	NA	Orchesella cincta	GO:0061630;GO:0008270;GO:0000209;GO:0060255	F:ubiquitin protein ligase activity;F:zinc ion binding;P:protein polyubiquitination;P:regulation of macromolecule metabolic process	IEA:InterPro;IEA:UniProtKB-KW;IEA:InterPro;IEA:UniProtKB-ARBA	Success
A0A1D2MI90	A0A1D2MI90	A0A1D2MI90_ORCCI	FYVE, RhoGEF and PH domain-containing protein 1	NA	Orchesella cincta	GO:0005737;GO:0005856;GO:0005085;GO:0008270;GO:0007010;GO:0046847	C:cytoplasm;C:cytoskeleton;F:guanyl-nucleotide exchange factor activity;F:zinc ion binding;P:cytoskeleton organization;P:filopodium assembly	IEA:UniProtKB-KW;IEA:UniProtKB-SubCell;IEA:UniProtKB-KW;IEA:UniProtKB-KW;IEA:TreeGrafter;IEA:TreeGrafter	Success
A0A1D2MWJ6	A0A1D2MWJ6	A0A1D2MWJ6_ORCCI	Transcription factor SUM-1	NA	Orchesella cincta	GO:0005634;GO:0000981;GO:0046983;GO:0000978;GO:0007517;GO:0045663	C:nucleus;F:DNA-binding transcription factor activity, RNA polymerase II-specific;F:protein dimerization activity;F:RNA polymerase II cis-regulatory region sequence-specific DNA binding;P:muscle organ development;P:positive regulation of myoblast differentiation	IEA:UniProtKB-SubCell;IEA:TreeGrafter;IEA:InterPro;IEA:TreeGrafter;IEA:InterPro;IEA:TreeGrafter	Success
A0A1D2MWS7	A0A1D2MWS7	A0A1D2MWS7_ORCCI	Transmembrane protein	NA	Orchesella cincta	GO:0016020	C:membrane	IEA:UniProtKB-SubCell	Success
A0A1D2MWW1	A0A1D2MWW1	A0A1D2MWW1_ORCCI	Cathepsin O	NA	Orchesella cincta	GO:0016020;GO:0008234;GO:0006508	C:membrane;F:cysteine-type peptidase activity;P:proteolysis	IEA:UniProtKB-KW;IEA:UniProtKB-KW;IEA:UniProtKB-KW	Success
A0A1D2MWS3	A0A1D2MWS3	A0A1D2MWS3_ORCCI	40S ribosomal protein S3	NA	Orchesella cincta	GO:0022627;GO:0005634;GO:0003723;GO:0003735;GO:2001235;GO:0006412	C:cytosolic small ribosomal subunit;C:nucleus;F:RNA binding;F:structural constituent of ribosome;P:positive regulation of apoptotic signaling pathway;P:translation	IEA:TreeGrafter;IEA:TreeGrafter;IEA:UniProtKB-UniRule;IEA:InterPro;IEA:TreeGrafter;IEA:InterPro	Success
A0A1D2MX75	A0A1D2MX75	A0A1D2MX75_ORCCI	Transmembrane protein	NA	Orchesella cincta	GO:0005783;GO:0016020;GO:0071786;GO:0061024	C:endoplasmic reticulum;C:membrane;P:endoplasmic reticulum tubular network organization;P:membrane organization	IEA:TreeGrafter;IEA:UniProtKB-SubCell;IEA:TreeGrafter;IEA:TreeGrafter	Success
A0A1D2MXI6	A0A1D2MXI6	A0A1D2MXI6_ORCCI	Translation initiation factor eIF2B subunit delta	NA	Orchesella cincta	GO:0005829;GO:0003743	C:cytosol;F:translation initiation factor activity	IEA:UniProtKB-SubCell;IEA:UniProtKB-KW	Success
A0A1D2MSN0	A0A1D2MSN0	A0A1D2MSN0_ORCCI	Putative RNA-binding protein EEED8.10	NA	Orchesella cincta	NA	NA	NA	Success
A0A1D2MWH6	A0A1D2MWH6	A0A1D2MWH6_ORCCI	transaldolase	NA	Orchesella cincta	GO:0005737;GO:0004801;GO:0005975;GO:0009052	C:cytoplasm;F:transaldolase activity;P:carbohydrate metabolic process;P:pentose-phosphate shunt, non-oxidative branch	IEA:InterPro;IEA:UniProtKB-EC;IEA:InterPro;IEA:TreeGrafter	Success
A0A1D2MWH4	A0A1D2MWH4	A0A1D2MWH4_ORCCI	Phosphodiesterase	NA	Orchesella cincta	GO:0004114;GO:0046872;GO:0007165	F:3',5'-cyclic-nucleotide phosphodiesterase activity;F:metal ion binding;P:signal transduction	IEA:InterPro;IEA:UniProtKB-KW;IEA:InterPro	Success
A0A1D2NDU8	A0A1D2NDU8	A0A1D2NDU8_ORCCI	Derlin	NA	Orchesella cincta	GO:0005789;GO:0006950	C:endoplasmic reticulum membrane;P:response to stress	IEA:UniProtKB-SubCell;IEA:UniProtKB-ARBA	Success
A0A1D2NDT1	A0A1D2NDT1	A0A1D2NDT1_ORCCI	Transporter	NA	Orchesella cincta	GO:0043005;GO:0005886;GO:0098793;GO:0046872;GO:0051378;GO:0005335;GO:0006865	C:neuron projection;C:plasma membrane;C:presynapse;F:metal ion binding;F:serotonin binding;F:serotonin:sodium:chloride symporter activity;P:amino acid transport	IEA:TreeGrafter;IEA:TreeGrafter;IEA:GOC;IEA:UniProtKB-KW;IEA:TreeGrafter;IEA:TreeGrafter;IEA:TreeGrafter	Success
A0A1D2NDS7	A0A1D2NDS7	A0A1D2NDS7_ORCCI	Synergin gamma	NA	Orchesella cincta	GO:0030130	C:clathrin coat of trans-Golgi network vesicle	IEA:TreeGrafter	Success
A0A1D2NDT4	A0A1D2NDT4	A0A1D2NDT4_ORCCI	non-specific serine/threonine protein kinase	NA	Orchesella cincta	GO:0005524;GO:0106310;GO:0004674;GO:0007165	F:ATP binding;F:protein serine kinase activity;F:protein serine/threonine kinase activity;P:signal transduction	IEA:UniProtKB-UniRule;IEA:RHEA;IEA:UniProtKB-KW;IEA:InterPro	Success
A0A1D2M1R7	A0A1D2M1R7	A0A1D2M1R7_ORCCI	Enoyl reductase (ER) domain-containing protein	NA	Orchesella cincta	GO:0016491	F:oxidoreductase activity	IEA:UniProtKB-KW	Success
A0A1D2MP71	A0A1D2MP71	A0A1D2MP71_ORCCI	Diacylglycerol kinase	NA	Orchesella cincta	GO:0005886;GO:0005524;GO:0004143;GO:0005509;GO:0008270;GO:0007200	C:plasma membrane;F:ATP binding;F:ATP-dependent diacylglycerol kinase activity;F:calcium ion binding;F:zinc ion binding;P:phospholipase C-activating G protein-coupled receptor signaling pathway	IEA:TreeGrafter;IEA:UniProtKB-KW;IEA:UniProtKB-EC;IEA:InterPro;IEA:UniProtKB-KW;IEA:InterPro	Success
A0A1D2MP71	A0A1D2MP71	A0A1D2MP71_ORCCI	Diacylglycerol kinase	NA	Orchesella cincta	GO:0005886;GO:0005524;GO:0004143;GO:0005509;GO:0008270;GO:0007200	C:plasma membrane;F:ATP binding;F:ATP-dependent diacylglycerol kinase activity;F:calcium ion binding;F:zinc ion binding;P:phospholipase C-activating G protein-coupled receptor signaling pathway	IEA:TreeGrafter;IEA:UniProtKB-KW;IEA:UniProtKB-EC;IEA:InterPro;IEA:UniProtKB-KW;IEA:InterPro	Success
A0A1D2MLB9	A0A1D2MLB9	A0A1D2MLB9_ORCCI	Phosphatidylinositol 4-phosphate 3-kinase C2 domain-containing subunit alpha	NA	Orchesella cincta	GO:0005737;GO:0005942;GO:0005886;GO:0016303;GO:0035005;GO:0005524;GO:0035091;GO:0016477;GO:0043491;GO:0048015	C:cytoplasm;C:phosphatidylinositol 3-kinase complex;C:plasma membrane;F:1-phosphatidylinositol-3-kinase activity;F:1-phosphatidylinositol-4-phosphate 3-kinase activity;F:ATP binding;F:phosphatidylinositol binding;P:cell migration;P:phosphatidylinositol 3-kinase/protein kinase B signal transduction;P:phosphatidylinositol-mediated signaling	IEA:TreeGrafter;IEA:TreeGrafter;IEA:TreeGrafter;IEA:TreeGrafter;IEA:UniProtKB-EC;IEA:UniProtKB-KW;IEA:InterPro;IEA:TreeGrafter;IEA:TreeGrafter;IEA:TreeGrafter	Success
A0A1D2MLB9	A0A1D2MLB9	A0A1D2MLB9_ORCCI	Phosphatidylinositol 4-phosphate 3-kinase C2 domain-containing subunit alpha	NA	Orchesella cincta	GO:0005737;GO:0005942;GO:0005886;GO:0016303;GO:0035005;GO:0005524;GO:0035091;GO:0016477;GO:0043491;GO:0048015	C:cytoplasm;C:phosphatidylinositol 3-kinase complex;C:plasma membrane;F:1-phosphatidylinositol-3-kinase activity;F:1-phosphatidylinositol-4-phosphate 3-kinase activity;F:ATP binding;F:phosphatidylinositol binding;P:cell migration;P:phosphatidylinositol 3-kinase/protein kinase B signal transduction;P:phosphatidylinositol-mediated signaling	IEA:TreeGrafter;IEA:TreeGrafter;IEA:TreeGrafter;IEA:TreeGrafter;IEA:UniProtKB-EC;IEA:UniProtKB-KW;IEA:InterPro;IEA:TreeGrafter;IEA:TreeGrafter;IEA:TreeGrafter	Success
A0A1D2MLB9	A0A1D2MLB9	A0A1D2MLB9_ORCCI	Phosphatidylinositol 4-phosphate 3-kinase C2 domain-containing subunit alpha	NA	Orchesella cincta	GO:0005737;GO:0005942;GO:0005886;GO:0016303;GO:0035005;GO:0005524;GO:0035091;GO:0016477;GO:0043491;GO:0048015	C:cytoplasm;C:phosphatidylinositol 3-kinase complex;C:plasma membrane;F:1-phosphatidylinositol-3-kinase activity;F:1-phosphatidylinositol-4-phosphate 3-kinase activity;F:ATP binding;F:phosphatidylinositol binding;P:cell migration;P:phosphatidylinositol 3-kinase/protein kinase B signal transduction;P:phosphatidylinositol-mediated signaling	IEA:TreeGrafter;IEA:TreeGrafter;IEA:TreeGrafter;IEA:TreeGrafter;IEA:UniProtKB-EC;IEA:UniProtKB-KW;IEA:InterPro;IEA:TreeGrafter;IEA:TreeGrafter;IEA:TreeGrafter	Success
A0A1D2N9S2	A0A1D2N9S2	A0A1D2N9S2_ORCCI	Succinyl-CoA ligase [GDP-forming] subunit beta, mitochondrial	NA	Orchesella cincta	GO:0005739;GO:0042709;GO:0005524;GO:0004776;GO:0006104;GO:0006099	C:mitochondrion;C:succinate-CoA ligase complex;F:ATP binding;F:succinate-CoA ligase (GDP-forming) activity;P:succinyl-CoA metabolic process;P:tricarboxylic acid cycle	IEA:TreeGrafter;IEA:TreeGrafter;IEA:InterPro;IEA:TreeGrafter;IEA:TreeGrafter;IEA:UniProtKB-UniPathway	Success
A0A1D2MGQ5	A0A1D2MGQ5	A0A1D2MGQ5_ORCCI	RNA-binding protein 5-A	NA	Orchesella cincta	GO:0005634;GO:0003723;GO:0008270;GO:0000398	C:nucleus;F:RNA binding;F:zinc ion binding;P:mRNA splicing, via spliceosome	IEA:UniProtKB-SubCell;IEA:UniProtKB-UniRule;IEA:UniProtKB-KW;IEA:TreeGrafter	Success
A0A1D2N5H0	A0A1D2N5H0	A0A1D2N5H0_ORCCI	Phenoloxidase-activating factor 2	NA	Orchesella cincta	GO:0004252;GO:0006508	F:serine-type endopeptidase activity;P:proteolysis	IEA:InterPro;IEA:UniProtKB-KW	Success
A0A1D2N5G2	A0A1D2N5G2	A0A1D2N5G2_ORCCI	Uncharacterized protein	NA	Orchesella cincta	NA	NA	NA	Success
A0A1D2N5H8	A0A1D2N5H8	A0A1D2N5H8_ORCCI	Transmembrane protein	NA	Orchesella cincta	GO:0016020	C:membrane	IEA:UniProtKB-KW	Success
A0A1D2N5G3	A0A1D2N5G3	A0A1D2N5G3_ORCCI	Histone-lysine N-methyltransferase trr	NA	Orchesella cincta	GO:0044666;GO:0042800;GO:0003713;GO:0008270;GO:0032259;GO:0045944	C:MLL3/4 complex;F:histone H3K4 methyltransferase activity;F:transcription coactivator activity;F:zinc ion binding;P:methylation;P:positive regulation of transcription by RNA polymerase II	IEA:TreeGrafter;IEA:TreeGrafter;IEA:TreeGrafter;IEA:UniProtKB-KW;IEA:UniProtKB-KW;IEA:TreeGrafter	Success
A0A1D2N5G8	A0A1D2N5G8	A0A1D2N5G8_ORCCI	Aminopeptidase	NA	Orchesella cincta	GO:0005737;GO:0005615;GO:0005886;GO:0070006;GO:0042277;GO:0008270;GO:0043171;GO:0006508	C:cytoplasm;C:extracellular space;C:plasma membrane;F:metalloaminopeptidase activity;F:peptide binding;F:zinc ion binding;P:peptide catabolic process;P:proteolysis	IEA:TreeGrafter;IEA:TreeGrafter;IEA:UniProtKB-SubCell;IEA:TreeGrafter;IEA:TreeGrafter;IEA:UniProtKB-UniRule;IEA:TreeGrafter;IEA:UniProtKB-KW	Success
A0A1D2N5F0	A0A1D2N5F0	A0A1D2N5F0_ORCCI	Neuropeptide Y receptor type 2	NA	Orchesella cincta	GO:0043005;GO:0005886;GO:0042923;GO:0004983	C:neuron projection;C:plasma membrane;F:neuropeptide binding;F:neuropeptide Y receptor activity	IEA:TreeGrafter;IEA:TreeGrafter;IEA:TreeGrafter;IEA:InterPro	Success
A0A1D2N5E9	A0A1D2N5E9	A0A1D2N5E9_ORCCI	Geminin	NA	Orchesella cincta	GO:0005634;GO:0045786;GO:0008156	C:nucleus;P:negative regulation of cell cycle;P:negative regulation of DNA replication	IEA:UniProtKB-SubCell;IEA:TreeGrafter;IEA:TreeGrafter	Success
A0A1D2M4E0	A0A1D2M4E0	A0A1D2M4E0_ORCCI	DNA replication ATP-dependent helicase/nuclease	NA	Orchesella cincta	GO:0005694;GO:0005737;GO:0005634;GO:0051539;GO:0017108;GO:0005524;GO:0016887;GO:0003677;GO:0046872;GO:0017116;GO:0006281;GO:0033567;GO:0071932	C:chromosome;C:cytoplasm;C:nucleus;F:4 iron, 4 sulfur cluster binding;F:5'-flap endonuclease activity;F:ATP binding;F:ATP hydrolysis activity;F:DNA binding;F:metal ion binding;F:single-stranded DNA helicase activity;P:DNA repair;P:DNA replication, Okazaki fragment processing;P:replication fork reversal	IEA:UniProtKB-SubCell;IEA:TreeGrafter;IEA:UniProtKB-SubCell;IEA:UniProtKB-UniRule;IEA:UniProtKB-UniRule;IEA:UniProtKB-UniRule;IEA:RHEA;IEA:UniProtKB-UniRule;IEA:UniProtKB-UniRule;IEA:UniProtKB-UniRule;IEA:UniProtKB-KW;IEA:UniProtKB-UniRule;IEA:TreeGrafter	Success
A0A1D2MGQ4	A0A1D2MGQ4	A0A1D2MGQ4_ORCCI	RBR-type E3 ubiquitin transferase	NA	Orchesella cincta	GO:0004842;GO:0008270;GO:0016567;GO:0060255	F:ubiquitin-protein transferase activity;F:zinc ion binding;P:protein ubiquitination;P:regulation of macromolecule metabolic process	IEA:InterPro;IEA:UniProtKB-KW;IEA:InterPro;IEA:UniProtKB-ARBA	Success
A0A1D2MGR8	A0A1D2MGR8	A0A1D2MGR8_ORCCI	Nuclear respiratory factor 1	NA	Orchesella cincta	NA	NA	NA	Success
A0A1D2N5G6	A0A1D2N5G6	A0A1D2N5G6_ORCCI	Rho GTPase-activating protein 10	NA	Orchesella cincta	GO:0005737;GO:0005096;GO:0007165	C:cytoplasm;F:GTPase activator activity;P:signal transduction	IEA:InterPro;IEA:UniProtKB-KW;IEA:InterPro	Success
A0A1D2MXS3	A0A1D2MXS3	A0A1D2MXS3_ORCCI	Putative zinc finger protein	NA	Orchesella cincta	GO:0005730;GO:0008270	C:nucleolus;F:zinc ion binding	IEA:UniProtKB-SubCell;IEA:UniProtKB-KW	Success
A0A1D2MXY4	A0A1D2MXY4	A0A1D2MXY4_ORCCI	DNA topoisomerase 2-binding protein 1-A	NA	Orchesella cincta	GO:0016853;GO:0006270;GO:0033314;GO:0007095	F:isomerase activity;P:DNA replication initiation;P:mitotic DNA replication checkpoint signaling;P:mitotic G2 DNA damage checkpoint signaling	IEA:UniProtKB-KW;IEA:TreeGrafter;IEA:TreeGrafter;IEA:TreeGrafter	Success
A0A1D2MXS7	A0A1D2MXS7	A0A1D2MXS7_ORCCI	Tryptophan 2,3-dioxygenase	NA	Orchesella cincta	GO:0020037;GO:0046872;GO:0004833;GO:0019442;GO:0019441	F:heme binding;F:metal ion binding;F:tryptophan 2,3-dioxygenase activity;P:L-tryptophan catabolic process to acetyl-CoA;P:L-tryptophan catabolic process to kynurenine	IEA:UniProtKB-UniRule;IEA:UniProtKB-KW;IEA:UniProtKB-UniRule;IEA:TreeGrafter;IEA:UniProtKB-UniRule	Success
A0A1D2NMV8	A0A1D2NMV8	A0A1D2NMV8_ORCCI	Venom carboxylesterase-6	NA	Orchesella cincta	GO:0052689	F:carboxylic ester hydrolase activity	IEA:UniProtKB-KW	Success
A0A1D2NG33	A0A1D2NG33	A0A1D2NG33_ORCCI	diacylglycerol O-acyltransferase	NA	Orchesella cincta	GO:0005886;GO:0004144;GO:0019432	C:plasma membrane;F:diacylglycerol O-acyltransferase activity;P:triglyceride biosynthetic process	IEA:TreeGrafter;IEA:UniProtKB-EC;IEA:UniProtKB-UniPathway	Success
A0A1D2NGW9	A0A1D2NGW9	A0A1D2NGW9_ORCCI	Putative diacylglycerol O-acyltransferase tgs1	NA	Orchesella cincta	GO:0016746	F:acyltransferase activity	IEA:UniProtKB-KW	Success
A0A1D2MQ04	A0A1D2MQ04	A0A1D2MQ04_ORCCI	TD and POZ domain-containing protein 2	NA	Orchesella cincta	GO:0030163	P:protein catabolic process	IEA:UniProtKB-ARBA	Success
A0A1D2MDD9	A0A1D2MDD9	A0A1D2MDD9_ORCCI	AT-rich interactive domain-containing protein 2	NA	Orchesella cincta	GO:0003677	F:DNA binding	IEA:InterPro	Success
A0A1D2ME86	A0A1D2ME86	A0A1D2ME86_ORCCI	ZP domain-containing protein	NA	Orchesella cincta	GO:0016020	C:membrane	IEA:UniProtKB-KW	Success
A0A1D2N0X7	A0A1D2N0X7	A0A1D2N0X7_ORCCI	MFS-type transporter SLC18B1	NA	Orchesella cincta	GO:0016020;GO:0022857	C:membrane;F:transmembrane transporter activity	IEA:UniProtKB-SubCell;IEA:InterPro	Success
A0A1D2NAZ9	A0A1D2NAZ9	A0A1D2NAZ9_ORCCI	Tachykinin-like peptide receptor 86C	NA	Orchesella cincta	GO:0005886;GO:0004983;GO:0004995	C:plasma membrane;F:neuropeptide Y receptor activity;F:tachykinin receptor activity	IEA:UniProtKB-SubCell;IEA:InterPro;IEA:InterPro	Success
A0A1D2NAZ0	A0A1D2NAZ0	A0A1D2NAZ0_ORCCI	DNA-binding protein D-ETS-4	NA	Orchesella cincta	GO:0005634;GO:0000981;GO:0043565;GO:0030154	C:nucleus;F:DNA-binding transcription factor activity, RNA polymerase II-specific;F:sequence-specific DNA binding;P:cell differentiation	IEA:UniProtKB-SubCell;IEA:TreeGrafter;IEA:InterPro;IEA:TreeGrafter	Success
A0A1D2N2Y6	A0A1D2N2Y6	A0A1D2N2Y6_ORCCI	Very-long-chain 3-oxoacyl-CoA reductase	NA	Orchesella cincta	GO:0005783;GO:0016020;GO:0016491	C:endoplasmic reticulum;C:membrane;F:oxidoreductase activity	IEA:TreeGrafter;IEA:UniProtKB-KW;IEA:UniProtKB-KW	Success
A0A1D2N2W9	A0A1D2N2W9	A0A1D2N2W9_ORCCI	LON peptidase N-terminal domain and RING finger protein 3	NA	Orchesella cincta	GO:0005737;GO:0061630;GO:0008270;GO:0060255	C:cytoplasm;F:ubiquitin protein ligase activity;F:zinc ion binding;P:regulation of macromolecule metabolic process	IEA:UniProtKB-ARBA;IEA:TreeGrafter;IEA:UniProtKB-KW;IEA:UniProtKB-ARBA	Success
A0A1D2NBG6	A0A1D2NBG6	A0A1D2NBG6_ORCCI	Solute carrier family 41 member 2	NA	Orchesella cincta	GO:0005886;GO:0008324	C:plasma membrane;F:monoatomic cation transmembrane transporter activity	IEA:TreeGrafter;IEA:InterPro	Success
A0A1D2NDG7	A0A1D2NDG7	A0A1D2NDG7_ORCCI	Uncharacterized protein	NA	Orchesella cincta	GO:0016020	C:membrane	IEA:UniProtKB-KW	Success
A0A1D2NDU4	A0A1D2NDU4	A0A1D2NDU4_ORCCI	Protein LSM14 B	NA	Orchesella cincta	GO:0000932;GO:0003729;GO:0033962;GO:0034063	C:P-body;F:mRNA binding;P:P-body assembly;P:stress granule assembly	IEA:TreeGrafter;IEA:TreeGrafter;IEA:TreeGrafter;IEA:TreeGrafter	Success
A0A1D2ND00	A0A1D2ND00	A0A1D2ND00_ORCCI	GTP-binding protein 2	NA	Orchesella cincta	GO:0005525;GO:0003924;GO:0003746	F:GTP binding;F:GTPase activity;F:translation elongation factor activity	IEA:InterPro;IEA:InterPro;IEA:TreeGrafter	Success
A0A1D2ND23	A0A1D2ND23	A0A1D2ND23_ORCCI	Putative tyrosine-protein kinase Wsck	NA	Orchesella cincta	GO:0005886;GO:0043235;GO:0005524;GO:0004714;GO:0007169	C:plasma membrane;C:receptor complex;F:ATP binding;F:transmembrane receptor protein tyrosine kinase activity;P:cell surface receptor protein tyrosine kinase signaling pathway	IEA:TreeGrafter;IEA:TreeGrafter;IEA:InterPro;IEA:UniProtKB-ARBA;IEA:TreeGrafter	Success
A0A1D2ND03	A0A1D2ND03	A0A1D2ND03_ORCCI	Peregrin	NA	Orchesella cincta	GO:0005634;GO:0008270;GO:0006357	C:nucleus;F:zinc ion binding;P:regulation of transcription by RNA polymerase II	IEA:UniProtKB-KW;IEA:UniProtKB-KW;IEA:TreeGrafter	Success
A0A1D2ND11	A0A1D2ND11	A0A1D2ND11_ORCCI	Protein SEC13 homolog	NA	Orchesella cincta	GO:0030127;GO:0005764;GO:0031080;GO:0005198;GO:0090114;GO:0051028;GO:0032008;GO:0032527;GO:0006606	C:COPII vesicle coat;C:lysosome;C:nuclear pore outer ring;F:structural molecule activity;P:COPII-coated vesicle budding;P:mRNA transport;P:positive regulation of TOR signaling;P:protein exit from endoplasmic reticulum;P:protein import into nucleus	IEA:TreeGrafter;IEA:UniProtKB-SubCell;IEA:TreeGrafter;IEA:InterPro;IEA:TreeGrafter;IEA:UniProtKB-KW;IEA:TreeGrafter;IEA:TreeGrafter;IEA:TreeGrafter	Success
A0A1D2NCZ6	A0A1D2NCZ6	A0A1D2NCZ6_ORCCI	ADP-ribosylation factor-like protein 6	NA	Orchesella cincta	GO:0005737;GO:0005525;GO:0003924;GO:0051649;GO:0016192	C:cytoplasm;F:GTP binding;F:GTPase activity;P:establishment of localization in cell;P:vesicle-mediated transport	IEA:UniProtKB-SubCell;IEA:UniProtKB-KW;IEA:InterPro;IEA:UniProtKB-ARBA;IEA:UniProtKB-ARBA	Success
A0A1D2NCY4	A0A1D2NCY4	A0A1D2NCY4_ORCCI	Uncharacterized protein	NA	Orchesella cincta	GO:0005737	C:cytoplasm	IEA:TreeGrafter	Success
A0A1D2NCY5	A0A1D2NCY5	A0A1D2NCY5_ORCCI	A disintegrin and metalloproteinase with thrombospondin motifs 18	NA	Orchesella cincta	GO:0046872;GO:0004222;GO:0007229;GO:0006508	F:metal ion binding;F:metalloendopeptidase activity;P:integrin-mediated signaling pathway;P:proteolysis	IEA:UniProtKB-KW;IEA:InterPro;IEA:UniProtKB-KW;IEA:UniProtKB-KW	Success
A0A1D2NCY2	A0A1D2NCY2	A0A1D2NCY2_ORCCI	Homeobox protein DBX1	NA	Orchesella cincta	GO:0005634;GO:0003677;GO:0000981	C:nucleus;F:DNA binding;F:DNA-binding transcription factor activity, RNA polymerase II-specific	IEA:UniProtKB-SubCell;IEA:UniProtKB-UniRule;IEA:InterPro	Success
A0A1D2NCY2	A0A1D2NCY2	A0A1D2NCY2_ORCCI	Homeobox protein DBX1	NA	Orchesella cincta	GO:0005634;GO:0003677;GO:0000981	C:nucleus;F:DNA binding;F:DNA-binding transcription factor activity, RNA polymerase II-specific	IEA:UniProtKB-SubCell;IEA:UniProtKB-UniRule;IEA:InterPro	Success
A0A1D2NFT0	A0A1D2NFT0	A0A1D2NFT0_ORCCI	Restriction of telomere capping protein 5	NA	Orchesella cincta	NA	NA	NA	Success
A0A1D2NFQ1	A0A1D2NFQ1	A0A1D2NFQ1_ORCCI	Mitochondrial import inner membrane translocase subunit TIM22	NA	Orchesella cincta	GO:0042721;GO:0030943;GO:0008320;GO:0045039	C:TIM22 mitochondrial import inner membrane insertion complex;F:mitochondrion targeting sequence binding;F:protein transmembrane transporter activity;P:protein insertion into mitochondrial inner membrane	IEA:UniProtKB-UniRule;IEA:TreeGrafter;IEA:UniProtKB-UniRule;IEA:UniProtKB-UniRule	Success
A0A1D2MTS6	A0A1D2MTS6	A0A1D2MTS6_ORCCI	Platelet glycoprotein Ib alpha chain	NA	Orchesella cincta	GO:0030667;GO:0006887	C:secretory granule membrane;P:exocytosis	IEA:InterPro;IEA:InterPro	Success
A0A1D2N9J8	A0A1D2N9J8	A0A1D2N9J8_ORCCI	Pancreatic lipase-related protein 2	NA	Orchesella cincta	GO:0005615;GO:0016298;GO:0016042	C:extracellular space;F:lipase activity;P:lipid catabolic process	IEA:TreeGrafter;IEA:InterPro;IEA:TreeGrafter	Success
A0A1D2MPN7	A0A1D2MPN7	A0A1D2MPN7_ORCCI	MAP kinase-activating death domain protein	NA	Orchesella cincta	GO:0005829;GO:0005886;GO:0005085;GO:0016301;GO:0006915;GO:0042981;GO:0032483	C:cytosol;C:plasma membrane;F:guanyl-nucleotide exchange factor activity;F:kinase activity;P:apoptotic process;P:regulation of apoptotic process;P:regulation of Rab protein signal transduction	IEA:TreeGrafter;IEA:UniProtKB-SubCell;IEA:UniProtKB-KW;IEA:UniProtKB-KW;IEA:UniProtKB-KW;IEA:TreeGrafter;IEA:TreeGrafter	Success
A0A1D2MPN7	A0A1D2MPN7	A0A1D2MPN7_ORCCI	MAP kinase-activating death domain protein	NA	Orchesella cincta	GO:0005829;GO:0005886;GO:0005085;GO:0016301;GO:0006915;GO:0042981;GO:0032483	C:cytosol;C:plasma membrane;F:guanyl-nucleotide exchange factor activity;F:kinase activity;P:apoptotic process;P:regulation of apoptotic process;P:regulation of Rab protein signal transduction	IEA:TreeGrafter;IEA:UniProtKB-SubCell;IEA:UniProtKB-KW;IEA:UniProtKB-KW;IEA:UniProtKB-KW;IEA:TreeGrafter;IEA:TreeGrafter	Success
A0A1D2MPN7	A0A1D2MPN7	A0A1D2MPN7_ORCCI	MAP kinase-activating death domain protein	NA	Orchesella cincta	GO:0005829;GO:0005886;GO:0005085;GO:0016301;GO:0006915;GO:0042981;GO:0032483	C:cytosol;C:plasma membrane;F:guanyl-nucleotide exchange factor activity;F:kinase activity;P:apoptotic process;P:regulation of apoptotic process;P:regulation of Rab protein signal transduction	IEA:TreeGrafter;IEA:UniProtKB-SubCell;IEA:UniProtKB-KW;IEA:UniProtKB-KW;IEA:UniProtKB-KW;IEA:TreeGrafter;IEA:TreeGrafter	Success
A0A1D2N4X5	A0A1D2N4X5	A0A1D2N4X5_ORCCI	E3 ubiquitin-protein ligase TRIM71	NA	Orchesella cincta	GO:0061630;GO:0043161;GO:0000209	F:ubiquitin protein ligase activity;P:proteasome-mediated ubiquitin-dependent protein catabolic process;P:protein polyubiquitination	IEA:TreeGrafter;IEA:TreeGrafter;IEA:TreeGrafter	Success
A0A1D2MET1	A0A1D2MET1	A0A1D2MET1_ORCCI	Transcription factor AP-4	NA	Orchesella cincta	GO:0005634;GO:0000981;GO:0046983;GO:0000978	C:nucleus;F:DNA-binding transcription factor activity, RNA polymerase II-specific;F:protein dimerization activity;F:RNA polymerase II cis-regulatory region sequence-specific DNA binding	IEA:UniProtKB-SubCell;IEA:TreeGrafter;IEA:InterPro;IEA:TreeGrafter	Success
A0A1D2MDI2	A0A1D2MDI2	A0A1D2MDI2_ORCCI	Palmitoyltransferase	NA	Orchesella cincta	GO:0016020;GO:0019706	C:membrane;F:protein-cysteine S-palmitoyltransferase activity	IEA:UniProtKB-SubCell;IEA:UniProtKB-EC	Success
A0A1D2MDS5	A0A1D2MDS5	A0A1D2MDS5_ORCCI	Caprin-2	NA	Orchesella cincta	GO:0005737;GO:0003723	C:cytoplasm;F:RNA binding	IEA:TreeGrafter;IEA:TreeGrafter	Success
A0A1D2MDC8	A0A1D2MDC8	A0A1D2MDC8_ORCCI	CCR4-NOT transcription complex subunit 2	NA	Orchesella cincta	GO:0030015;GO:0006355;GO:2000036	C:CCR4-NOT core complex;P:regulation of DNA-templated transcription;P:regulation of stem cell population maintenance	IEA:InterPro;IEA:InterPro;IEA:UniProtKB-ARBA	Success
A0A1D2MEV6	A0A1D2MEV6	A0A1D2MEV6_ORCCI	Piwi-like protein 1	NA	Orchesella cincta	GO:0003723;GO:0034587	F:RNA binding;P:piRNA processing	IEA:InterPro;IEA:UniProtKB-ARBA	Success
A0A1D2MHH2	A0A1D2MHH2	A0A1D2MHH2_ORCCI	Protein RRP5	NA	Orchesella cincta	GO:0005730;GO:0032040;GO:0003723;GO:0006364	C:nucleolus;C:small-subunit processome;F:RNA binding;P:rRNA processing	IEA:TreeGrafter;IEA:TreeGrafter;IEA:TreeGrafter;IEA:InterPro	Success
A0A1D2N9U2	A0A1D2N9U2	A0A1D2N9U2_ORCCI	Teneurin-a	NA	Orchesella cincta	GO:0016020	C:membrane	IEA:UniProtKB-KW	Success
A0A1D2N7B0	A0A1D2N7B0	A0A1D2N7B0_ORCCI	Protein cycle	NA	Orchesella cincta	GO:0005737;GO:0005634;GO:0005667;GO:0003677;GO:0003700;GO:0046983;GO:0045944	C:cytoplasm;C:nucleus;C:transcription regulator complex;F:DNA binding;F:DNA-binding transcription factor activity;F:protein dimerization activity;P:positive regulation of transcription by RNA polymerase II	IEA:InterPro;IEA:InterPro;IEA:InterPro;IEA:UniProtKB-ARBA;IEA:InterPro;IEA:InterPro;IEA:UniProtKB-ARBA	Success
A0A1D2N192	A0A1D2N192	A0A1D2N192_ORCCI	Phe-4-monooxygenase	NA	Orchesella cincta	GO:0005506;GO:0004505;GO:0006559	F:iron ion binding;F:phenylalanine 4-monooxygenase activity;P:L-phenylalanine catabolic process	IEA:InterPro;IEA:UniProtKB-EC;IEA:UniProtKB-UniPathway	Success
A0A1D2MBD6	A0A1D2MBD6	A0A1D2MBD6_ORCCI	Piwi-like protein 1	NA	Orchesella cincta	GO:0003723;GO:0034587	F:RNA binding;P:piRNA processing	IEA:InterPro;IEA:UniProtKB-ARBA	Success
A0A1D2N844	A0A1D2N844	A0A1D2N844_ORCCI	Sidoreflexin	NA	Orchesella cincta	GO:0005743;GO:0015075;GO:0140300	C:mitochondrial inner membrane;F:monoatomic ion transmembrane transporter activity;P:serine import into mitochondrion	IEA:TreeGrafter;IEA:InterPro;IEA:TreeGrafter	Success
A0A1D2N7U6	A0A1D2N7U6	A0A1D2N7U6_ORCCI	Tetratricopeptide repeat protein 32	NA	Orchesella cincta	NA	NA	NA	Success
A0A1D2N792	A0A1D2N792	A0A1D2N792_ORCCI	procollagen-proline 4-dioxygenase	NA	Orchesella cincta	GO:0005788;GO:0005506;GO:0031418;GO:0004656	C:endoplasmic reticulum lumen;F:iron ion binding;F:L-ascorbic acid binding;F:procollagen-proline 4-dioxygenase activity	IEA:UniProtKB-SubCell;IEA:InterPro;IEA:UniProtKB-KW;IEA:UniProtKB-EC	Success
A0A1D2N794	A0A1D2N794	A0A1D2N794_ORCCI	Hematopoietically-expressed homeobox protein HHEX	NA	Orchesella cincta	GO:0005634;GO:0000981;GO:0000978;GO:0030154	C:nucleus;F:DNA-binding transcription factor activity, RNA polymerase II-specific;F:RNA polymerase II cis-regulatory region sequence-specific DNA binding;P:cell differentiation	IEA:UniProtKB-SubCell;IEA:InterPro;IEA:TreeGrafter;IEA:TreeGrafter	Success
A0A1D2MZM6	A0A1D2MZM6	A0A1D2MZM6_ORCCI	O-acyltransferase WSD1 C-terminal domain-containing protein	NA	Orchesella cincta	GO:0005886;GO:0008374;GO:0019432	C:plasma membrane;F:O-acyltransferase activity;P:triglyceride biosynthetic process	IEA:TreeGrafter;IEA:InterPro;IEA:TreeGrafter	Success
A0A1D2NAE5	A0A1D2NAE5	A0A1D2NAE5_ORCCI	Equistatin	NA	Orchesella cincta	GO:0005604;GO:0005615;GO:0007160	C:basement membrane;C:extracellular space;P:cell-matrix adhesion	IEA:TreeGrafter;IEA:TreeGrafter;IEA:TreeGrafter	Success
A0A1D2NAC8	A0A1D2NAC8	A0A1D2NAC8_ORCCI	Equistatin	NA	Orchesella cincta	GO:0005604;GO:0005615;GO:0007160	C:basement membrane;C:extracellular space;P:cell-matrix adhesion	IEA:TreeGrafter;IEA:TreeGrafter;IEA:TreeGrafter	Success
A0A1D2MH29	A0A1D2MH29	A0A1D2MH29_ORCCI	Melanoma-associated antigen D2	NA	Orchesella cincta	GO:0005634	C:nucleus	IEA:TreeGrafter	Success
A0A1D2N7C2	A0A1D2N7C2	A0A1D2N7C2_ORCCI	ubiquitinyl hydrolase 1	NA	Orchesella cincta	GO:0005737;GO:0005634;GO:0004843;GO:0070530;GO:0008270;GO:0016477;GO:0007010;GO:0030177;GO:0071947;GO:0035523;GO:1990168;GO:0016055	C:cytoplasm;C:nucleus;F:cysteine-type deubiquitinase activity;F:K63-linked polyubiquitin modification-dependent protein binding;F:zinc ion binding;P:cell migration;P:cytoskeleton organization;P:positive regulation of Wnt signaling pathway;P:protein deubiquitination involved in ubiquitin-dependent protein catabolic process;P:protein K29-linked deubiquitination;P:protein K33-linked deubiquitination;P:Wnt signaling pathway	IEA:TreeGrafter;IEA:TreeGrafter;IEA:UniProtKB-EC;IEA:TreeGrafter;IEA:UniProtKB-KW;IEA:TreeGrafter;IEA:TreeGrafter;IEA:TreeGrafter;IEA:TreeGrafter;IEA:TreeGrafter;IEA:TreeGrafter;IEA:UniProtKB-KW	Success
A0A1D2NLM4	A0A1D2NLM4	A0A1D2NLM4_ORCCI	STE20-like serine/threonine-protein kinase	NA	Orchesella cincta	GO:0004674	F:protein serine/threonine kinase activity	IEA:UniProtKB-KW	Success
A0A1D2NLL3	A0A1D2NLL3	A0A1D2NLL3_ORCCI	Chitin-binding type-4 domain-containing protein	NA	Orchesella cincta	GO:0016020	C:membrane	IEA:UniProtKB-KW	Success
A0A1D2N3W2	A0A1D2N3W2	A0A1D2N3W2_ORCCI	Transmembrane and TPR repeat-containing protein 3	NA	Orchesella cincta	NA	NA	NA	Success
A0A1D2N2F8	A0A1D2N2F8	A0A1D2N2F8_ORCCI	Large ribosomal subunit protein uL16m	NA	Orchesella cincta	GO:0005762;GO:0019843;GO:0003735;GO:0008270;GO:0032543	C:mitochondrial large ribosomal subunit;F:rRNA binding;F:structural constituent of ribosome;F:zinc ion binding;P:mitochondrial translation	IEA:TreeGrafter;IEA:InterPro;IEA:InterPro;IEA:UniProtKB-KW;IEA:TreeGrafter	Success
A0A1D2NLS6	A0A1D2NLS6	A0A1D2NLS6_ORCCI	Protein SDE2	NA	Orchesella cincta	GO:0005737;GO:0005634;GO:0006397;GO:0008380	C:cytoplasm;C:nucleus;P:mRNA processing;P:RNA splicing	IEA:UniProtKB-SubCell;IEA:UniProtKB-SubCell;IEA:UniProtKB-KW;IEA:UniProtKB-KW	Success
A0A1D2NM99	A0A1D2NM99	A0A1D2NM99_ORCCI	Uncharacterized protein	NA	Orchesella cincta	NA	NA	NA	Success
A0A1D2NMQ1	A0A1D2NMQ1	A0A1D2NMQ1_ORCCI	Organic cation transporter protein	NA	Orchesella cincta	GO:0016020;GO:0022857	C:membrane;F:transmembrane transporter activity	IEA:UniProtKB-SubCell;IEA:InterPro	Success
A0A1D2NLV9	A0A1D2NLV9	A0A1D2NLV9_ORCCI	Exocyst complex component	NA	Orchesella cincta	GO:0000145;GO:0016020;GO:0006893;GO:0006886;GO:0090522	C:exocyst;C:membrane;P:Golgi to plasma membrane transport;P:intracellular protein transport;P:vesicle tethering involved in exocytosis	IEA:UniProtKB-UniRule;IEA:TreeGrafter;IEA:TreeGrafter;IEA:InterPro;IEA:UniProtKB-UniRule	Success
A0A1D2NLQ5	A0A1D2NLQ5	A0A1D2NLQ5_ORCCI	Protein TEX261	NA	Orchesella cincta	GO:0030134;GO:0005789;GO:0000139;GO:0097020;GO:0006888	C:COPII-coated ER to Golgi transport vesicle;C:endoplasmic reticulum membrane;C:Golgi membrane;F:COPII receptor activity;P:endoplasmic reticulum to Golgi vesicle-mediated transport	IEA:TreeGrafter;IEA:TreeGrafter;IEA:TreeGrafter;IEA:InterPro;IEA:InterPro	Success
A0A1D2NLX9	A0A1D2NLX9	A0A1D2NLX9_ORCCI	Methyl farnesoate epoxidase	NA	Orchesella cincta	GO:0005737;GO:0043231;GO:0016020;GO:0020037;GO:0005506;GO:0016712;GO:0008395;GO:0006082;GO:0006805	C:cytoplasm;C:intracellular membrane-bounded organelle;C:membrane;F:heme binding;F:iron ion binding;F:oxidoreductase activity, acting on paired donors, with incorporation or reduction of molecular oxygen, reduced flavin or flavoprotein as one donor, and incorporation of one atom of oxygen;F:steroid hydroxylase activity;P:organic acid metabolic process;P:xenobiotic metabolic process	IEA:TreeGrafter;IEA:TreeGrafter;IEA:UniProtKB-KW;IEA:InterPro;IEA:InterPro;IEA:TreeGrafter;IEA:TreeGrafter;IEA:TreeGrafter;IEA:TreeGrafter	Success
A0A1D2NLT6	A0A1D2NLT6	A0A1D2NLT6_ORCCI	Sodium-coupled monocarboxylate transporter 1	NA	Orchesella cincta	GO:0005886;GO:0015293;GO:0006814	C:plasma membrane;F:symporter activity;P:sodium ion transport	IEA:UniProtKB-SubCell;IEA:TreeGrafter;IEA:UniProtKB-KW	Success
A0A1D2NLN0	A0A1D2NLN0	A0A1D2NLN0_ORCCI	Uncharacterized protein	NA	Orchesella cincta	NA	NA	NA	Success
A0A1D2NLR7	A0A1D2NLR7	A0A1D2NLR7_ORCCI	Aldo-keto reductase family 1 member B10	NA	Orchesella cincta	GO:0016491	F:oxidoreductase activity	IEA:InterPro	Success
A0A1D2NML0	A0A1D2NML0	A0A1D2NML0_ORCCI	Metal transporter CNNM2	NA	Orchesella cincta	GO:0005886;GO:0022857;GO:0010960	C:plasma membrane;F:transmembrane transporter activity;P:magnesium ion homeostasis	IEA:TreeGrafter;IEA:TreeGrafter;IEA:InterPro	Success
A0A1D2NLQ6	A0A1D2NLQ6	A0A1D2NLQ6_ORCCI	Metal transporter CNNM2	NA	Orchesella cincta	GO:0005886;GO:0022857;GO:0010960	C:plasma membrane;F:transmembrane transporter activity;P:magnesium ion homeostasis	IEA:TreeGrafter;IEA:TreeGrafter;IEA:InterPro	Success
A0A1D2NLN4	A0A1D2NLN4	A0A1D2NLN4_ORCCI	Ornithine aminotransferase	NA	Orchesella cincta	GO:0005737;GO:0042802;GO:0004587;GO:0030170;GO:0019544;GO:0010121;GO:0055129	C:cytoplasm;F:identical protein binding;F:ornithine aminotransferase activity;F:pyridoxal phosphate binding;P:arginine catabolic process to glutamate;P:arginine catabolic process to proline via ornithine;P:L-proline biosynthetic process	IEA:TreeGrafter;IEA:TreeGrafter;IEA:UniProtKB-EC;IEA:InterPro;IEA:TreeGrafter;IEA:TreeGrafter;IEA:UniProtKB-UniPathway	Success
A0A1D2NMR0	A0A1D2NMR0	A0A1D2NMR0_ORCCI	Cytosolic purine 5'-nucleotidase	NA	Orchesella cincta	GO:0008253;GO:0046872	F:5'-nucleotidase activity;F:metal ion binding	IEA:TreeGrafter;IEA:UniProtKB-KW	Success
A0A1D2NLT5	A0A1D2NLT5	A0A1D2NLT5_ORCCI	60S ribosomal protein L26	NA	Orchesella cincta	GO:0015934;GO:0003723;GO:0003735;GO:0006412	C:large ribosomal subunit;F:RNA binding;F:structural constituent of ribosome;P:translation	IEA:InterPro;IEA:InterPro;IEA:InterPro;IEA:InterPro	Success
A0A1D2NLU6	A0A1D2NLU6	A0A1D2NLU6_ORCCI	F-box/WD repeat-containing protein 1A	NA	Orchesella cincta	GO:0046983	F:protein dimerization activity	IEA:InterPro	Success
A0A1D2NLT8	A0A1D2NLT8	A0A1D2NLT8_ORCCI	TGF-beta-activated kinase 1 and MAP3K7-binding protein 1	NA	Orchesella cincta	GO:0016301;GO:0004722	F:kinase activity;F:protein serine/threonine phosphatase activity	IEA:UniProtKB-KW;IEA:InterPro	Success
A0A1D2NLR6	A0A1D2NLR6	A0A1D2NLR6_ORCCI	Glycerol-3-phosphate acyltransferase 1, mitochondrial	NA	Orchesella cincta	GO:0031966;GO:0004366;GO:0006631;GO:0006072;GO:0008654;GO:0019432	C:mitochondrial membrane;F:glycerol-3-phosphate O-acyltransferase activity;P:fatty acid metabolic process;P:glycerol-3-phosphate metabolic process;P:phospholipid biosynthetic process;P:triglyceride biosynthetic process	IEA:TreeGrafter;IEA:TreeGrafter;IEA:TreeGrafter;IEA:TreeGrafter;IEA:TreeGrafter;IEA:TreeGrafter	Success
A0A1D2NM89	A0A1D2NM89	A0A1D2NM89_ORCCI	Charged multivesicular body protein 3	NA	Orchesella cincta	GO:0007034	P:vacuolar transport	IEA:InterPro	Success
A0A1D2MZ43	A0A1D2MZ43	A0A1D2MZ43_ORCCI	Bacillopeptidase F	NA	Orchesella cincta	GO:0004252;GO:0006508	F:serine-type endopeptidase activity;P:proteolysis	IEA:UniProtKB-UniRule;IEA:UniProtKB-KW	Success
A0A1D2NDX4	A0A1D2NDX4	A0A1D2NDX4_ORCCI	Lethal(3)malignant brain tumor-like protein 2	NA	Orchesella cincta	GO:0005634;GO:0003682;GO:0035064;GO:0045892	C:nucleus;F:chromatin binding;F:methylated histone binding;P:negative regulation of DNA-templated transcription	IEA:InterPro;IEA:TreeGrafter;IEA:TreeGrafter;IEA:TreeGrafter	Success
A0A1D2NMN7	A0A1D2NMN7	A0A1D2NMN7_ORCCI	Tetraspanin-33	NA	Orchesella cincta	GO:0005886	C:plasma membrane	IEA:TreeGrafter	Success
A0A1D2N3T4	A0A1D2N3T4	A0A1D2N3T4_ORCCI	Neuropeptide Y receptor	NA	Orchesella cincta	GO:0005886;GO:0004983	C:plasma membrane;F:neuropeptide Y receptor activity	IEA:TreeGrafter;IEA:InterPro	Success
A0A1D2N3R8	A0A1D2N3R8	A0A1D2N3R8_ORCCI	Uncharacterized protein	NA	Orchesella cincta	NA	NA	NA	Success
A0A1D2N3T2	A0A1D2N3T2	A0A1D2N3T2_ORCCI	Y+L amino acid transporter 2	NA	Orchesella cincta	GO:0016020;GO:0015179	C:membrane;F:L-amino acid transmembrane transporter activity	IEA:UniProtKB-SubCell;IEA:TreeGrafter	Success
A0A1D2MPR5	A0A1D2MPR5	A0A1D2MPR5_ORCCI	Uncharacterized protein	NA	Orchesella cincta	NA	NA	NA	Success
A0A1D2MQE1	A0A1D2MQE1	A0A1D2MQE1_ORCCI	Uncharacterized protein	NA	Orchesella cincta	NA	NA	NA	Success
A0A1D2MQJ4	A0A1D2MQJ4	A0A1D2MQJ4_ORCCI	protein-tyrosine-phosphatase	NA	Orchesella cincta	GO:0005737;GO:0005634;GO:0004726;GO:0048666	C:cytoplasm;C:nucleus;F:non-membrane spanning protein tyrosine phosphatase activity;P:neuron development	IEA:TreeGrafter;IEA:TreeGrafter;IEA:InterPro;IEA:UniProtKB-ARBA	Success
A0A1D2MCW7	A0A1D2MCW7	A0A1D2MCW7_ORCCI	Host cell factor 1	NA	Orchesella cincta	GO:0035097;GO:0003713;GO:0006338	C:histone methyltransferase complex;F:transcription coactivator activity;P:chromatin remodeling	IEA:TreeGrafter;IEA:TreeGrafter;IEA:TreeGrafter	Success
A0A1D2MCM8	A0A1D2MCM8	A0A1D2MCM8_ORCCI	Isocitrate dehydrogenase [NAD] subunit gamma 1, mitochondrial	NA	Orchesella cincta	GO:0005739;GO:0006102;GO:0006099	C:mitochondrion;P:isocitrate metabolic process;P:tricarboxylic acid cycle	IEA:TreeGrafter;IEA:TreeGrafter;IEA:UniProtKB-KW	Success
A0A1D2MCN8	A0A1D2MCN8	A0A1D2MCN8_ORCCI	DnaJ subfamily C member 2	NA	Orchesella cincta	GO:0005829;GO:0005634;GO:0030544;GO:0043022;GO:0051083;GO:0006450	C:cytosol;C:nucleus;F:Hsp70 protein binding;F:ribosome binding;P:'de novo' cotranslational protein folding;P:regulation of translational fidelity	IEA:TreeGrafter;IEA:UniProtKB-SubCell;IEA:InterPro;IEA:InterPro;IEA:InterPro;IEA:InterPro	Success
A0A1D2MZE1	A0A1D2MZE1	A0A1D2MZE1_ORCCI	RUN domain-containing protein 1	NA	Orchesella cincta	NA	NA	NA	Success
A0A1D2MZG9	A0A1D2MZG9	A0A1D2MZG9_ORCCI	Copine-8	NA	Orchesella cincta	GO:0005886;GO:0032991;GO:0005544;GO:0071277	C:plasma membrane;C:protein-containing complex;F:calcium-dependent phospholipid binding;P:cellular response to calcium ion	IEA:TreeGrafter;IEA:UniProtKB-ARBA;IEA:InterPro;IEA:TreeGrafter	Success
A0A1D2MZN8	A0A1D2MZN8	A0A1D2MZN8_ORCCI	RNA helicase	NA	Orchesella cincta	GO:0005681;GO:0004386;GO:0000166;GO:0003723;GO:0006397;GO:0008380	C:spliceosomal complex;F:helicase activity;F:nucleotide binding;F:RNA binding;P:mRNA processing;P:RNA splicing	IEA:TreeGrafter;IEA:UniProtKB-KW;IEA:UniProtKB-KW;IEA:TreeGrafter;IEA:UniProtKB-KW;IEA:UniProtKB-KW	Success
A0A1D2MHD5	A0A1D2MHD5	A0A1D2MHD5_ORCCI	RNA helicase	NA	Orchesella cincta	GO:0005829;GO:0005524;GO:0016787;GO:0003676;GO:0003724	C:cytosol;F:ATP binding;F:hydrolase activity;F:nucleic acid binding;F:RNA helicase activity	IEA:TreeGrafter;IEA:UniProtKB-KW;IEA:UniProtKB-KW;IEA:InterPro;IEA:UniProtKB-EC	Success
A0A1D2MZD6	A0A1D2MZD6	A0A1D2MZD6_ORCCI	IF140/IFT172/WDR19 TPR domain-containing protein	NA	Orchesella cincta	GO:0005930;GO:0036064;GO:0030992;GO:0022607;GO:0042073	C:axoneme;C:ciliary basal body;C:intraciliary transport particle B;P:cellular component assembly;P:intraciliary transport	IEA:TreeGrafter;IEA:TreeGrafter;IEA:TreeGrafter;IEA:UniProtKB-ARBA;IEA:TreeGrafter	Success
A0A1D2MZJ3	A0A1D2MZJ3	A0A1D2MZJ3_ORCCI	Integrin-alpha FG-GAP repeat-containing protein 2	NA	Orchesella cincta	GO:0007229;GO:0032006	P:integrin-mediated signaling pathway;P:regulation of TOR signaling	IEA:UniProtKB-KW;IEA:TreeGrafter	Success
A0A1D2N022	A0A1D2N022	A0A1D2N022_ORCCI	PHD finger protein 10	NA	Orchesella cincta	GO:0005634;GO:0008270	C:nucleus;F:zinc ion binding	IEA:UniProtKB-SubCell;IEA:UniProtKB-KW	Success
A0A1D2N0H4	A0A1D2N0H4	A0A1D2N0H4_ORCCI	Phenoloxidase-activating factor 2	NA	Orchesella cincta	GO:0004252;GO:0006508	F:serine-type endopeptidase activity;P:proteolysis	IEA:InterPro;IEA:InterPro	Success
A0A1D2MZF3	A0A1D2MZF3	A0A1D2MZF3_ORCCI	Ectonucleoside triphosphate diphosphohydrolase 8	NA	Orchesella cincta	GO:0005886;GO:0005524;GO:0004382;GO:0017111;GO:0045134;GO:0009134	C:plasma membrane;F:ATP binding;F:GDP phosphatase activity;F:ribonucleoside triphosphate phosphatase activity;F:UDP phosphatase activity;P:nucleoside diphosphate catabolic process	IEA:TreeGrafter;IEA:UniProtKB-KW;IEA:TreeGrafter;IEA:TreeGrafter;IEA:TreeGrafter;IEA:TreeGrafter	Success
A0A1D2N0H4	A0A1D2N0H4	A0A1D2N0H4_ORCCI	Phenoloxidase-activating factor 2	NA	Orchesella cincta	GO:0004252;GO:0006508	F:serine-type endopeptidase activity;P:proteolysis	IEA:InterPro;IEA:InterPro	Success
A0A1D2N2B7	A0A1D2N2B7	A0A1D2N2B7_ORCCI	Putative zinc finger protein	NA	Orchesella cincta	GO:0008270	F:zinc ion binding	IEA:UniProtKB-KW	Success
A0A1D2MSN0	A0A1D2MSN0	A0A1D2MSN0_ORCCI	Putative RNA-binding protein EEED8.10	NA	Orchesella cincta	NA	NA	NA	Success
A0A1D2N2J3	A0A1D2N2J3	A0A1D2N2J3_ORCCI	Protein C19orf12	NA	Orchesella cincta	NA	NA	NA	Success
A0A1D2NGF2	A0A1D2NGF2	A0A1D2NGF2_ORCCI	Probable ATP-dependent RNA helicase spindle-E	NA	Orchesella cincta	GO:0005737;GO:0005524;GO:0004386;GO:0003723;GO:0030154;GO:0051321;GO:0031047;GO:0007283	C:cytoplasm;F:ATP binding;F:helicase activity;F:RNA binding;P:cell differentiation;P:meiotic cell cycle;P:regulatory ncRNA-mediated gene silencing;P:spermatogenesis	IEA:UniProtKB-SubCell;IEA:UniProtKB-KW;IEA:UniProtKB-KW;IEA:TreeGrafter;IEA:UniProtKB-KW;IEA:UniProtKB-KW;IEA:UniProtKB-KW;IEA:UniProtKB-KW	Success
A0A1D2N3J8	A0A1D2N3J8	A0A1D2N3J8_ORCCI	ATP-binding cassette sub-family E member 1	NA	Orchesella cincta	GO:0005524;GO:0016887	F:ATP binding;F:ATP hydrolysis activity	IEA:UniProtKB-KW;IEA:InterPro	Success
A0A1D2N2J4	A0A1D2N2J4	A0A1D2N2J4_ORCCI	Protein krueppel	NA	Orchesella cincta	GO:0005634;GO:0008270;GO:0010468	C:nucleus;F:zinc ion binding;P:regulation of gene expression	IEA:UniProtKB-SubCell;IEA:UniProtKB-KW;IEA:TreeGrafter	Success
A0A1D2MWW6	A0A1D2MWW6	A0A1D2MWW6_ORCCI	Ileal sodium/bile acid cotransporter	NA	Orchesella cincta	GO:0016020;GO:0015293	C:membrane;F:symporter activity	IEA:UniProtKB-SubCell;IEA:UniProtKB-KW	Success
A0A1D2NI98	A0A1D2NI98	A0A1D2NI98_ORCCI	DnaJ subfamily A member 1	NA	Orchesella cincta	GO:0016020	C:membrane	IEA:UniProtKB-KW	Success
A0A1D2N4C8	A0A1D2N4C8	A0A1D2N4C8_ORCCI	Fibroblast growth factor receptor substrate 2	NA	Orchesella cincta	GO:0005737;GO:0016020;GO:0005104;GO:0005068;GO:0008543	C:cytoplasm;C:membrane;F:fibroblast growth factor receptor binding;F:transmembrane receptor protein tyrosine kinase adaptor activity;P:fibroblast growth factor receptor signaling pathway	IEA:TreeGrafter;IEA:UniProtKB-SubCell;IEA:TreeGrafter;IEA:TreeGrafter;IEA:TreeGrafter	Success
A0A1D2M606	A0A1D2M606	A0A1D2M606_ORCCI	small monomeric GTPase	NA	Orchesella cincta	GO:0012505;GO:0016020;GO:0005525;GO:0003924;GO:0032486	C:endomembrane system;C:membrane;F:GTP binding;F:GTPase activity;P:Rap protein signal transduction	IEA:UniProtKB-SubCell;IEA:InterPro;IEA:UniProtKB-KW;IEA:InterPro;IEA:InterPro	Success
A0A1D2MHC6	A0A1D2MHC6	A0A1D2MHC6_ORCCI	Zinc finger protein-likewith KRAB and SCAN domains 3	NA	Orchesella cincta	GO:0008270	F:zinc ion binding	IEA:UniProtKB-KW	Success
A0A1D2MHC6	A0A1D2MHC6	A0A1D2MHC6_ORCCI	Zinc finger protein-likewith KRAB and SCAN domains 3	NA	Orchesella cincta	GO:0008270	F:zinc ion binding	IEA:UniProtKB-KW	Success
A0A1D2NI11	A0A1D2NI11	A0A1D2NI11_ORCCI	Nuclear protein MDM1	NA	Orchesella cincta	GO:0005814;GO:0005737;GO:0005874;GO:0005634;GO:0008017;GO:0046600	C:centriole;C:cytoplasm;C:microtubule;C:nucleus;F:microtubule binding;P:negative regulation of centriole replication	IEA:UniProtKB-SubCell;IEA:UniProtKB-KW;IEA:UniProtKB-KW;IEA:UniProtKB-SubCell;IEA:InterPro;IEA:InterPro	Success
A0A1D2NI57	A0A1D2NI57	A0A1D2NI57_ORCCI	Ankyrin repeat and MYND domain-containing protein 2	NA	Orchesella cincta	GO:0005783;GO:0008270;GO:0030968	C:endoplasmic reticulum;F:zinc ion binding;P:endoplasmic reticulum unfolded protein response	IEA:TreeGrafter;IEA:UniProtKB-KW;IEA:TreeGrafter	Success
A0A1D2MDG1	A0A1D2MDG1	A0A1D2MDG1_ORCCI	Checkpoint protein	NA	Orchesella cincta	GO:0030896;GO:0005730;GO:0035861;GO:0000724;GO:0044778;GO:0033314;GO:0031573;GO:0006289;GO:0000723	C:checkpoint clamp complex;C:nucleolus;C:site of double-strand break;P:double-strand break repair via homologous recombination;P:meiotic DNA integrity checkpoint signaling;P:mitotic DNA replication checkpoint signaling;P:mitotic intra-S DNA damage checkpoint signaling;P:nucleotide-excision repair;P:telomere maintenance	IEA:InterPro;IEA:InterPro;IEA:TreeGrafter;IEA:TreeGrafter;IEA:TreeGrafter;IEA:TreeGrafter;IEA:TreeGrafter;IEA:TreeGrafter;IEA:TreeGrafter	Success
A0A1D2MDI6	A0A1D2MDI6	A0A1D2MDI6_ORCCI	Mitochondrial import inner membrane translocase subunit Tim16	NA	Orchesella cincta	GO:0005744;GO:0030150	C:TIM23 mitochondrial import inner membrane translocase complex;P:protein import into mitochondrial matrix	IEA:InterPro;IEA:InterPro	Success
A0A1D2MDD3	A0A1D2MDD3	A0A1D2MDD3_ORCCI	Sodium/glucose cotransporter 2	NA	Orchesella cincta	GO:0005886;GO:0005412	C:plasma membrane;F:D-glucose:sodium symporter activity	IEA:TreeGrafter;IEA:TreeGrafter	Success
A0A1D2MDD3	A0A1D2MDD3	A0A1D2MDD3_ORCCI	Sodium/glucose cotransporter 2	NA	Orchesella cincta	GO:0005886;GO:0005412	C:plasma membrane;F:D-glucose:sodium symporter activity	IEA:TreeGrafter;IEA:TreeGrafter	Success
A0A1D2NBX6	A0A1D2NBX6	A0A1D2NBX6_ORCCI	Glutamate receptor ionotropic, NMDA 2B	NA	Orchesella cincta	GO:0045211;GO:0015276;GO:0038023	C:postsynaptic membrane;F:ligand-gated monoatomic ion channel activity;F:signaling receptor activity	IEA:UniProtKB-SubCell;IEA:InterPro;IEA:InterPro	Success
A0A1D2MHC6	A0A1D2MHC6	A0A1D2MHC6_ORCCI	Zinc finger protein-likewith KRAB and SCAN domains 3	NA	Orchesella cincta	GO:0008270	F:zinc ion binding	IEA:UniProtKB-KW	Success
A0A1D2NJ16	A0A1D2NJ16	A0A1D2NJ16_ORCCI	Mini-chromosome maintenance complex-binding protein	NA	Orchesella cincta	GO:0005634;GO:0003682;GO:0006261	C:nucleus;F:chromatin binding;P:DNA-templated DNA replication	IEA:UniProtKB-SubCell;IEA:TreeGrafter;IEA:TreeGrafter	Success
A0A1D2NJ38	A0A1D2NJ38	A0A1D2NJ38_ORCCI	Signal peptide peptidase-like 2B	NA	Orchesella cincta	GO:0098554;GO:0030660;GO:0098553;GO:0005765;GO:0042500;GO:0033619	C:cytoplasmic side of endoplasmic reticulum membrane;C:Golgi-associated vesicle membrane;C:lumenal side of endoplasmic reticulum membrane;C:lysosomal membrane;F:aspartic endopeptidase activity, intramembrane cleaving;P:membrane protein proteolysis	IEA:TreeGrafter;IEA:TreeGrafter;IEA:TreeGrafter;IEA:TreeGrafter;IEA:InterPro;IEA:TreeGrafter	Success
A0A1D2NJH9	A0A1D2NJH9	A0A1D2NJH9_ORCCI	Collagen alpha-2(I) chain	NA	Orchesella cincta	GO:0005587;GO:0005615;GO:0030020;GO:0046872;GO:0030198	C:collagen type IV trimer;C:extracellular space;F:extracellular matrix structural constituent conferring tensile strength;F:metal ion binding;P:extracellular matrix organization	IEA:TreeGrafter;IEA:TreeGrafter;IEA:TreeGrafter;IEA:UniProtKB-KW;IEA:TreeGrafter	Success
A0A1D2NJX6	A0A1D2NJX6	A0A1D2NJX6_ORCCI	Protein Wnt	NA	Orchesella cincta	GO:0005615;GO:0005125;GO:0005109;GO:0060070;GO:0045165;GO:0030182	C:extracellular space;F:cytokine activity;F:frizzled binding;P:canonical Wnt signaling pathway;P:cell fate commitment;P:neuron differentiation	IEA:TreeGrafter;IEA:TreeGrafter;IEA:TreeGrafter;IEA:TreeGrafter;IEA:TreeGrafter;IEA:TreeGrafter	Success
A0A1D2MUC1	A0A1D2MUC1	A0A1D2MUC1_ORCCI	Protein rolling stone	NA	Orchesella cincta	GO:0016020	C:membrane	IEA:UniProtKB-KW	Success
A0A1D2NJ86	A0A1D2NJ86	A0A1D2NJ86_ORCCI	Uncharacterized protein	NA	Orchesella cincta	NA	NA	NA	Success
A0A1D2NJJ1	A0A1D2NJJ1	A0A1D2NJJ1_ORCCI	EGF-like domain-containing protein 2	NA	Orchesella cincta	GO:0016020;GO:0009653	C:membrane;P:anatomical structure morphogenesis	IEA:UniProtKB-KW;IEA:TreeGrafter	Success
A0A1D2NJY5	A0A1D2NJY5	A0A1D2NJY5_ORCCI	Protein wntless	NA	Orchesella cincta	GO:0042995;GO:0005789;GO:0010008;GO:0000139;GO:0045211;GO:0042734;GO:0017147;GO:0006886;GO:0061355;GO:0016055	C:cell projection;C:endoplasmic reticulum membrane;C:endosome membrane;C:Golgi membrane;C:postsynaptic membrane;C:presynaptic membrane;F:Wnt-protein binding;P:intracellular protein transport;P:Wnt protein secretion;P:Wnt signaling pathway	IEA:UniProtKB-KW;IEA:UniProtKB-SubCell;IEA:UniProtKB-SubCell;IEA:UniProtKB-SubCell;IEA:UniProtKB-SubCell;IEA:UniProtKB-SubCell;IEA:InterPro;IEA:TreeGrafter;IEA:TreeGrafter;IEA:UniProtKB-KW	Success
A0A1D2NJ53	A0A1D2NJ53	A0A1D2NJ53_ORCCI	RNA-binding protein 8A	NA	Orchesella cincta	GO:0005737;GO:0016607;GO:0003729;GO:0006397;GO:0051028;GO:0008380	C:cytoplasm;C:nuclear speck;F:mRNA binding;P:mRNA processing;P:mRNA transport;P:RNA splicing	IEA:UniProtKB-SubCell;IEA:UniProtKB-SubCell;IEA:InterPro;IEA:UniProtKB-KW;IEA:UniProtKB-KW;IEA:UniProtKB-KW	Success
A0A1D2NJ40	A0A1D2NJ40	A0A1D2NJ40_ORCCI	Hydroxymethylglutaryl-CoA synthase	NA	Orchesella cincta	GO:0004421;GO:0006084;GO:0010142;GO:0016126	F:hydroxymethylglutaryl-CoA synthase activity;P:acetyl-CoA metabolic process;P:farnesyl diphosphate biosynthetic process, mevalonate pathway;P:sterol biosynthetic process	IEA:UniProtKB-EC;IEA:InterPro;IEA:InterPro;IEA:UniProtKB-KW	Success
A0A1D2NJ75	A0A1D2NJ75	A0A1D2NJ75_ORCCI	Apolipophorin	NA	Orchesella cincta	GO:0005319;GO:0045735	F:lipid transporter activity;F:nutrient reservoir activity	IEA:InterPro;IEA:UniProtKB-KW	Success
A0A1D2MJA6	A0A1D2MJA6	A0A1D2MJA6_ORCCI	Gustatory receptor	NA	Orchesella cincta	GO:0016020;GO:0038023;GO:0051606;GO:0007606	C:membrane;F:signaling receptor activity;P:detection of stimulus;P:sensory perception of chemical stimulus	IEA:UniProtKB-SubCell;IEA:UniProtKB-ARBA;IEA:UniProtKB-ARBA;IEA:TreeGrafter	Success
A0A1D2NJ30	A0A1D2NJ30	A0A1D2NJ30_ORCCI	Early growth response protein 3	NA	Orchesella cincta	GO:0005634;GO:0000981;GO:0000978;GO:0008270	C:nucleus;F:DNA-binding transcription factor activity, RNA polymerase II-specific;F:RNA polymerase II cis-regulatory region sequence-specific DNA binding;F:zinc ion binding	IEA:UniProtKB-SubCell;IEA:TreeGrafter;IEA:TreeGrafter;IEA:UniProtKB-KW	Success
A0A1D2MSM4	A0A1D2MSM4	A0A1D2MSM4_ORCCI	Nuclear receptor-binding factor 2	NA	Orchesella cincta	GO:0006914	P:autophagy	IEA:InterPro	Success
A0A1D2MTJ1	A0A1D2MTJ1	A0A1D2MTJ1_ORCCI	CXXC-type zinc finger protein 1	NA	Orchesella cincta	GO:0048188;GO:0003677;GO:0035064;GO:0008270;GO:0045893	C:Set1C/COMPASS complex;F:DNA binding;F:methylated histone binding;F:zinc ion binding;P:positive regulation of DNA-templated transcription	IEA:InterPro;IEA:UniProtKB-KW;IEA:TreeGrafter;IEA:UniProtKB-KW;IEA:TreeGrafter	Success
A0A1D2MT96	A0A1D2MT96	A0A1D2MT96_ORCCI	Uncharacterized protein	NA	Orchesella cincta	GO:0008408;GO:0008409	F:3'-5' exonuclease activity;F:5'-3' exonuclease activity	IEA:InterPro;IEA:InterPro	Success
A0A1D2NC83	A0A1D2NC83	A0A1D2NC83_ORCCI	High mobility group protein DSP1	NA	Orchesella cincta	GO:0005634;GO:0003677	C:nucleus;F:DNA binding	IEA:UniProtKB-SubCell;IEA:UniProtKB-UniRule	Success
A0A1D2MU57	A0A1D2MU57	A0A1D2MU57_ORCCI	procollagen-proline 4-dioxygenase	NA	Orchesella cincta	GO:0005788;GO:0005506;GO:0031418;GO:0004656	C:endoplasmic reticulum lumen;F:iron ion binding;F:L-ascorbic acid binding;F:procollagen-proline 4-dioxygenase activity	IEA:UniProtKB-SubCell;IEA:InterPro;IEA:UniProtKB-KW;IEA:UniProtKB-EC	Success
A0A1D2MSZ2	A0A1D2MSZ2	A0A1D2MSZ2_ORCCI	Protein Wnt	NA	Orchesella cincta	GO:0005615;GO:0005125;GO:0005109;GO:0060070;GO:0045165;GO:0030182	C:extracellular space;F:cytokine activity;F:frizzled binding;P:canonical Wnt signaling pathway;P:cell fate commitment;P:neuron differentiation	IEA:TreeGrafter;IEA:TreeGrafter;IEA:TreeGrafter;IEA:TreeGrafter;IEA:TreeGrafter;IEA:TreeGrafter	Success
A0A1D2MC22	A0A1D2MC22	A0A1D2MC22_ORCCI	Putative type-1 restriction enzyme specificity protein	NA	Orchesella cincta	NA	NA	NA	Success
A0A1D2MYS0	A0A1D2MYS0	A0A1D2MYS0_ORCCI	Diacylglycerol O-acyltransferase	NA	Orchesella cincta	GO:0005886;GO:0008374;GO:0019432	C:plasma membrane;F:O-acyltransferase activity;P:triglyceride biosynthetic process	IEA:TreeGrafter;IEA:InterPro;IEA:TreeGrafter	Success
A0A1D2N903	A0A1D2N903	A0A1D2N903_ORCCI	Splicing factor U2AF subunit	NA	Orchesella cincta	GO:0005634;GO:0003723;GO:0006397;GO:0008380	C:nucleus;F:RNA binding;P:mRNA processing;P:RNA splicing	IEA:UniProtKB-SubCell;IEA:UniProtKB-UniRule;IEA:UniProtKB-KW;IEA:UniProtKB-KW	Success
A0A1D2N903	A0A1D2N903	A0A1D2N903_ORCCI	Splicing factor U2AF subunit	NA	Orchesella cincta	GO:0005634;GO:0003723;GO:0006397;GO:0008380	C:nucleus;F:RNA binding;P:mRNA processing;P:RNA splicing	IEA:UniProtKB-SubCell;IEA:UniProtKB-UniRule;IEA:UniProtKB-KW;IEA:UniProtKB-KW	Success
A0A1D2MEI8	A0A1D2MEI8	A0A1D2MEI8_ORCCI	RING-type domain-containing protein	NA	Orchesella cincta	GO:0012505;GO:0061630;GO:0008270;GO:0043161	C:endomembrane system;F:ubiquitin protein ligase activity;F:zinc ion binding;P:proteasome-mediated ubiquitin-dependent protein catabolic process	IEA:TreeGrafter;IEA:TreeGrafter;IEA:UniProtKB-KW;IEA:TreeGrafter	Success
A0A1D2MQ97	A0A1D2MQ97	A0A1D2MQ97_ORCCI	Protein dachsous	NA	Orchesella cincta	GO:0005911;GO:0005886;GO:0005509;GO:0007156	C:cell-cell junction;C:plasma membrane;F:calcium ion binding;P:homophilic cell adhesion via plasma membrane adhesion molecules	IEA:TreeGrafter;IEA:InterPro;IEA:UniProtKB-UniRule;IEA:InterPro	Success
A0A1D2MPN0	A0A1D2MPN0	A0A1D2MPN0_ORCCI	Plasminogen activator inhibitor 2	NA	Orchesella cincta	GO:0005615;GO:0004867	C:extracellular space;F:serine-type endopeptidase inhibitor activity	IEA:InterPro;IEA:UniProtKB-KW	Success
A0A1D2NCD0	A0A1D2NCD0	A0A1D2NCD0_ORCCI	Longitudinals lacking protein-like	NA	Orchesella cincta	GO:0005634;GO:0016199;GO:0048813;GO:0008406;GO:0035167;GO:0007526;GO:0045476;GO:0007464;GO:0045467;GO:0006357	C:nucleus;P:axon midline choice point recognition;P:dendrite morphogenesis;P:gonad development;P:larval lymph gland hemopoiesis;P:larval somatic muscle development;P:nurse cell apoptotic process;P:R3/R4 cell fate commitment;P:R7 cell development;P:regulation of transcription by RNA polymerase II	IEA:TreeGrafter;IEA:UniProtKB-ARBA;IEA:UniProtKB-ARBA;IEA:UniProtKB-ARBA;IEA:UniProtKB-ARBA;IEA:UniProtKB-ARBA;IEA:UniProtKB-ARBA;IEA:UniProtKB-ARBA;IEA:UniProtKB-ARBA;IEA:TreeGrafter	Success
A0A1D2MCA4	A0A1D2MCA4	A0A1D2MCA4_ORCCI	Mannose-binding protein C	NA	Orchesella cincta	NA	NA	NA	Success
A0A1D2MUX5	A0A1D2MUX5	A0A1D2MUX5_ORCCI	Nucleobindin-1	NA	Orchesella cincta	GO:0012505;GO:0005793;GO:0070062;GO:0005509	C:endomembrane system;C:endoplasmic reticulum-Golgi intermediate compartment;C:extracellular exosome;F:calcium ion binding	IEA:UniProtKB-ARBA;IEA:TreeGrafter;IEA:TreeGrafter;IEA:InterPro	Success
A0A1D2MU13	A0A1D2MU13	A0A1D2MU13_ORCCI	Uncharacterized protein	NA	Orchesella cincta	NA	NA	NA	Success
A0A1D2MG10	A0A1D2MG10	A0A1D2MG10_ORCCI	Serine protease nudel	NA	Orchesella cincta	GO:0004252;GO:0006508	F:serine-type endopeptidase activity;P:proteolysis	IEA:InterPro;IEA:UniProtKB-KW	Success
A0A1D2N2M5	A0A1D2N2M5	A0A1D2N2M5_ORCCI	Putative nuclease HARBI1	NA	Orchesella cincta	GO:0005737;GO:0005634;GO:0046872;GO:0004518	C:cytoplasm;C:nucleus;F:metal ion binding;F:nuclease activity	IEA:UniProtKB-SubCell;IEA:UniProtKB-SubCell;IEA:UniProtKB-KW;IEA:UniProtKB-KW	Success
A0A1D2MZV6	A0A1D2MZV6	A0A1D2MZV6_ORCCI	Uncharacterized protein	NA	Orchesella cincta	NA	NA	NA	Success
A0A1D2NMV9	A0A1D2NMV9	A0A1D2NMV9_ORCCI	Protein LSM12	NA	Orchesella cincta	NA	NA	NA	Success
A0A1D2NMT6	A0A1D2NMT6	A0A1D2NMT6_ORCCI	Putative splicing factor, arginine/serine-rich 7	NA	Orchesella cincta	GO:0005654;GO:0003723	C:nucleoplasm;F:RNA binding	IEA:TreeGrafter;IEA:UniProtKB-UniRule	Success
A0A1D2NMV2	A0A1D2NMV2	A0A1D2NMV2_ORCCI	Beta-centractin	NA	Orchesella cincta	GO:0005737;GO:0005856	C:cytoplasm;C:cytoskeleton	IEA:UniProtKB-SubCell;IEA:UniProtKB-KW	Success
A0A1D2NMV3	A0A1D2NMV3	A0A1D2NMV3_ORCCI	Mannosyl-oligosaccharide glucosidase	NA	Orchesella cincta	GO:0005789;GO:0004573;GO:0009311;GO:0006487	C:endoplasmic reticulum membrane;F:Glc3Man9GlcNAc2 oligosaccharide glucosidase activity;P:oligosaccharide metabolic process;P:protein N-linked glycosylation	IEA:UniProtKB-SubCell;IEA:UniProtKB-UniRule;IEA:UniProtKB-UniRule;IEA:UniProtKB-UniRule	Success
A0A1D2MMP5	A0A1D2MMP5	A0A1D2MMP5_ORCCI	SAGA-associated factor 11	NA	Orchesella cincta	GO:0071819;GO:0000124;GO:0003713;GO:0008270;GO:0006325;GO:0006357	C:DUBm complex;C:SAGA complex;F:transcription coactivator activity;F:zinc ion binding;P:chromatin organization;P:regulation of transcription by RNA polymerase II	IEA:TreeGrafter;IEA:TreeGrafter;IEA:TreeGrafter;IEA:UniProtKB-KW;IEA:UniProtKB-KW;IEA:TreeGrafter	Success
A0A1D2NMV5	A0A1D2NMV5	A0A1D2NMV5_ORCCI	Dopamine receptor 1	NA	Orchesella cincta	GO:0005886;GO:0004989;GO:0071880;GO:0043410	C:plasma membrane;F:octopamine receptor activity;P:adenylate cyclase-activating adrenergic receptor signaling pathway;P:positive regulation of MAPK cascade	IEA:UniProtKB-SubCell;IEA:TreeGrafter;IEA:TreeGrafter;IEA:TreeGrafter	Success
A0A1D2NMX7	A0A1D2NMX7	A0A1D2NMX7_ORCCI	Serine/threonine-protein kinase 32B	NA	Orchesella cincta	GO:0005524;GO:0001664;GO:0004703;GO:0007186;GO:0009966	F:ATP binding;F:G protein-coupled receptor binding;F:G protein-coupled receptor kinase activity;P:G protein-coupled receptor signaling pathway;P:regulation of signal transduction	IEA:UniProtKB-KW;IEA:TreeGrafter;IEA:TreeGrafter;IEA:TreeGrafter;IEA:TreeGrafter	Success
A0A1D2MCP3	A0A1D2MCP3	A0A1D2MCP3_ORCCI	Larval/pupal cuticle protein H1C	NA	Orchesella cincta	NA	NA	NA	Success
A0A1D2NN13	A0A1D2NN13	A0A1D2NN13_ORCCI	lysoplasmalogenase	NA	Orchesella cincta	GO:0016020;GO:0016787	C:membrane;F:hydrolase activity	IEA:UniProtKB-SubCell;IEA:TreeGrafter	Success
A0A1D2MCP3	A0A1D2MCP3	A0A1D2MCP3_ORCCI	Larval/pupal cuticle protein H1C	NA	Orchesella cincta	NA	NA	NA	Success
A0A1D2N0C3	A0A1D2N0C3	A0A1D2N0C3_ORCCI	Lovastatin diketide synthase LovF	NA	Orchesella cincta	GO:0004315;GO:0016491;GO:0031177;GO:0006633	F:3-oxoacyl-[acyl-carrier-protein] synthase activity;F:oxidoreductase activity;F:phosphopantetheine binding;P:fatty acid biosynthetic process	IEA:InterPro;IEA:InterPro;IEA:InterPro;IEA:UniProtKB-UniPathway	Success
A0A1D2NNF0	A0A1D2NNF0	A0A1D2NNF0_ORCCI	Epidermal growth factor receptor kinase substrate 8	NA	Orchesella cincta	GO:0005886;GO:0003779;GO:0016301;GO:0035023;GO:0007266	C:plasma membrane;F:actin binding;F:kinase activity;P:regulation of Rho protein signal transduction;P:Rho protein signal transduction	IEA:TreeGrafter;IEA:TreeGrafter;IEA:UniProtKB-KW;IEA:TreeGrafter;IEA:TreeGrafter	Success
A0A1D2NNT7	A0A1D2NNT7	A0A1D2NNT7_ORCCI	Epidermal growth factor receptor kinase substrate 8-like protein 2	NA	Orchesella cincta	GO:0005886;GO:0003779;GO:0016301;GO:0035023;GO:0007266	C:plasma membrane;F:actin binding;F:kinase activity;P:regulation of Rho protein signal transduction;P:Rho protein signal transduction	IEA:TreeGrafter;IEA:TreeGrafter;IEA:UniProtKB-KW;IEA:TreeGrafter;IEA:TreeGrafter	Success
A0A1D2NNT7	A0A1D2NNT7	A0A1D2NNT7_ORCCI	Epidermal growth factor receptor kinase substrate 8-like protein 2	NA	Orchesella cincta	GO:0005886;GO:0003779;GO:0016301;GO:0035023;GO:0007266	C:plasma membrane;F:actin binding;F:kinase activity;P:regulation of Rho protein signal transduction;P:Rho protein signal transduction	IEA:TreeGrafter;IEA:TreeGrafter;IEA:UniProtKB-KW;IEA:TreeGrafter;IEA:TreeGrafter	Success
A0A1D2NMU9	A0A1D2NMU9	A0A1D2NMU9_ORCCI	Ankyrin repeat, SAM and basic leucine zipper domain-containing protein 1	NA	Orchesella cincta	GO:0005634	C:nucleus	IEA:TreeGrafter	Success
A0A1D2N4W8	A0A1D2N4W8	A0A1D2N4W8_ORCCI	TWiK family of potassium channels protein 18	NA	Orchesella cincta	GO:0005886;GO:0015271;GO:0022841;GO:0030322	C:plasma membrane;F:outward rectifier potassium channel activity;F:potassium ion leak channel activity;P:stabilization of membrane potential	IEA:TreeGrafter;IEA:TreeGrafter;IEA:TreeGrafter;IEA:TreeGrafter	Success
A0A1D2NJH9	A0A1D2NJH9	A0A1D2NJH9_ORCCI	Collagen alpha-2(I) chain	NA	Orchesella cincta	GO:0005587;GO:0005615;GO:0030020;GO:0046872;GO:0030198	C:collagen type IV trimer;C:extracellular space;F:extracellular matrix structural constituent conferring tensile strength;F:metal ion binding;P:extracellular matrix organization	IEA:TreeGrafter;IEA:TreeGrafter;IEA:TreeGrafter;IEA:UniProtKB-KW;IEA:TreeGrafter	Success
A0A1D2MYX6	A0A1D2MYX6	A0A1D2MYX6_ORCCI	Troponin T	NA	Orchesella cincta	GO:0005861;GO:0005523;GO:0006936;GO:0006937;GO:0045214	C:troponin complex;F:tropomyosin binding;P:muscle contraction;P:regulation of muscle contraction;P:sarcomere organization	IEA:InterPro;IEA:TreeGrafter;IEA:TreeGrafter;IEA:InterPro;IEA:TreeGrafter	Success
A0A1D2MYB2	A0A1D2MYB2	A0A1D2MYB2_ORCCI	Pro-resilin	NA	Orchesella cincta	GO:0031012;GO:0005615;GO:0042302	C:extracellular matrix;C:extracellular space;F:structural constituent of cuticle	IEA:TreeGrafter;IEA:TreeGrafter;IEA:UniProtKB-UniRule	Success
A0A1D2MHF7	A0A1D2MHF7	A0A1D2MHF7_ORCCI	Protein Hikeshi	NA	Orchesella cincta	GO:0005829;GO:0005634;GO:0030544;GO:0061608;GO:0006606	C:cytosol;C:nucleus;F:Hsp70 protein binding;F:nuclear import signal receptor activity;P:protein import into nucleus	IEA:TreeGrafter;IEA:TreeGrafter;IEA:TreeGrafter;IEA:TreeGrafter;IEA:TreeGrafter	Success
A0A1D2N0C8	A0A1D2N0C8	A0A1D2N0C8_ORCCI	LYR motif-containing protein 5	NA	Orchesella cincta	GO:0005739;GO:0090324;GO:0022904	C:mitochondrion;P:negative regulation of oxidative phosphorylation;P:respiratory electron transport chain	IEA:TreeGrafter;IEA:InterPro;IEA:TreeGrafter	Success
A0A1D2MUZ5	A0A1D2MUZ5	A0A1D2MUZ5_ORCCI	Protein SZT2	NA	Orchesella cincta	GO:0005777	C:peroxisome	IEA:InterPro	Success
A0A1D2MUZ5	A0A1D2MUZ5	A0A1D2MUZ5_ORCCI	Protein SZT2	NA	Orchesella cincta	GO:0005777	C:peroxisome	IEA:InterPro	Success
A0A1D2MMD4	A0A1D2MMD4	A0A1D2MMD4_ORCCI	Slit 2 protein	NA	Orchesella cincta	GO:0005886	C:plasma membrane	IEA:TreeGrafter	Success
A0A1D2MQG2	A0A1D2MQG2	A0A1D2MQG2_ORCCI	F-box domain-containing protein	NA	Orchesella cincta	GO:0019005;GO:0031146	C:SCF ubiquitin ligase complex;P:SCF-dependent proteasomal ubiquitin-dependent protein catabolic process	IEA:TreeGrafter;IEA:TreeGrafter	Success
A0A1D2MA41	A0A1D2MA41	A0A1D2MA41_ORCCI	DENN domain-containing protein 5B	NA	Orchesella cincta	GO:0005085;GO:0031267	F:guanyl-nucleotide exchange factor activity;F:small GTPase binding	IEA:InterPro;IEA:InterPro	Success
A0A1D2MA94	A0A1D2MA94	A0A1D2MA94_ORCCI	DENN domain-containing protein 5A	NA	Orchesella cincta	GO:0005085;GO:0031267	F:guanyl-nucleotide exchange factor activity;F:small GTPase binding	IEA:InterPro;IEA:InterPro	Success
A0A1D2MJA6	A0A1D2MJA6	A0A1D2MJA6_ORCCI	Gustatory receptor	NA	Orchesella cincta	GO:0016020;GO:0038023;GO:0051606;GO:0007606	C:membrane;F:signaling receptor activity;P:detection of stimulus;P:sensory perception of chemical stimulus	IEA:UniProtKB-SubCell;IEA:UniProtKB-ARBA;IEA:UniProtKB-ARBA;IEA:TreeGrafter	Success
A0A1D2NDB1	A0A1D2NDB1	A0A1D2NDB1_ORCCI	Uncharacterized protein	NA	Orchesella cincta	NA	NA	NA	Success
A0A1D2NDA4	A0A1D2NDA4	A0A1D2NDA4_ORCCI	protein O-GlcNAc transferase	NA	Orchesella cincta	GO:0097363;GO:0006493	F:protein O-acetylglucosaminyltransferase activity;P:protein O-linked glycosylation	IEA:UniProtKB-EC;IEA:InterPro	Success
A0A1D2NDA4	A0A1D2NDA4	A0A1D2NDA4_ORCCI	protein O-GlcNAc transferase	NA	Orchesella cincta	GO:0097363;GO:0006493	F:protein O-acetylglucosaminyltransferase activity;P:protein O-linked glycosylation	IEA:UniProtKB-EC;IEA:InterPro	Success
A0A1D2NE53	A0A1D2NE53	A0A1D2NE53_ORCCI	Cyclic nucleotide-gated cation channel subunit A	NA	Orchesella cincta	GO:0017071;GO:0005886;GO:0030553;GO:0005222;GO:0005223;GO:0044877	C:intracellular cyclic nucleotide activated cation channel complex;C:plasma membrane;F:cGMP binding;F:intracellularly cAMP-activated cation channel activity;F:intracellularly cGMP-activated cation channel activity;F:protein-containing complex binding	IEA:TreeGrafter;IEA:TreeGrafter;IEA:TreeGrafter;IEA:TreeGrafter;IEA:TreeGrafter;IEA:TreeGrafter	Success
A0A1D2NDE0	A0A1D2NDE0	A0A1D2NDE0_ORCCI	Waprin-Phi1	NA	Orchesella cincta	GO:0005576;GO:0004867	C:extracellular region;F:serine-type endopeptidase inhibitor activity	IEA:UniProtKB-SubCell;IEA:UniProtKB-UniRule	Success
A0A1D2NDB0	A0A1D2NDB0	A0A1D2NDB0_ORCCI	Pacifastin domain-containing protein	NA	Orchesella cincta	NA	NA	NA	Success
A0A1D2NDE5	A0A1D2NDE5	A0A1D2NDE5_ORCCI	Anosmin-1	NA	Orchesella cincta	GO:0005576;GO:0016020;GO:0030414	C:extracellular region;C:membrane;F:peptidase inhibitor activity	IEA:InterPro;IEA:UniProtKB-KW;IEA:InterPro	Success
A0A1D2NDC4	A0A1D2NDC4	A0A1D2NDC4_ORCCI	Arf-GAP with Rho-GAP domain, ANK repeat and PH domain-containing protein 2	NA	Orchesella cincta	GO:0071944;GO:0005737;GO:0005547;GO:0007165	C:cell periphery;C:cytoplasm;F:phosphatidylinositol-3,4,5-trisphosphate binding;P:signal transduction	IEA:UniProtKB-ARBA;IEA:TreeGrafter;IEA:TreeGrafter;IEA:InterPro	Success
A0A1D2NNR2	A0A1D2NNR2	A0A1D2NNR2_ORCCI	SH3 and multiple ankyrin repeat domains protein 3	NA	Orchesella cincta	GO:0043197;GO:0014069;GO:0045211;GO:0035255;GO:0030160	C:dendritic spine;C:postsynaptic density;C:postsynaptic membrane;F:ionotropic glutamate receptor binding;F:synaptic receptor adaptor activity	IEA:TreeGrafter;IEA:UniProtKB-SubCell;IEA:TreeGrafter;IEA:TreeGrafter;IEA:TreeGrafter	Success
A0A1D2NMW8	A0A1D2NMW8	A0A1D2NMW8_ORCCI	N-acetylgalactosamine kinase	NA	Orchesella cincta	GO:0005829;GO:0005524;GO:0004335;GO:0006012	C:cytosol;F:ATP binding;F:galactokinase activity;P:galactose metabolic process	IEA:TreeGrafter;IEA:UniProtKB-KW;IEA:InterPro;IEA:InterPro	Success
A0A1D2NMU6	A0A1D2NMU6	A0A1D2NMU6_ORCCI	phospholipase D	NA	Orchesella cincta	GO:0043231;GO:0004630;GO:0009395;GO:0060627	C:intracellular membrane-bounded organelle;F:phospholipase D activity;P:phospholipid catabolic process;P:regulation of vesicle-mediated transport	IEA:TreeGrafter;IEA:UniProtKB-EC;IEA:TreeGrafter;IEA:TreeGrafter	Success
A0A1D2N4Y7	A0A1D2N4Y7	A0A1D2N4Y7_ORCCI	Mitochondrial ornithine transporter 1	NA	Orchesella cincta	GO:0031966;GO:0000064;GO:1990575	C:mitochondrial membrane;F:L-ornithine transmembrane transporter activity;P:mitochondrial L-ornithine transmembrane transport	IEA:UniProtKB-SubCell;IEA:TreeGrafter;IEA:TreeGrafter	Success
A0A1D2MKW3	A0A1D2MKW3	A0A1D2MKW3_ORCCI	Medium-chain acyl-CoA ligase ACSF2, mitochondrial	NA	Orchesella cincta	GO:0031956;GO:0006631	F:medium-chain fatty acid-CoA ligase activity;P:fatty acid metabolic process	IEA:TreeGrafter;IEA:TreeGrafter	Success
A0A1D2M3I4	A0A1D2M3I4	A0A1D2M3I4_ORCCI	TBC1 domain family member 1	NA	Orchesella cincta	NA	NA	NA	Success
A0A1D2MW05	A0A1D2MW05	A0A1D2MW05_ORCCI	Uncharacterized protein	NA	Orchesella cincta	GO:0016020	C:membrane	IEA:UniProtKB-KW	Success
A0A1D2MW19	A0A1D2MW19	A0A1D2MW19_ORCCI	Uncharacterized protein	NA	Orchesella cincta	GO:0016020	C:membrane	IEA:UniProtKB-KW	Success
A0A1D2N1P6	A0A1D2N1P6	A0A1D2N1P6_ORCCI	alkaline phosphatase	NA	Orchesella cincta	GO:0016020;GO:0004035;GO:0046872	C:membrane;F:alkaline phosphatase activity;F:metal ion binding	IEA:UniProtKB-KW;IEA:UniProtKB-EC;IEA:UniProtKB-KW	Success
A0A1D2M3S8	A0A1D2M3S8	A0A1D2M3S8_ORCCI	DUF4806 domain-containing protein	NA	Orchesella cincta	NA	NA	NA	Success
A0A1D2M2T3	A0A1D2M2T3	A0A1D2M2T3_ORCCI	DUF4218 domain-containing protein	NA	Orchesella cincta	NA	NA	NA	Success
A0A1D2N1F3	A0A1D2N1F3	A0A1D2N1F3_ORCCI	Arfaptin-2	NA	Orchesella cincta	GO:0032588;GO:0005543;GO:0019904;GO:0006886;GO:0034315	C:trans-Golgi network membrane;F:phospholipid binding;F:protein domain specific binding;P:intracellular protein transport;P:regulation of Arp2/3 complex-mediated actin nucleation	IEA:TreeGrafter;IEA:TreeGrafter;IEA:InterPro;IEA:TreeGrafter;IEA:TreeGrafter	Success
A0A1D2N1L5	A0A1D2N1L5	A0A1D2N1L5_ORCCI	Peroxisomal biogenesis factor 3	NA	Orchesella cincta	GO:0005778;GO:0030674;GO:0045046	C:peroxisomal membrane;F:protein-macromolecule adaptor activity;P:protein import into peroxisome membrane	IEA:InterPro;IEA:TreeGrafter;IEA:TreeGrafter	Success
A0A1D2NDX5	A0A1D2NDX5	A0A1D2NDX5_ORCCI	Dopamine receptor 2	NA	Orchesella cincta	GO:0005886;GO:0004930;GO:0071880;GO:0043410	C:plasma membrane;F:G protein-coupled receptor activity;P:adenylate cyclase-activating adrenergic receptor signaling pathway;P:positive regulation of MAPK cascade	IEA:UniProtKB-SubCell;IEA:UniProtKB-KW;IEA:TreeGrafter;IEA:TreeGrafter	Success
A0A1D2NDJ2	A0A1D2NDJ2	A0A1D2NDJ2_ORCCI	HECT-type E3 ubiquitin transferase	NA	Orchesella cincta	GO:0061630;GO:0000209;GO:0009966	F:ubiquitin protein ligase activity;P:protein polyubiquitination;P:regulation of signal transduction	IEA:InterPro;IEA:InterPro;IEA:UniProtKB-ARBA	Success
A0A1D2ND30	A0A1D2ND30	A0A1D2ND30_ORCCI	Uncharacterized protein	NA	Orchesella cincta	NA	NA	NA	Success
A0A1D2MY13	A0A1D2MY13	A0A1D2MY13_ORCCI	GDP-Man:Man(3)GlcNAc(2)-PP-Dol alpha-1,2-mannosyltransferase	NA	Orchesella cincta	GO:0005789;GO:0004377;GO:0006487	C:endoplasmic reticulum membrane;F:GDP-Man:Man3GlcNAc2-PP-Dol alpha-1,2-mannosyltransferase activity;P:protein N-linked glycosylation	IEA:UniProtKB-SubCell;IEA:UniProtKB-UniRule;IEA:TreeGrafter	Success
A0A1D2MYF8	A0A1D2MYF8	A0A1D2MYF8_ORCCI	Cadherin-related tumor suppressor	NA	Orchesella cincta	GO:0016342;GO:0008013;GO:0045296;GO:0005509;GO:0016477;GO:0001736;GO:0007163;GO:0007156	C:catenin complex;F:beta-catenin binding;F:cadherin binding;F:calcium ion binding;P:cell migration;P:establishment of planar polarity;P:establishment or maintenance of cell polarity;P:homophilic cell adhesion via plasma membrane adhesion molecules	IEA:TreeGrafter;IEA:TreeGrafter;IEA:TreeGrafter;IEA:UniProtKB-UniRule;IEA:TreeGrafter;IEA:UniProtKB-ARBA;IEA:UniProtKB-ARBA;IEA:InterPro	Success
A0A1D2MTZ4	A0A1D2MTZ4	A0A1D2MTZ4_ORCCI	BTB and MATH domain-containing protein 42	NA	Orchesella cincta	NA	NA	NA	Success
A0A1D2M197	A0A1D2M197	A0A1D2M197_ORCCI	Protein PBDC1	NA	Orchesella cincta	GO:0005737	C:cytoplasm	IEA:TreeGrafter	Success
A0A1D2MXQ5	A0A1D2MXQ5	A0A1D2MXQ5_ORCCI	Uncharacterized protein	NA	Orchesella cincta	NA	NA	NA	Success
A0A1D2N2J8	A0A1D2N2J8	A0A1D2N2J8_ORCCI	protein-tyrosine-phosphatase	NA	Orchesella cincta	GO:0043232;GO:0004725	C:intracellular membraneless organelle;F:protein tyrosine phosphatase activity	IEA:UniProtKB-ARBA;IEA:UniProtKB-EC	Success
A0A1D2N1I1	A0A1D2N1I1	A0A1D2N1I1_ORCCI	Lysosomal dipeptide transporter MFSD1	NA	Orchesella cincta	GO:0005765;GO:0022857	C:lysosomal membrane;F:transmembrane transporter activity	IEA:UniProtKB-SubCell;IEA:InterPro	Success
A0A1D2MWJ7	A0A1D2MWJ7	A0A1D2MWJ7_ORCCI	Piwi-like protein 1	NA	Orchesella cincta	GO:0003723;GO:0034587	F:RNA binding;P:piRNA processing	IEA:InterPro;IEA:UniProtKB-ARBA	Success
A0A1D2NK21	A0A1D2NK21	A0A1D2NK21_ORCCI	Protein slit	NA	Orchesella cincta	GO:0005509;GO:0008201;GO:0048495;GO:0048513;GO:0007411	F:calcium ion binding;F:heparin binding;F:Roundabout binding;P:animal organ development;P:axon guidance	IEA:InterPro;IEA:TreeGrafter;IEA:TreeGrafter;IEA:UniProtKB-ARBA;IEA:TreeGrafter	Success
A0A1D2NK50	A0A1D2NK50	A0A1D2NK50_ORCCI	Uncharacterized protein	NA	Orchesella cincta	GO:0005576;GO:0005179	C:extracellular region;F:hormone activity	IEA:UniProtKB-SubCell;IEA:InterPro	Success
A0A1D2NK81	A0A1D2NK81	A0A1D2NK81_ORCCI	Homeobox protein Nkx-6.1	NA	Orchesella cincta	GO:0005634;GO:0000981;GO:0000978;GO:0030154	C:nucleus;F:DNA-binding transcription factor activity, RNA polymerase II-specific;F:RNA polymerase II cis-regulatory region sequence-specific DNA binding;P:cell differentiation	IEA:UniProtKB-SubCell;IEA:TreeGrafter;IEA:TreeGrafter;IEA:TreeGrafter	Success
A0A1D2NK21	A0A1D2NK21	A0A1D2NK21_ORCCI	Protein slit	NA	Orchesella cincta	GO:0005509;GO:0008201;GO:0048495;GO:0048513;GO:0007411	F:calcium ion binding;F:heparin binding;F:Roundabout binding;P:animal organ development;P:axon guidance	IEA:InterPro;IEA:TreeGrafter;IEA:TreeGrafter;IEA:UniProtKB-ARBA;IEA:TreeGrafter	Success
A0A1D2NK71	A0A1D2NK71	A0A1D2NK71_ORCCI	tRNA pseudouridine(55) synthase	NA	Orchesella cincta	GO:0005634;GO:0009982;GO:0003723;GO:1990481;GO:0006400	C:nucleus;F:pseudouridine synthase activity;F:RNA binding;P:mRNA pseudouridine synthesis;P:tRNA modification	IEA:TreeGrafter;IEA:InterPro;IEA:InterPro;IEA:TreeGrafter;IEA:TreeGrafter	Success
A0A1D2MCU8	A0A1D2MCU8	A0A1D2MCU8_ORCCI	Secreted protein	NA	Orchesella cincta	NA	NA	NA	Success
A0A1D2NKY5	A0A1D2NKY5	A0A1D2NKY5_ORCCI	Serine/threonine-protein phosphatase 2A 55 kDa regulatory subunit B	NA	Orchesella cincta	GO:0000159;GO:0019888	C:protein phosphatase type 2A complex;F:protein phosphatase regulator activity	IEA:UniProtKB-UniRule;IEA:InterPro	Success
A0A1D2NK79	A0A1D2NK79	A0A1D2NK79_ORCCI	Putative cytochrome P450 CYP44	NA	Orchesella cincta	GO:0020037;GO:0005506;GO:0004497;GO:0016705	F:heme binding;F:iron ion binding;F:monooxygenase activity;F:oxidoreductase activity, acting on paired donors, with incorporation or reduction of molecular oxygen	IEA:InterPro;IEA:InterPro;IEA:UniProtKB-KW;IEA:InterPro	Success
A0A1D2NK22	A0A1D2NK22	A0A1D2NK22_ORCCI	Protein unc-13 D	NA	Orchesella cincta	GO:0005770;GO:0099503;GO:0006887	C:late endosome;C:secretory vesicle;P:exocytosis	IEA:UniProtKB-SubCell;IEA:TreeGrafter;IEA:UniProtKB-KW	Success
A0A1D2NK72	A0A1D2NK72	A0A1D2NK72_ORCCI	Potassium voltage-gated channel protein Shal	NA	Orchesella cincta	NA	NA	NA	Success
A0A1D2NKK1	A0A1D2NKK1	A0A1D2NKK1_ORCCI	Potassium voltage-gated channel protein Shal	NA	Orchesella cincta	GO:0008076;GO:0005250;GO:0001508	C:voltage-gated potassium channel complex;F:A-type (transient outward) potassium channel activity;P:action potential	IEA:InterPro;IEA:TreeGrafter;IEA:TreeGrafter	Success
A0A1D2NK74	A0A1D2NK74	A0A1D2NK74_ORCCI	RNA exonuclease 4	NA	Orchesella cincta	GO:0005634;GO:0008408;GO:0003676;GO:0006364	C:nucleus;F:3'-5' exonuclease activity;F:nucleic acid binding;P:rRNA processing	IEA:UniProtKB-SubCell;IEA:InterPro;IEA:InterPro;IEA:InterPro	Success
A0A1D2NKA8	A0A1D2NKA8	A0A1D2NKA8_ORCCI	DNA-(apurinic or apyrimidinic site) endonuclease	NA	Orchesella cincta	GO:0005634;GO:0003906;GO:0008311;GO:0016829;GO:0008081;GO:0008270;GO:0006284	C:nucleus;F:DNA-(apurinic or apyrimidinic site) endonuclease activity;F:double-stranded DNA 3'-5' DNA exonuclease activity;F:lyase activity;F:phosphoric diester hydrolase activity;F:zinc ion binding;P:base-excision repair	IEA:TreeGrafter;IEA:TreeGrafter;IEA:TreeGrafter;IEA:UniProtKB-KW;IEA:TreeGrafter;IEA:UniProtKB-KW;IEA:TreeGrafter	Success
A0A1D2M779	A0A1D2M779	A0A1D2M779_ORCCI	Cytochrome P450 3A21	NA	Orchesella cincta	GO:0016020;GO:0020037;GO:0005506;GO:0016705;GO:0008395	C:membrane;F:heme binding;F:iron ion binding;F:oxidoreductase activity, acting on paired donors, with incorporation or reduction of molecular oxygen;F:steroid hydroxylase activity	IEA:UniProtKB-KW;IEA:InterPro;IEA:InterPro;IEA:InterPro;IEA:TreeGrafter	Success
A0A1D2MI34	A0A1D2MI34	A0A1D2MI34_ORCCI	E3 ubiquitin-protein ligase Siah2	NA	Orchesella cincta	GO:0005737;GO:0031624;GO:0061630;GO:0008270;GO:0043161	C:cytoplasm;F:ubiquitin conjugating enzyme binding;F:ubiquitin protein ligase activity;F:zinc ion binding;P:proteasome-mediated ubiquitin-dependent protein catabolic process	IEA:TreeGrafter;IEA:TreeGrafter;IEA:TreeGrafter;IEA:UniProtKB-KW;IEA:TreeGrafter	Success
A0A1D2N6G0	A0A1D2N6G0	A0A1D2N6G0_ORCCI	Exportin-7	NA	Orchesella cincta	GO:0005737;GO:0005643;GO:0005049;GO:0031267;GO:0006611	C:cytoplasm;C:nuclear pore;F:nuclear export signal receptor activity;F:small GTPase binding;P:protein export from nucleus	IEA:UniProtKB-SubCell;IEA:TreeGrafter;IEA:InterPro;IEA:InterPro;IEA:TreeGrafter	Success
A0A1D2N6K0	A0A1D2N6K0	A0A1D2N6K0_ORCCI	NOC3-like protein	NA	Orchesella cincta	GO:0005730;GO:0003682;GO:0006270	C:nucleolus;F:chromatin binding;P:DNA replication initiation	IEA:UniProtKB-SubCell;IEA:TreeGrafter;IEA:TreeGrafter	Success
A0A1D2MTS6	A0A1D2MTS6	A0A1D2MTS6_ORCCI	Platelet glycoprotein Ib alpha chain	NA	Orchesella cincta	GO:0030667;GO:0006887	C:secretory granule membrane;P:exocytosis	IEA:InterPro;IEA:InterPro	Success
A0A1D2MCJ8	A0A1D2MCJ8	A0A1D2MCJ8_ORCCI	Histone-lysine N-methyltransferase eggless	NA	Orchesella cincta	GO:0005694;GO:0005634;GO:0003677;GO:0046974;GO:0008270;GO:0070828;GO:0032259;GO:0010629	C:chromosome;C:nucleus;F:DNA binding;F:histone H3K9 methyltransferase activity;F:zinc ion binding;P:heterochromatin organization;P:methylation;P:negative regulation of gene expression	IEA:UniProtKB-SubCell;IEA:UniProtKB-SubCell;IEA:InterPro;IEA:UniProtKB-ARBA;IEA:InterPro;IEA:TreeGrafter;IEA:UniProtKB-KW;IEA:TreeGrafter	Success
A0A1D2N5J9	A0A1D2N5J9	A0A1D2N5J9_ORCCI	RING-type domain-containing protein	NA	Orchesella cincta	GO:0061630;GO:0008270;GO:0016567	F:ubiquitin protein ligase activity;F:zinc ion binding;P:protein ubiquitination	IEA:TreeGrafter;IEA:UniProtKB-KW;IEA:TreeGrafter	Success
A0A1D2M1H4	A0A1D2M1H4	A0A1D2M1H4_ORCCI	Protein maternal effect lethal 26	NA	Orchesella cincta	NA	NA	NA	Success
A0A1D2ND35	A0A1D2ND35	A0A1D2ND35_ORCCI	Coiled-coil domain-containing protein 186	NA	Orchesella cincta	GO:0005802;GO:0031267;GO:0099518	C:trans-Golgi network;F:small GTPase binding;P:vesicle cytoskeletal trafficking	IEA:TreeGrafter;IEA:TreeGrafter;IEA:TreeGrafter	Success
A0A1D2ND40	A0A1D2ND40	A0A1D2ND40_ORCCI	Dihydropyrimidine dehydrogenase [NADP(+)]	NA	Orchesella cincta	GO:0005829;GO:0051539;GO:0004152;GO:0017113;GO:0046872;GO:0050661;GO:0002058;GO:0006207;GO:0044205;GO:0019483;GO:0006210;GO:0006212	C:cytosol;F:4 iron, 4 sulfur cluster binding;F:dihydroorotate dehydrogenase activity;F:dihydropyrimidine dehydrogenase (NADP+) activity;F:metal ion binding;F:NADP binding;F:uracil binding;P:'de novo' pyrimidine nucleobase biosynthetic process;P:'de novo' UMP biosynthetic process;P:beta-alanine biosynthetic process;P:thymine catabolic process;P:uracil catabolic process	IEA:TreeGrafter;IEA:UniProtKB-KW;IEA:UniProtKB-ARBA;IEA:UniProtKB-EC;IEA:UniProtKB-KW;IEA:TreeGrafter;IEA:TreeGrafter;IEA:InterPro;IEA:UniProtKB-UniPathway;IEA:UniProtKB-UniPathway;IEA:TreeGrafter;IEA:TreeGrafter	Success
A0A1D2MRL6	A0A1D2MRL6	A0A1D2MRL6_ORCCI	Cyclin-dependent kinase 12	NA	Orchesella cincta	GO:0008024;GO:0005524;GO:0030332;GO:0008353;GO:0032968	C:cyclin/CDK positive transcription elongation factor complex;F:ATP binding;F:cyclin binding;F:RNA polymerase II CTD heptapeptide repeat kinase activity;P:positive regulation of transcription elongation by RNA polymerase II	IEA:TreeGrafter;IEA:UniProtKB-UniRule;IEA:TreeGrafter;IEA:TreeGrafter;IEA:TreeGrafter	Success
A0A1D2ND26	A0A1D2ND26	A0A1D2ND26_ORCCI	poly(A)-specific ribonuclease	NA	Orchesella cincta	GO:0030014;GO:0005737;GO:0005634;GO:0003676;GO:0004535	C:CCR4-NOT complex;C:cytoplasm;C:nucleus;F:nucleic acid binding;F:poly(A)-specific ribonuclease activity	IEA:InterPro;IEA:UniProtKB-SubCell;IEA:UniProtKB-SubCell;IEA:InterPro;IEA:UniProtKB-EC	Success
A0A1D2NDI4	A0A1D2NDI4	A0A1D2NDI4_ORCCI	Chromatin complexes subunit BAP18	NA	Orchesella cincta	GO:0071339;GO:0016589	C:MLL1 complex;C:NURF complex	IEA:TreeGrafter;IEA:TreeGrafter	Success
A0A1D2MSC2	A0A1D2MSC2	A0A1D2MSC2_ORCCI	RNA exonuclease 1	NA	Orchesella cincta	GO:0005634;GO:0004527;GO:0003676	C:nucleus;F:exonuclease activity;F:nucleic acid binding	IEA:UniProtKB-SubCell;IEA:UniProtKB-KW;IEA:InterPro	Success
A0A1D2MSF3	A0A1D2MSF3	A0A1D2MSF3_ORCCI	Heparan-sulfate 6-O-sulfotransferase	NA	Orchesella cincta	GO:0016020;GO:0017095	C:membrane;F:heparan sulfate 6-sulfotransferase activity	IEA:UniProtKB-SubCell;IEA:TreeGrafter	Success
A0A1D2MSE6	A0A1D2MSE6	A0A1D2MSE6_ORCCI	Phosphatidylinositol transfer protein alpha isoform	NA	Orchesella cincta	GO:0005737;GO:0031210;GO:0008525;GO:0035091;GO:0008526	C:cytoplasm;F:phosphatidylcholine binding;F:phosphatidylcholine transporter activity;F:phosphatidylinositol binding;F:phosphatidylinositol transfer activity	IEA:TreeGrafter;IEA:TreeGrafter;IEA:TreeGrafter;IEA:TreeGrafter;IEA:TreeGrafter	Success
A0A1D2MSD6	A0A1D2MSD6	A0A1D2MSD6_ORCCI	Protein CUSTOS	NA	Orchesella cincta	GO:0005635;GO:0016055	C:nuclear envelope;P:Wnt signaling pathway	IEA:UniProtKB-SubCell;IEA:UniProtKB-KW	Success
A0A1D2MS60	A0A1D2MS60	A0A1D2MS60_ORCCI	YY1-associated factor 2	NA	Orchesella cincta	GO:0005634;GO:0003677;GO:0003712;GO:0008270;GO:0045893	C:nucleus;F:DNA binding;F:transcription coregulator activity;F:zinc ion binding;P:positive regulation of DNA-templated transcription	IEA:UniProtKB-SubCell;IEA:TreeGrafter;IEA:TreeGrafter;IEA:UniProtKB-KW;IEA:InterPro	Success
A0A1D2MT12	A0A1D2MT12	A0A1D2MT12_ORCCI	Calcium-dependent secretion activator	NA	Orchesella cincta	GO:0030659;GO:0098793;GO:0008289;GO:1990504;GO:0015031;GO:0016079	C:cytoplasmic vesicle membrane;C:presynapse;F:lipid binding;P:dense core granule exocytosis;P:protein transport;P:synaptic vesicle exocytosis	IEA:UniProtKB-SubCell;IEA:GOC;IEA:UniProtKB-KW;IEA:InterPro;IEA:UniProtKB-KW;IEA:InterPro	Success
A0A1D2MSP4	A0A1D2MSP4	A0A1D2MSP4_ORCCI	Double-strand-break repair protein rad21	NA	Orchesella cincta	NA	NA	NA	Success
A0A1D2MZV6	A0A1D2MZV6	A0A1D2MZV6_ORCCI	Uncharacterized protein	NA	Orchesella cincta	NA	NA	NA	Success
A0A1D2MSB5	A0A1D2MSB5	A0A1D2MSB5_ORCCI	procollagen-proline 4-dioxygenase	NA	Orchesella cincta	GO:0005788;GO:0005506;GO:0031418;GO:0004656	C:endoplasmic reticulum lumen;F:iron ion binding;F:L-ascorbic acid binding;F:procollagen-proline 4-dioxygenase activity	IEA:UniProtKB-SubCell;IEA:InterPro;IEA:UniProtKB-KW;IEA:UniProtKB-EC	Success
A0A1D2ND18	A0A1D2ND18	A0A1D2ND18_ORCCI	Proto-oncogene tyrosine-protein kinase receptor Ret	NA	Orchesella cincta	GO:0005886;GO:0043235;GO:0005524;GO:0004714;GO:0007169	C:plasma membrane;C:receptor complex;F:ATP binding;F:transmembrane receptor protein tyrosine kinase activity;P:cell surface receptor protein tyrosine kinase signaling pathway	IEA:TreeGrafter;IEA:TreeGrafter;IEA:UniProtKB-UniRule;IEA:TreeGrafter;IEA:TreeGrafter	Success
A0A1D2NDC7	A0A1D2NDC7	A0A1D2NDC7_ORCCI	Uncharacterized protein	NA	Orchesella cincta	NA	NA	NA	Success
A0A1D2N1L5	A0A1D2N1L5	A0A1D2N1L5_ORCCI	Peroxisomal biogenesis factor 3	NA	Orchesella cincta	GO:0005778;GO:0030674;GO:0045046	C:peroxisomal membrane;F:protein-macromolecule adaptor activity;P:protein import into peroxisome membrane	IEA:InterPro;IEA:TreeGrafter;IEA:TreeGrafter	Success
A0A1D2N1N0	A0A1D2N1N0	A0A1D2N1N0_ORCCI	Store-operated calcium entry-associated regulatory factor	NA	Orchesella cincta	GO:0005789;GO:0006816;GO:2001256	C:endoplasmic reticulum membrane;P:calcium ion transport;P:regulation of store-operated calcium entry	IEA:UniProtKB-SubCell;IEA:UniProtKB-KW;IEA:InterPro	Success
A0A1D2N0X7	A0A1D2N0X7	A0A1D2N0X7_ORCCI	MFS-type transporter SLC18B1	NA	Orchesella cincta	GO:0016020;GO:0022857	C:membrane;F:transmembrane transporter activity	IEA:UniProtKB-SubCell;IEA:InterPro	Success
A0A1D2M6U4	A0A1D2M6U4	A0A1D2M6U4_ORCCI	DNA replication complex GINS protein PSF2	NA	Orchesella cincta	GO:0000811;GO:0006260;GO:0000727	C:GINS complex;P:DNA replication;P:double-strand break repair via break-induced replication	IEA:TreeGrafter;IEA:UniProtKB-KW;IEA:TreeGrafter	Success
A0A1D2N220	A0A1D2N220	A0A1D2N220_ORCCI	Alpha-1,3-mannosyl-glycoprotein 2-beta-N-acetylglucosaminyltransferase	NA	Orchesella cincta	GO:0000139;GO:0003827;GO:0047223;GO:0030145;GO:0016266	C:Golgi membrane;F:alpha-1,3-mannosylglycoprotein 2-beta-N-acetylglucosaminyltransferase activity;F:beta-1,3-galactosyl-O-glycosyl-glycoprotein beta-1,3-N-acetylglucosaminyltransferase activity;F:manganese ion binding;P:O-glycan processing	IEA:UniProtKB-SubCell;IEA:UniProtKB-UniRule;IEA:TreeGrafter;IEA:UniProtKB-UniRule;IEA:TreeGrafter	Success
A0A1D2N6U9	A0A1D2N6U9	A0A1D2N6U9_ORCCI	Uncharacterized protein	NA	Orchesella cincta	GO:0016020	C:membrane	IEA:UniProtKB-KW	Success
A0A1D2N7D2	A0A1D2N7D2	A0A1D2N7D2_ORCCI	Dipeptidyl peptidase 9	NA	Orchesella cincta	GO:0008239;GO:0008236;GO:0006508	F:dipeptidyl-peptidase activity;F:serine-type peptidase activity;P:proteolysis	IEA:TreeGrafter;IEA:InterPro;IEA:InterPro	Success
A0A1D2N6T8	A0A1D2N6T8	A0A1D2N6T8_ORCCI	Pogo transposable element with ZNF domain	NA	Orchesella cincta	GO:0008270	F:zinc ion binding	IEA:UniProtKB-KW	Success
A0A1D2N6X3	A0A1D2N6X3	A0A1D2N6X3_ORCCI	Trypsin-1	NA	Orchesella cincta	GO:0004252;GO:0006508	F:serine-type endopeptidase activity;P:proteolysis	IEA:InterPro;IEA:InterPro	Success
A0A1D2N6T5	A0A1D2N6T5	A0A1D2N6T5_ORCCI	Serine proteinase stubble	NA	Orchesella cincta	GO:0004252;GO:0006508	F:serine-type endopeptidase activity;P:proteolysis	IEA:InterPro;IEA:InterPro	Success
A0A1D2N6U1	A0A1D2N6U1	A0A1D2N6U1_ORCCI	Krueppel-like factor 15	NA	Orchesella cincta	GO:0000981;GO:0000978;GO:0008270	F:DNA-binding transcription factor activity, RNA polymerase II-specific;F:RNA polymerase II cis-regulatory region sequence-specific DNA binding;F:zinc ion binding	IEA:TreeGrafter;IEA:TreeGrafter;IEA:UniProtKB-KW	Success
A0A1D2N6V4	A0A1D2N6V4	A0A1D2N6V4_ORCCI	Armadillo repeat-containing protein 10	NA	Orchesella cincta	GO:0031966	C:mitochondrial membrane	IEA:UniProtKB-SubCell	Success
A0A1D2MJK6	A0A1D2MJK6	A0A1D2MJK6_ORCCI	tRNA selenocysteine-associated protein 1	NA	Orchesella cincta	GO:0003723	F:RNA binding	IEA:UniProtKB-UniRule	Success
A0A1D2MJQ5	A0A1D2MJQ5	A0A1D2MJQ5_ORCCI	histone acetyltransferase	NA	Orchesella cincta	GO:0140672;GO:0005813;GO:0005634;GO:0043992;GO:0045944	C:ATAC complex;C:centrosome;C:nucleus;F:histone H3K9 acetyltransferase activity;P:positive regulation of transcription by RNA polymerase II	IEA:TreeGrafter;IEA:UniProtKB-SubCell;IEA:UniProtKB-SubCell;IEA:UniProtKB-ARBA;IEA:TreeGrafter	Success
A0A1D2NH66	A0A1D2NH66	A0A1D2NH66_ORCCI	Lysine-specific demethylase 6A	NA	Orchesella cincta	GO:0044666;GO:0031490;GO:0071558;GO:0046872;GO:0008168;GO:0000978;GO:0032259;GO:0010468	C:MLL3/4 complex;F:chromatin DNA binding;F:histone H3K27me2/H3K27me3 demethylase activity;F:metal ion binding;F:methyltransferase activity;F:RNA polymerase II cis-regulatory region sequence-specific DNA binding;P:methylation;P:regulation of gene expression	IEA:TreeGrafter;IEA:TreeGrafter;IEA:TreeGrafter;IEA:UniProtKB-KW;IEA:UniProtKB-KW;IEA:TreeGrafter;IEA:UniProtKB-KW;IEA:TreeGrafter	Success
A0A1D2N3W3	A0A1D2N3W3	A0A1D2N3W3_ORCCI	Neuropeptide F receptor	NA	Orchesella cincta	GO:0016020;GO:0004983	C:membrane;F:neuropeptide Y receptor activity	IEA:UniProtKB-SubCell;IEA:InterPro	Success
A0A1D2NHA7	A0A1D2NHA7	A0A1D2NHA7_ORCCI	Alkylglycerone-phosphate synthase	NA	Orchesella cincta	GO:0005777;GO:0008609;GO:0071949;GO:0008611	C:peroxisome;F:alkylglycerone-phosphate synthase activity;F:FAD binding;P:ether lipid biosynthetic process	IEA:UniProtKB-SubCell;IEA:UniProtKB-EC;IEA:InterPro;IEA:UniProtKB-UniPathway	Success
A0A1D2MKN0	A0A1D2MKN0	A0A1D2MKN0_ORCCI	Neuroserpin	NA	Orchesella cincta	GO:0005615;GO:0004867	C:extracellular space;F:serine-type endopeptidase inhibitor activity	IEA:InterPro;IEA:UniProtKB-KW	Success
A0A1D2MSN0	A0A1D2MSN0	A0A1D2MSN0_ORCCI	Putative RNA-binding protein EEED8.10	NA	Orchesella cincta	NA	NA	NA	Success
A0A1D2N4W0	A0A1D2N4W0	A0A1D2N4W0_ORCCI	Arginine/serine-rich coiled-coil protein 2	NA	Orchesella cincta	NA	NA	NA	Success
A0A1D2N4T4	A0A1D2N4T4	A0A1D2N4T4_ORCCI	Unconventional myosin-XVIIIa	NA	Orchesella cincta	NA	NA	NA	Success
A0A1D2N4S8	A0A1D2N4S8	A0A1D2N4S8_ORCCI	Microtubule-associated proteins 1A/1B light chain 3B	NA	Orchesella cincta	GO:0016020;GO:0006914	C:membrane;P:autophagy	IEA:UniProtKB-SubCell;IEA:UniProtKB-KW	Success
A0A1D2N4R6	A0A1D2N4R6	A0A1D2N4R6_ORCCI	Cell division control protein 45	NA	Orchesella cincta	GO:0031261;GO:0003682;GO:0003688;GO:0003697;GO:0051301;GO:0006270;GO:0000727;GO:1902977	C:DNA replication preinitiation complex;F:chromatin binding;F:DNA replication origin binding;F:single-stranded DNA binding;P:cell division;P:DNA replication initiation;P:double-strand break repair via break-induced replication;P:mitotic DNA replication preinitiation complex assembly	IEA:TreeGrafter;IEA:TreeGrafter;IEA:TreeGrafter;IEA:TreeGrafter;IEA:UniProtKB-KW;IEA:InterPro;IEA:TreeGrafter;IEA:TreeGrafter	Success
A0A1D2N4Y3	A0A1D2N4Y3	A0A1D2N4Y3_ORCCI	Zinc finger BED domain-containing protein 1	NA	Orchesella cincta	GO:0005634;GO:0003677;GO:0046983;GO:0008270;GO:0009791	C:nucleus;F:DNA binding;F:protein dimerization activity;F:zinc ion binding;P:post-embryonic development	IEA:UniProtKB-SubCell;IEA:UniProtKB-KW;IEA:InterPro;IEA:UniProtKB-KW;IEA:UniProtKB-ARBA	Success
A0A1D2N4V4	A0A1D2N4V4	A0A1D2N4V4_ORCCI	Coronin	NA	Orchesella cincta	GO:0051015;GO:0007015	F:actin filament binding;P:actin filament organization	IEA:TreeGrafter;IEA:TreeGrafter	Success
A0A1D2MWE2	A0A1D2MWE2	A0A1D2MWE2_ORCCI	E2 ubiquitin-conjugating enzyme	NA	Orchesella cincta	GO:0005524;GO:0016740	F:ATP binding;F:transferase activity	IEA:UniProtKB-UniRule;IEA:UniProtKB-KW	Success
A0A1D2MWP4	A0A1D2MWP4	A0A1D2MWP4_ORCCI	Transient receptor potential protein	NA	Orchesella cincta	GO:0034703;GO:0005886;GO:0070679;GO:0015279;GO:0051480	C:cation channel complex;C:plasma membrane;F:inositol 1,4,5 trisphosphate binding;F:store-operated calcium channel activity;P:regulation of cytosolic calcium ion concentration	IEA:TreeGrafter;IEA:TreeGrafter;IEA:TreeGrafter;IEA:TreeGrafter;IEA:TreeGrafter	Success
A0A1D2MWR8	A0A1D2MWR8	A0A1D2MWR8_ORCCI	Transient-receptor-potential-like protein	NA	Orchesella cincta	GO:0034703;GO:0005886;GO:0070679;GO:0015279;GO:0051480	C:cation channel complex;C:plasma membrane;F:inositol 1,4,5 trisphosphate binding;F:store-operated calcium channel activity;P:regulation of cytosolic calcium ion concentration	IEA:TreeGrafter;IEA:TreeGrafter;IEA:TreeGrafter;IEA:TreeGrafter;IEA:TreeGrafter	Success
A0A1D2M599	A0A1D2M599	A0A1D2M599_ORCCI	Protein argonaute-2	NA	Orchesella cincta	GO:0003723;GO:0034587	F:RNA binding;P:piRNA processing	IEA:InterPro;IEA:UniProtKB-ARBA	Success
A0A1D2NDT8	A0A1D2NDT8	A0A1D2NDT8_ORCCI	T-complex protein 1 subunit zeta	NA	Orchesella cincta	GO:0005737;GO:0005524;GO:0016887;GO:0140662;GO:0051082	C:cytoplasm;F:ATP binding;F:ATP hydrolysis activity;F:ATP-dependent protein folding chaperone;F:unfolded protein binding	IEA:UniProtKB-SubCell;IEA:UniProtKB-KW;IEA:InterPro;IEA:InterPro;IEA:InterPro	Success
A0A1D2N4V5	A0A1D2N4V5	A0A1D2N4V5_ORCCI	Ras-like protein family member 10B	NA	Orchesella cincta	GO:0005525;GO:0003924	F:GTP binding;F:GTPase activity	IEA:InterPro;IEA:InterPro	Success
A0A1D2NDS2	A0A1D2NDS2	A0A1D2NDS2_ORCCI	Fibrillin-1	NA	Orchesella cincta	GO:0005509	F:calcium ion binding	IEA:InterPro	Success
A0A1D2NDS2	A0A1D2NDS2	A0A1D2NDS2_ORCCI	Fibrillin-1	NA	Orchesella cincta	GO:0005509	F:calcium ion binding	IEA:InterPro	Success
A0A1D2NDS2	A0A1D2NDS2	A0A1D2NDS2_ORCCI	Fibrillin-1	NA	Orchesella cincta	GO:0005509	F:calcium ion binding	IEA:InterPro	Success
A0A1D2N4C5	A0A1D2N4C5	A0A1D2N4C5_ORCCI	Transmembrane protein	NA	Orchesella cincta	GO:0016020	C:membrane	IEA:UniProtKB-KW	Success
A0A1D2MZE6	A0A1D2MZE6	A0A1D2MZE6_ORCCI	TBC domain-containing protein kinase-like protein	NA	Orchesella cincta	GO:0005737;GO:0005524;GO:0004674;GO:0006914;GO:0010506	C:cytoplasm;F:ATP binding;F:protein serine/threonine kinase activity;P:autophagy;P:regulation of autophagy	IEA:TreeGrafter;IEA:InterPro;IEA:InterPro;IEA:UniProtKB-ARBA;IEA:InterPro	Success
A0A1D2MWQ8	A0A1D2MWQ8	A0A1D2MWQ8_ORCCI	Phospholipid-transporting ATPase	NA	Orchesella cincta	GO:0005886;GO:0005802;GO:0005524;GO:0016887;GO:0140326;GO:0000287;GO:0045332	C:plasma membrane;C:trans-Golgi network;F:ATP binding;F:ATP hydrolysis activity;F:ATPase-coupled intramembrane lipid transporter activity;F:magnesium ion binding;P:phospholipid translocation	IEA:TreeGrafter;IEA:TreeGrafter;IEA:UniProtKB-UniRule;IEA:InterPro;IEA:UniProtKB-EC;IEA:UniProtKB-UniRule;IEA:TreeGrafter	Success
A0A1D2N7C7	A0A1D2N7C7	A0A1D2N7C7_ORCCI	Transcription elongation regulator 1	NA	Orchesella cincta	GO:0005634;GO:0070063;GO:0003712	C:nucleus;F:RNA polymerase binding;F:transcription coregulator activity	IEA:TreeGrafter;IEA:InterPro;IEA:TreeGrafter	Success
A0A1D2N7C7	A0A1D2N7C7	A0A1D2N7C7_ORCCI	Transcription elongation regulator 1	NA	Orchesella cincta	GO:0005634;GO:0070063;GO:0003712	C:nucleus;F:RNA polymerase binding;F:transcription coregulator activity	IEA:TreeGrafter;IEA:InterPro;IEA:TreeGrafter	Success
A0A1D2N7D7	A0A1D2N7D7	A0A1D2N7D7_ORCCI	PRA1 family protein	NA	Orchesella cincta	GO:0016020	C:membrane	IEA:UniProtKB-SubCell	Success
A0A1D2N7C6	A0A1D2N7C6	A0A1D2N7C6_ORCCI	t-SNARE coiled-coil homology domain-containing protein	NA	Orchesella cincta	GO:0000139;GO:0015031	C:Golgi membrane;P:protein transport	IEA:UniProtKB-SubCell;IEA:UniProtKB-KW	Success
A0A1D2MHB6	A0A1D2MHB6	A0A1D2MHB6_ORCCI	Innexin	inx	Orchesella cincta	GO:0005921;GO:0005886;GO:0005243;GO:0034220;GO:0007602	C:gap junction;C:plasma membrane;F:gap junction channel activity;P:monoatomic ion transmembrane transport;P:phototransduction	IEA:UniProtKB-SubCell;IEA:UniProtKB-SubCell;IEA:TreeGrafter;IEA:UniProtKB-KW;IEA:TreeGrafter	Success
A0A1D2MRQ7	A0A1D2MRQ7	A0A1D2MRQ7_ORCCI	Cell cycle checkpoint protein RAD17	NA	Orchesella cincta	GO:0005634;GO:0005524;GO:0003682;GO:0003689;GO:0000077;GO:0006281;GO:0033314	C:nucleus;F:ATP binding;F:chromatin binding;F:DNA clamp loader activity;P:DNA damage checkpoint signaling;P:DNA repair;P:mitotic DNA replication checkpoint signaling	IEA:UniProtKB-SubCell;IEA:UniProtKB-KW;IEA:TreeGrafter;IEA:TreeGrafter;IEA:TreeGrafter;IEA:InterPro;IEA:TreeGrafter	Success
A0A1D2MR50	A0A1D2MR50	A0A1D2MR50_ORCCI	SRCR domain-containing protein	NA	Orchesella cincta	GO:0016020	C:membrane	IEA:UniProtKB-KW	Success
A0A1D2N6B4	A0A1D2N6B4	A0A1D2N6B4_ORCCI	1,4-alpha-glucan branching enzyme	NA	Orchesella cincta	GO:0005737;GO:0003844;GO:0043169;GO:0004553;GO:0005978	C:cytoplasm;F:1,4-alpha-glucan branching enzyme activity;F:cation binding;F:hydrolase activity, hydrolyzing O-glycosyl compounds;P:glycogen biosynthetic process	IEA:TreeGrafter;IEA:UniProtKB-EC;IEA:InterPro;IEA:InterPro;IEA:InterPro	Success
A0A1D2N607	A0A1D2N607	A0A1D2N607_ORCCI	Putative ribosome production factor 1	NA	Orchesella cincta	GO:0005730;GO:0030687;GO:0042134;GO:0000460;GO:0000470	C:nucleolus;C:preribosome, large subunit precursor;F:rRNA primary transcript binding;P:maturation of 5.8S rRNA;P:maturation of LSU-rRNA	IEA:TreeGrafter;IEA:TreeGrafter;IEA:InterPro;IEA:TreeGrafter;IEA:TreeGrafter	Success
A0A1D2N5H3	A0A1D2N5H3	A0A1D2N5H3_ORCCI	KN motif and ankyrin repeat domain-containing protein 1	NA	Orchesella cincta	GO:0005737;GO:0005856;GO:0030837	C:cytoplasm;C:cytoskeleton;P:negative regulation of actin filament polymerization	IEA:TreeGrafter;IEA:TreeGrafter;IEA:InterPro	Success
A0A1D2MR69	A0A1D2MR69	A0A1D2MR69_ORCCI	Transmembrane emp24 domain-containing protein 1	NA	Orchesella cincta	GO:0012505;GO:0016020	C:endomembrane system;C:membrane	IEA:UniProtKB-SubCell;IEA:UniProtKB-SubCell	Success
A0A1D2N846	A0A1D2N846	A0A1D2N846_ORCCI	Uncharacterized protein	NA	Orchesella cincta	NA	NA	NA	Success
A0A1D2MH45	A0A1D2MH45	A0A1D2MH45_ORCCI	Trehalase	NA	Orchesella cincta	GO:0004555;GO:0005993	F:alpha,alpha-trehalase activity;P:trehalose catabolic process	IEA:UniProtKB-EC;IEA:TreeGrafter	Success
A0A1D2MS33	A0A1D2MS33	A0A1D2MS33_ORCCI	DnaJ homolog subfamily C member 21	NA	Orchesella cincta	GO:0005737;GO:0003676;GO:0008270	C:cytoplasm;F:nucleic acid binding;F:zinc ion binding	IEA:TreeGrafter;IEA:InterPro;IEA:UniProtKB-KW	Success
A0A1D2MS33	A0A1D2MS33	A0A1D2MS33_ORCCI	DnaJ homolog subfamily C member 21	NA	Orchesella cincta	GO:0005737;GO:0003676;GO:0008270	C:cytoplasm;F:nucleic acid binding;F:zinc ion binding	IEA:TreeGrafter;IEA:InterPro;IEA:UniProtKB-KW	Success
A0A1D2MYF5	A0A1D2MYF5	A0A1D2MYF5_ORCCI	Autophagy-related protein 101	NA	Orchesella cincta	GO:1990316;GO:0000407;GO:0019901;GO:0000045	C:Atg1/ULK1 kinase complex;C:phagophore assembly site;F:protein kinase binding;P:autophagosome assembly	IEA:TreeGrafter;IEA:TreeGrafter;IEA:TreeGrafter;IEA:TreeGrafter	Success
A0A1D2NNM5	A0A1D2NNM5	A0A1D2NNM5_ORCCI	Membrane-associated guanylate kinase, WW and PDZ domain-containing protein 1	NA	Orchesella cincta	GO:0005737;GO:0016020;GO:0016301;GO:0007165	C:cytoplasm;C:membrane;F:kinase activity;P:signal transduction	IEA:TreeGrafter;IEA:UniProtKB-SubCell;IEA:UniProtKB-KW;IEA:TreeGrafter	Success
A0A1D2N4I1	A0A1D2N4I1	A0A1D2N4I1_ORCCI	UDP-N-acetylglucosamine transferase subunit ALG14	NA	Orchesella cincta	GO:0043541;GO:0004577;GO:0006488	C:UDP-N-acetylglucosamine transferase complex;F:N-acetylglucosaminyldiphosphodolichol N-acetylglucosaminyltransferase activity;P:dolichol-linked oligosaccharide biosynthetic process	IEA:TreeGrafter;IEA:TreeGrafter;IEA:InterPro	Success
A0A1D2NFX3	A0A1D2NFX3	A0A1D2NFX3_ORCCI	Vesicular glutamate transporter 2.1	NA	Orchesella cincta	GO:0060076;GO:0030672;GO:0005313;GO:0005326;GO:0098700;GO:0050803;GO:0035249	C:excitatory synapse;C:synaptic vesicle membrane;F:L-glutamate transmembrane transporter activity;F:neurotransmitter transmembrane transporter activity;P:neurotransmitter loading into synaptic vesicle;P:regulation of synapse structure or activity;P:synaptic transmission, glutamatergic	IEA:TreeGrafter;IEA:TreeGrafter;IEA:TreeGrafter;IEA:TreeGrafter;IEA:TreeGrafter;IEA:TreeGrafter;IEA:TreeGrafter	Success
A0A1D2MKQ9	A0A1D2MKQ9	A0A1D2MKQ9_ORCCI	Troponin T	NA	Orchesella cincta	GO:0005861;GO:0005523;GO:0006936;GO:0006937;GO:0045214	C:troponin complex;F:tropomyosin binding;P:muscle contraction;P:regulation of muscle contraction;P:sarcomere organization	IEA:InterPro;IEA:TreeGrafter;IEA:TreeGrafter;IEA:InterPro;IEA:TreeGrafter	Success
A0A1D2NHC6	A0A1D2NHC6	A0A1D2NHC6_ORCCI	Troponin C, isoform 1	NA	Orchesella cincta	GO:0016460;GO:0005509	C:myosin II complex;F:calcium ion binding	IEA:TreeGrafter;IEA:InterPro	Success
A0A1D2NMP4	A0A1D2NMP4	A0A1D2NMP4_ORCCI	HECT-type E3 ubiquitin transferase	NA	Orchesella cincta	GO:0005737;GO:0004842;GO:0008270;GO:0016567;GO:0009966	C:cytoplasm;F:ubiquitin-protein transferase activity;F:zinc ion binding;P:protein ubiquitination;P:regulation of signal transduction	IEA:UniProtKB-SubCell;IEA:InterPro;IEA:UniProtKB-KW;IEA:UniProtKB-UniPathway;IEA:UniProtKB-ARBA	Success
A0A1D2MJK6	A0A1D2MJK6	A0A1D2MJK6_ORCCI	tRNA selenocysteine-associated protein 1	NA	Orchesella cincta	GO:0003723	F:RNA binding	IEA:UniProtKB-UniRule	Success
A0A1D2MJK6	A0A1D2MJK6	A0A1D2MJK6_ORCCI	tRNA selenocysteine-associated protein 1	NA	Orchesella cincta	GO:0003723	F:RNA binding	IEA:UniProtKB-UniRule	Success
A0A1D2MMZ7	A0A1D2MMZ7	A0A1D2MMZ7_ORCCI	MOG interacting and ectopic P-granules protein 1	NA	Orchesella cincta	GO:0005634;GO:0008270;GO:0045944	C:nucleus;F:zinc ion binding;P:positive regulation of transcription by RNA polymerase II	IEA:TreeGrafter;IEA:UniProtKB-KW;IEA:TreeGrafter	Success
A0A1D2NF06	A0A1D2NF06	A0A1D2NF06_ORCCI	Myosuppressin	NA	Orchesella cincta	NA	NA	NA	Success
A0A1D2NEZ2	A0A1D2NEZ2	A0A1D2NEZ2_ORCCI	C2 domain-containing protein 5	NA	Orchesella cincta	GO:0005886;GO:0005509;GO:0005544;GO:0065002;GO:0010828;GO:0090314;GO:0031340;GO:0072659	C:plasma membrane;F:calcium ion binding;F:calcium-dependent phospholipid binding;P:intracellular protein transmembrane transport;P:positive regulation of D-glucose transmembrane transport;P:positive regulation of protein targeting to membrane;P:positive regulation of vesicle fusion;P:protein localization to plasma membrane	IEA:TreeGrafter;IEA:TreeGrafter;IEA:InterPro;IEA:TreeGrafter;IEA:TreeGrafter;IEA:TreeGrafter;IEA:TreeGrafter;IEA:TreeGrafter	Success
A0A1D2NF18	A0A1D2NF18	A0A1D2NF18_ORCCI	Uncharacterized protein	NA	Orchesella cincta	GO:0005680;GO:0090266	C:anaphase-promoting complex;P:regulation of mitotic cell cycle spindle assembly checkpoint	IEA:InterPro;IEA:InterPro	Success
A0A1D2NF36	A0A1D2NF36	A0A1D2NF36_ORCCI	Uncharacterized protein	NA	Orchesella cincta	NA	NA	NA	Success
A0A1D2MG10	A0A1D2MG10	A0A1D2MG10_ORCCI	Serine protease nudel	NA	Orchesella cincta	GO:0004252;GO:0006508	F:serine-type endopeptidase activity;P:proteolysis	IEA:InterPro;IEA:UniProtKB-KW	Success
A0A1D2MH82	A0A1D2MH82	A0A1D2MH82_ORCCI	Uncharacterized protein	NA	Orchesella cincta	NA	NA	NA	Success
A0A1D2MFK2	A0A1D2MFK2	A0A1D2MFK2_ORCCI	Serine/threonine-protein phosphatase	NA	Orchesella cincta	GO:0005509;GO:0004722	F:calcium ion binding;F:protein serine/threonine phosphatase activity	IEA:InterPro;IEA:UniProtKB-EC	Success
A0A1D2M727	A0A1D2M727	A0A1D2M727_ORCCI	Ras association domain-containing protein 8	NA	Orchesella cincta	GO:0007165	P:signal transduction	IEA:InterPro	Success
A0A1D2N4R3	A0A1D2N4R3	A0A1D2N4R3_ORCCI	CD80-like immunoglobulin C2-set domain-containing protein	NA	Orchesella cincta	NA	NA	NA	Success
A0A1D2MSN0	A0A1D2MSN0	A0A1D2MSN0_ORCCI	Putative RNA-binding protein EEED8.10	NA	Orchesella cincta	NA	NA	NA	Success
A0A1D2N4S0	A0A1D2N4S0	A0A1D2N4S0_ORCCI	Ig-like domain-containing protein	NA	Orchesella cincta	NA	NA	NA	Success
A0A1D2MB93	A0A1D2MB93	A0A1D2MB93_ORCCI	Uncharacterized protein	NA	Orchesella cincta	NA	NA	NA	Success
A0A1D2N4S6	A0A1D2N4S6	A0A1D2N4S6_ORCCI	Uncharacterized protein	NA	Orchesella cincta	NA	NA	NA	Success
A0A1D2N4S6	A0A1D2N4S6	A0A1D2N4S6_ORCCI	Uncharacterized protein	NA	Orchesella cincta	NA	NA	NA	Success
A0A1D2N4S5	A0A1D2N4S5	A0A1D2N4S5_ORCCI	Uncharacterized protein	NA	Orchesella cincta	NA	NA	NA	Success
A0A1D2NJ81	A0A1D2NJ81	A0A1D2NJ81_ORCCI	Homeobox protein AKR	NA	Orchesella cincta	GO:0005634;GO:0000987;GO:0048646;GO:0009887;GO:0001654;GO:0006355	C:nucleus;F:cis-regulatory region sequence-specific DNA binding;P:anatomical structure formation involved in morphogenesis;P:animal organ morphogenesis;P:eye development;P:regulation of DNA-templated transcription	IEA:UniProtKB-SubCell;IEA:UniProtKB-ARBA;IEA:UniProtKB-ARBA;IEA:UniProtKB-ARBA;IEA:UniProtKB-ARBA;IEA:InterPro	Success
A0A1D2N4S5	A0A1D2N4S5	A0A1D2N4S5_ORCCI	Uncharacterized protein	NA	Orchesella cincta	NA	NA	NA	Success
A0A1D2MDN5	A0A1D2MDN5	A0A1D2MDN5_ORCCI	Cold shock domain-containing protein E1	NA	Orchesella cincta	GO:0005737;GO:0003723	C:cytoplasm;F:RNA binding	IEA:UniProtKB-SubCell;IEA:UniProtKB-KW	Success
A0A1D2MXX5	A0A1D2MXX5	A0A1D2MXX5_ORCCI	Endothelial lipase	NA	Orchesella cincta	GO:0005615;GO:0016020;GO:0016298;GO:0017171;GO:0016042	C:extracellular space;C:membrane;F:lipase activity;F:serine hydrolase activity;P:lipid catabolic process	IEA:TreeGrafter;IEA:UniProtKB-KW;IEA:InterPro;IEA:TreeGrafter;IEA:TreeGrafter	Success
A0A1D2N9J8	A0A1D2N9J8	A0A1D2N9J8_ORCCI	Pancreatic lipase-related protein 2	NA	Orchesella cincta	GO:0005615;GO:0016298;GO:0016042	C:extracellular space;F:lipase activity;P:lipid catabolic process	IEA:TreeGrafter;IEA:InterPro;IEA:TreeGrafter	Success
A0A1D2N2M2	A0A1D2N2M2	A0A1D2N2M2_ORCCI	Exportin-2	NA	Orchesella cincta	GO:0005829;GO:0005635;GO:0005049;GO:0031267;GO:0006611;GO:0006606	C:cytosol;C:nuclear envelope;F:nuclear export signal receptor activity;F:small GTPase binding;P:protein export from nucleus;P:protein import into nucleus	IEA:TreeGrafter;IEA:TreeGrafter;IEA:TreeGrafter;IEA:InterPro;IEA:TreeGrafter;IEA:TreeGrafter	Success
A0A1D2MYX6	A0A1D2MYX6	A0A1D2MYX6_ORCCI	Troponin T	NA	Orchesella cincta	GO:0005861;GO:0005523;GO:0006936;GO:0006937;GO:0045214	C:troponin complex;F:tropomyosin binding;P:muscle contraction;P:regulation of muscle contraction;P:sarcomere organization	IEA:InterPro;IEA:TreeGrafter;IEA:TreeGrafter;IEA:InterPro;IEA:TreeGrafter	Success
A0A1D2MYX6	A0A1D2MYX6	A0A1D2MYX6_ORCCI	Troponin T	NA	Orchesella cincta	GO:0005861;GO:0005523;GO:0006936;GO:0006937;GO:0045214	C:troponin complex;F:tropomyosin binding;P:muscle contraction;P:regulation of muscle contraction;P:sarcomere organization	IEA:InterPro;IEA:TreeGrafter;IEA:TreeGrafter;IEA:InterPro;IEA:TreeGrafter	Success
A0A1D2MYR8	A0A1D2MYR8	A0A1D2MYR8_ORCCI	protein-serine/threonine phosphatase	NA	Orchesella cincta	GO:0046872;GO:0004722	F:metal ion binding;F:protein serine/threonine phosphatase activity	IEA:UniProtKB-KW;IEA:InterPro	Success
A0A1D2MLA3	A0A1D2MLA3	A0A1D2MLA3_ORCCI	Heart-and neural crest derivatives-expressed protein 2	NA	Orchesella cincta	GO:0000981;GO:0046983;GO:0000977;GO:0032502	F:DNA-binding transcription factor activity, RNA polymerase II-specific;F:protein dimerization activity;F:RNA polymerase II transcription regulatory region sequence-specific DNA binding;P:developmental process	IEA:TreeGrafter;IEA:InterPro;IEA:TreeGrafter;IEA:TreeGrafter	Success
A0A1D2N4N3	A0A1D2N4N3	A0A1D2N4N3_ORCCI	Cytokine-like nuclear factor N-PAC	NA	Orchesella cincta	GO:0000785;GO:0003677;GO:0051287;GO:0050661;GO:0031491;GO:0140673	C:chromatin;F:DNA binding;F:NAD binding;F:NADP binding;F:nucleosome binding;P:transcription elongation-coupled chromatin remodeling	IEA:TreeGrafter;IEA:TreeGrafter;IEA:InterPro;IEA:InterPro;IEA:TreeGrafter;IEA:TreeGrafter	Success
A0A1D2N584	A0A1D2N584	A0A1D2N584_ORCCI	Immunoglobulin superfamily member 10	NA	Orchesella cincta	GO:0005886	C:plasma membrane	IEA:TreeGrafter	Success
A0A1D2N4N3	A0A1D2N4N3	A0A1D2N4N3_ORCCI	Cytokine-like nuclear factor N-PAC	NA	Orchesella cincta	GO:0000785;GO:0003677;GO:0051287;GO:0050661;GO:0031491;GO:0140673	C:chromatin;F:DNA binding;F:NAD binding;F:NADP binding;F:nucleosome binding;P:transcription elongation-coupled chromatin remodeling	IEA:TreeGrafter;IEA:TreeGrafter;IEA:InterPro;IEA:InterPro;IEA:TreeGrafter;IEA:TreeGrafter	Success
A0A1D2N4M4	A0A1D2N4M4	A0A1D2N4M4_ORCCI	AF4/FMR2 family member lilli	NA	Orchesella cincta	GO:0032783;GO:0003677;GO:0007366;GO:0010468	C:super elongation complex;F:DNA binding;P:periodic partitioning by pair rule gene;P:regulation of gene expression	IEA:TreeGrafter;IEA:UniProtKB-KW;IEA:UniProtKB-KW;IEA:InterPro	Success
A0A1D2N1E3	A0A1D2N1E3	A0A1D2N1E3_ORCCI	TATA box-binding protein-like 1	NA	Orchesella cincta	GO:0005634;GO:0003677;GO:0006352	C:nucleus;F:DNA binding;P:DNA-templated transcription initiation	IEA:UniProtKB-SubCell;IEA:UniProtKB-KW;IEA:InterPro	Success
A0A1D2N4S1	A0A1D2N4S1	A0A1D2N4S1_ORCCI	Carbonic anhydrase-related protein 10	NA	Orchesella cincta	GO:0004089;GO:0008270;GO:0006730	F:carbonate dehydratase activity;F:zinc ion binding;P:one-carbon metabolic process	IEA:InterPro;IEA:InterPro;IEA:TreeGrafter	Success
A0A1D2NDC2	A0A1D2NDC2	A0A1D2NDC2_ORCCI	Lysosomal aspartic protease	NA	Orchesella cincta	GO:0004190;GO:0006508	F:aspartic-type endopeptidase activity;P:proteolysis	IEA:UniProtKB-KW;IEA:UniProtKB-KW	Success
A0A1D2NDD4	A0A1D2NDD4	A0A1D2NDD4_ORCCI	WD repeat-containing protein 91	NA	Orchesella cincta	GO:0031901;GO:0031902;GO:0141039;GO:0045022;GO:0051898	C:early endosome membrane;C:late endosome membrane;F:phosphatidylinositol 3-kinase inhibitor activity;P:early endosome to late endosome transport;P:negative regulation of phosphatidylinositol 3-kinase/protein kinase B signal transduction	IEA:TreeGrafter;IEA:TreeGrafter;IEA:InterPro;IEA:InterPro;IEA:InterPro	Success
A0A1D2NDE1	A0A1D2NDE1	A0A1D2NDE1_ORCCI	Octopamine receptor beta-3R	NA	Orchesella cincta	GO:0005886;GO:0004989;GO:0071880;GO:0043410	C:plasma membrane;F:octopamine receptor activity;P:adenylate cyclase-activating adrenergic receptor signaling pathway;P:positive regulation of MAPK cascade	IEA:UniProtKB-SubCell;IEA:TreeGrafter;IEA:TreeGrafter;IEA:TreeGrafter	Success
A0A1D2NDD2	A0A1D2NDD2	A0A1D2NDD2_ORCCI	Protein kibra	NA	Orchesella cincta	GO:0016324;GO:0005737;GO:0019900;GO:0060090;GO:0016477;GO:0046621;GO:0006355;GO:0035330	C:apical plasma membrane;C:cytoplasm;F:kinase binding;F:molecular adaptor activity;P:cell migration;P:negative regulation of organ growth;P:regulation of DNA-templated transcription;P:regulation of hippo signaling	IEA:UniProtKB-SubCell;IEA:UniProtKB-SubCell;IEA:TreeGrafter;IEA:TreeGrafter;IEA:TreeGrafter;IEA:TreeGrafter;IEA:TreeGrafter;IEA:TreeGrafter	Success
A0A1D2MLN3	A0A1D2MLN3	A0A1D2MLN3_ORCCI	Protein SPT2 homolog	NA	Orchesella cincta	GO:0005730;GO:0003677;GO:0042393;GO:0006334;GO:0006360	C:nucleolus;F:DNA binding;F:histone binding;P:nucleosome assembly;P:transcription by RNA polymerase I	IEA:TreeGrafter;IEA:TreeGrafter;IEA:TreeGrafter;IEA:TreeGrafter;IEA:TreeGrafter	Success
A0A1D2MHD8	A0A1D2MHD8	A0A1D2MHD8_ORCCI	DUF4806 domain-containing protein	NA	Orchesella cincta	NA	NA	NA	Success
A0A1D2N5U0	A0A1D2N5U0	A0A1D2N5U0_ORCCI	Protein fuzzy	NA	Orchesella cincta	GO:0005737;GO:0005856;GO:1905515;GO:0016192	C:cytoplasm;C:cytoskeleton;P:non-motile cilium assembly;P:vesicle-mediated transport	IEA:UniProtKB-KW;IEA:UniProtKB-SubCell;IEA:TreeGrafter;IEA:InterPro	Success
A0A1D2N5P2	A0A1D2N5P2	A0A1D2N5P2_ORCCI	Uncharacterized protein	NA	Orchesella cincta	NA	NA	NA	Success
A0A1D2M8K6	A0A1D2M8K6	A0A1D2M8K6_ORCCI	Zinc finger protein-likeZPR1	NA	Orchesella cincta	GO:0005634;GO:0008270	C:nucleus;F:zinc ion binding	IEA:TreeGrafter;IEA:UniProtKB-KW	Success
A0A1D2M6U0	A0A1D2M6U0	A0A1D2M6U0_ORCCI	RNA helicase	NA	Orchesella cincta	GO:0005524;GO:0004386;GO:0016787;GO:0003676;GO:0042078;GO:0051321;GO:0031047;GO:0007283	F:ATP binding;F:helicase activity;F:hydrolase activity;F:nucleic acid binding;P:germ-line stem cell division;P:meiotic cell cycle;P:regulatory ncRNA-mediated gene silencing;P:spermatogenesis	IEA:UniProtKB-KW;IEA:UniProtKB-KW;IEA:UniProtKB-KW;IEA:InterPro;IEA:TreeGrafter;IEA:UniProtKB-KW;IEA:UniProtKB-KW;IEA:UniProtKB-KW	Success
A0A1D2N5M2	A0A1D2N5M2	A0A1D2N5M2_ORCCI	Ras-related protein Rab	NA	Orchesella cincta	GO:0005770;GO:0005764;GO:0016020;GO:0045335;GO:0005802;GO:0005525;GO:0003924;GO:0008333;GO:0090385	C:late endosome;C:lysosome;C:membrane;C:phagocytic vesicle;C:trans-Golgi network;F:GTP binding;F:GTPase activity;P:endosome to lysosome transport;P:phagosome-lysosome fusion	IEA:TreeGrafter;IEA:TreeGrafter;IEA:UniProtKB-SubCell;IEA:TreeGrafter;IEA:UniProtKB-UniRule;IEA:UniProtKB-UniRule;IEA:UniProtKB-UniRule;IEA:TreeGrafter;IEA:TreeGrafter	Success
A0A1D2NIW2	A0A1D2NIW2	A0A1D2NIW2_ORCCI	Mitochondrial-processing peptidase subunit beta	NA	Orchesella cincta	GO:0005739;GO:0046872;GO:0004222;GO:0003723;GO:0034587;GO:0006627	C:mitochondrion;F:metal ion binding;F:metalloendopeptidase activity;F:RNA binding;P:piRNA processing;P:protein processing involved in protein targeting to mitochondrion	IEA:UniProtKB-SubCell;IEA:InterPro;IEA:InterPro;IEA:InterPro;IEA:UniProtKB-ARBA;IEA:TreeGrafter	Success
A0A1D2N6I7	A0A1D2N6I7	A0A1D2N6I7_ORCCI	Ankyrin repeat and BTB/POZ domain-containing protein 1	NA	Orchesella cincta	GO:0005737;GO:0000151	C:cytoplasm;C:ubiquitin ligase complex	IEA:TreeGrafter;IEA:TreeGrafter	Success
A0A1D2N684	A0A1D2N684	A0A1D2N684_ORCCI	Zinc transporter ZIP14	NA	Orchesella cincta	GO:0005886;GO:0140410;GO:0005385;GO:0030003;GO:0071578	C:plasma membrane;F:monoatomic cation:bicarbonate symporter activity;F:zinc ion transmembrane transporter activity;P:intracellular monoatomic cation homeostasis;P:zinc ion import across plasma membrane	IEA:TreeGrafter;IEA:TreeGrafter;IEA:TreeGrafter;IEA:TreeGrafter;IEA:TreeGrafter	Success
A0A1D2N5N1	A0A1D2N5N1	A0A1D2N5N1_ORCCI	Zinc transporter ZIP8	NA	Orchesella cincta	GO:0005886;GO:0140410;GO:0005385;GO:0030003;GO:0071578	C:plasma membrane;F:monoatomic cation:bicarbonate symporter activity;F:zinc ion transmembrane transporter activity;P:intracellular monoatomic cation homeostasis;P:zinc ion import across plasma membrane	IEA:TreeGrafter;IEA:TreeGrafter;IEA:TreeGrafter;IEA:TreeGrafter;IEA:TreeGrafter	Success
A0A1D2N6H6	A0A1D2N6H6	A0A1D2N6H6_ORCCI	Protein tyrosine phosphatase domain-containing protein 1	NA	Orchesella cincta	GO:0004725;GO:0060271	F:protein tyrosine phosphatase activity;P:cilium assembly	IEA:InterPro;IEA:InterPro	Success
A0A1D2N6H6	A0A1D2N6H6	A0A1D2N6H6_ORCCI	Protein tyrosine phosphatase domain-containing protein 1	NA	Orchesella cincta	GO:0004725;GO:0060271	F:protein tyrosine phosphatase activity;P:cilium assembly	IEA:InterPro;IEA:InterPro	Success
A0A1D2N671	A0A1D2N671	A0A1D2N671_ORCCI	Uncharacterized protein	NA	Orchesella cincta	NA	NA	NA	Success
A0A1D2N5R8	A0A1D2N5R8	A0A1D2N5R8_ORCCI	Plasminogen activator inhibitor 1 RNA-binding protein	NA	Orchesella cincta	GO:0005737;GO:0005634;GO:0003723	C:cytoplasm;C:nucleus;F:RNA binding	IEA:TreeGrafter;IEA:TreeGrafter;IEA:InterPro	Success
A0A1D2MNI2	A0A1D2MNI2	A0A1D2MNI2_ORCCI	L-Fucosyltransferase	NA	Orchesella cincta	GO:0032580;GO:0008107;GO:0005975;GO:0036065;GO:0006486	C:Golgi cisterna membrane;F:galactoside 2-alpha-L-fucosyltransferase activity;P:carbohydrate metabolic process;P:fucosylation;P:protein glycosylation	IEA:UniProtKB-SubCell;IEA:InterPro;IEA:InterPro;IEA:TreeGrafter;IEA:UniProtKB-UniPathway	Success
A0A1D2N4N1	A0A1D2N4N1	A0A1D2N4N1_ORCCI	Paired box protein Pax-6	NA	Orchesella cincta	GO:0005634;GO:0000981;GO:0000977	C:nucleus;F:DNA-binding transcription factor activity, RNA polymerase II-specific;F:RNA polymerase II transcription regulatory region sequence-specific DNA binding	IEA:UniProtKB-SubCell;IEA:TreeGrafter;IEA:TreeGrafter	Success
A0A1D2N4N1	A0A1D2N4N1	A0A1D2N4N1_ORCCI	Paired box protein Pax-6	NA	Orchesella cincta	GO:0005634;GO:0000981;GO:0000977	C:nucleus;F:DNA-binding transcription factor activity, RNA polymerase II-specific;F:RNA polymerase II transcription regulatory region sequence-specific DNA binding	IEA:UniProtKB-SubCell;IEA:TreeGrafter;IEA:TreeGrafter	Success
A0A1D2N5U0	A0A1D2N5U0	A0A1D2N5U0_ORCCI	Protein fuzzy	NA	Orchesella cincta	GO:0005737;GO:0005856;GO:1905515;GO:0016192	C:cytoplasm;C:cytoskeleton;P:non-motile cilium assembly;P:vesicle-mediated transport	IEA:UniProtKB-KW;IEA:UniProtKB-SubCell;IEA:TreeGrafter;IEA:InterPro	Success
A0A1D2MVR0	A0A1D2MVR0	A0A1D2MVR0_ORCCI	Transmembrane protease serine 6	NA	Orchesella cincta	GO:0004252;GO:0006508	F:serine-type endopeptidase activity;P:proteolysis	IEA:InterPro;IEA:UniProtKB-KW	Success
A0A1D2MGF2	A0A1D2MGF2	A0A1D2MGF2_ORCCI	Putative helicase with zinc finger domain	NA	Orchesella cincta	GO:0005829;GO:0043186;GO:0004386;GO:0035194	C:cytosol;C:P granule;F:helicase activity;P:regulatory ncRNA-mediated post-transcriptional gene silencing	IEA:TreeGrafter;IEA:TreeGrafter;IEA:UniProtKB-KW;IEA:TreeGrafter	Success
A0A1D2N535	A0A1D2N535	A0A1D2N535_ORCCI	N-acyl-aliphatic-L-amino acid amidohydrolase	NA	Orchesella cincta	GO:0005737;GO:0004046;GO:0046872;GO:0006520	C:cytoplasm;F:aminoacylase activity;F:metal ion binding;P:amino acid metabolic process	IEA:UniProtKB-SubCell;IEA:UniProtKB-EC;IEA:UniProtKB-KW;IEA:InterPro	Success
A0A1D2MIM1	A0A1D2MIM1	A0A1D2MIM1_ORCCI	Cytochrome P450 6k1	NA	Orchesella cincta	GO:0005789;GO:0020037;GO:0005506;GO:0004497;GO:0016705	C:endoplasmic reticulum membrane;F:heme binding;F:iron ion binding;F:monooxygenase activity;F:oxidoreductase activity, acting on paired donors, with incorporation or reduction of molecular oxygen	IEA:UniProtKB-SubCell;IEA:InterPro;IEA:InterPro;IEA:UniProtKB-KW;IEA:InterPro	Success
A0A1D2M1X5	A0A1D2M1X5	A0A1D2M1X5_ORCCI	Cytochrome P450 9e2	NA	Orchesella cincta	GO:0005789;GO:0020037;GO:0005506;GO:0004497;GO:0016705	C:endoplasmic reticulum membrane;F:heme binding;F:iron ion binding;F:monooxygenase activity;F:oxidoreductase activity, acting on paired donors, with incorporation or reduction of molecular oxygen	IEA:UniProtKB-SubCell;IEA:InterPro;IEA:InterPro;IEA:UniProtKB-KW;IEA:InterPro	Success
A0A1D2NAT7	A0A1D2NAT7	A0A1D2NAT7_ORCCI	SEC14-like protein 2	NA	Orchesella cincta	GO:0005737	C:cytoplasm	IEA:TreeGrafter	Success
A0A1D2MXH9	A0A1D2MXH9	A0A1D2MXH9_ORCCI	Carboxypeptidase M	NA	Orchesella cincta	GO:0005615;GO:0016020;GO:0004181;GO:0008270;GO:0006518;GO:0016485	C:extracellular space;C:membrane;F:metallocarboxypeptidase activity;F:zinc ion binding;P:peptide metabolic process;P:protein processing	IEA:TreeGrafter;IEA:UniProtKB-KW;IEA:InterPro;IEA:InterPro;IEA:TreeGrafter;IEA:TreeGrafter	Success
A0A1D2MY68	A0A1D2MY68	A0A1D2MY68_ORCCI	Carboxypeptidase M	NA	Orchesella cincta	GO:0005615;GO:0004181;GO:0008270;GO:0006518;GO:0016485	C:extracellular space;F:metallocarboxypeptidase activity;F:zinc ion binding;P:peptide metabolic process;P:protein processing	IEA:TreeGrafter;IEA:InterPro;IEA:InterPro;IEA:TreeGrafter;IEA:TreeGrafter	Success
A0A1D2N9T2	A0A1D2N9T2	A0A1D2N9T2_ORCCI	Trafficking protein particle complex subunit 11	NA	Orchesella cincta	GO:0005737	C:cytoplasm	IEA:TreeGrafter	Success
A0A1D2NA85	A0A1D2NA85	A0A1D2NA85_ORCCI	Gustatory receptor	NA	Orchesella cincta	GO:0016020	C:membrane	IEA:UniProtKB-KW	Success
A0A1D2MCT2	A0A1D2MCT2	A0A1D2MCT2_ORCCI	Suppressor of hairless protein	NA	Orchesella cincta	GO:0005634;GO:0001228;GO:0000978	C:nucleus;F:DNA-binding transcription activator activity, RNA polymerase II-specific;F:RNA polymerase II cis-regulatory region sequence-specific DNA binding	IEA:UniProtKB-SubCell;IEA:InterPro;IEA:InterPro	Success
A0A1D2MCT2	A0A1D2MCT2	A0A1D2MCT2_ORCCI	Suppressor of hairless protein	NA	Orchesella cincta	GO:0005634;GO:0001228;GO:0000978	C:nucleus;F:DNA-binding transcription activator activity, RNA polymerase II-specific;F:RNA polymerase II cis-regulatory region sequence-specific DNA binding	IEA:UniProtKB-SubCell;IEA:InterPro;IEA:InterPro	Success
A0A1D2N5T8	A0A1D2N5T8	A0A1D2N5T8_ORCCI	phosphoinositide 5-phosphatase	NA	Orchesella cincta	GO:0098793;GO:0004439;GO:0046856;GO:0048488	C:presynapse;F:phosphatidylinositol-4,5-bisphosphate 5-phosphatase activity;P:phosphatidylinositol dephosphorylation;P:synaptic vesicle endocytosis	IEA:GOC;IEA:UniProtKB-EC;IEA:InterPro;IEA:TreeGrafter	Success
A0A1D2N5T8	A0A1D2N5T8	A0A1D2N5T8_ORCCI	phosphoinositide 5-phosphatase	NA	Orchesella cincta	GO:0098793;GO:0004439;GO:0046856;GO:0048488	C:presynapse;F:phosphatidylinositol-4,5-bisphosphate 5-phosphatase activity;P:phosphatidylinositol dephosphorylation;P:synaptic vesicle endocytosis	IEA:GOC;IEA:UniProtKB-EC;IEA:InterPro;IEA:TreeGrafter	Success
A0A1D2N5N5	A0A1D2N5N5	A0A1D2N5N5_ORCCI	Protein CREBRF	NA	Orchesella cincta	GO:0005634;GO:0000981;GO:0000977;GO:0006986	C:nucleus;F:DNA-binding transcription factor activity, RNA polymerase II-specific;F:RNA polymerase II transcription regulatory region sequence-specific DNA binding;P:response to unfolded protein	IEA:TreeGrafter;IEA:TreeGrafter;IEA:TreeGrafter;IEA:InterPro	Success
A0A1D2NF41	A0A1D2NF41	A0A1D2NF41_ORCCI	Mortality factor 4-like protein 1	NA	Orchesella cincta	GO:0035267;GO:0005634;GO:0006325;GO:0006355	C:NuA4 histone acetyltransferase complex;C:nucleus;P:chromatin organization;P:regulation of DNA-templated transcription	IEA:TreeGrafter;IEA:UniProtKB-SubCell;IEA:UniProtKB-KW;IEA:InterPro	Success
A0A1D2NF41	A0A1D2NF41	A0A1D2NF41_ORCCI	Mortality factor 4-like protein 1	NA	Orchesella cincta	GO:0035267;GO:0005634;GO:0006325;GO:0006355	C:NuA4 histone acetyltransferase complex;C:nucleus;P:chromatin organization;P:regulation of DNA-templated transcription	IEA:TreeGrafter;IEA:UniProtKB-SubCell;IEA:UniProtKB-KW;IEA:InterPro	Success
A0A1D2MAU9	A0A1D2MAU9	A0A1D2MAU9_ORCCI	Glutamate-gated chloride channel	NA	Orchesella cincta	GO:0005886;GO:0005254;GO:0005230;GO:0099095;GO:0004888	C:plasma membrane;F:chloride channel activity;F:extracellular ligand-gated monoatomic ion channel activity;F:ligand-gated monoatomic anion channel activity;F:transmembrane signaling receptor activity	IEA:UniProtKB-SubCell;IEA:UniProtKB-ARBA;IEA:InterPro;IEA:UniProtKB-ARBA;IEA:InterPro	Success
A0A1D2MAU9	A0A1D2MAU9	A0A1D2MAU9_ORCCI	Glutamate-gated chloride channel	NA	Orchesella cincta	GO:0005886;GO:0005254;GO:0005230;GO:0099095;GO:0004888	C:plasma membrane;F:chloride channel activity;F:extracellular ligand-gated monoatomic ion channel activity;F:ligand-gated monoatomic anion channel activity;F:transmembrane signaling receptor activity	IEA:UniProtKB-SubCell;IEA:UniProtKB-ARBA;IEA:InterPro;IEA:UniProtKB-ARBA;IEA:InterPro	Success
A0A1D2NMD1	A0A1D2NMD1	A0A1D2NMD1_ORCCI	Putative tRNA pseudouridine synthase 2	NA	Orchesella cincta	GO:0009982;GO:0003723;GO:0001522;GO:0006396	F:pseudouridine synthase activity;F:RNA binding;P:pseudouridine synthesis;P:RNA processing	IEA:InterPro;IEA:InterPro;IEA:InterPro;IEA:InterPro	Success
A0A1D2NDI2	A0A1D2NDI2	A0A1D2NDI2_ORCCI	Zinc finger CCCH-type with G patch domain-containing protein	NA	Orchesella cincta	GO:0005634;GO:0005524;GO:0001227;GO:0019205;GO:0000978;GO:0008270;GO:0006139	C:nucleus;F:ATP binding;F:DNA-binding transcription repressor activity, RNA polymerase II-specific;F:nucleobase-containing compound kinase activity;F:RNA polymerase II cis-regulatory region sequence-specific DNA binding;F:zinc ion binding;P:nucleobase-containing compound metabolic process	IEA:UniProtKB-SubCell;IEA:InterPro;IEA:TreeGrafter;IEA:InterPro;IEA:TreeGrafter;IEA:UniProtKB-KW;IEA:InterPro	Success
A0A1D2N9R8	A0A1D2N9R8	A0A1D2N9R8_ORCCI	Myosin-IB	NA	Orchesella cincta	GO:0005737;GO:0005902;GO:0016459;GO:0005886;GO:0051015;GO:0005524;GO:0000146;GO:0007015;GO:0030048;GO:0006897	C:cytoplasm;C:microvillus;C:myosin complex;C:plasma membrane;F:actin filament binding;F:ATP binding;F:microfilament motor activity;P:actin filament organization;P:actin filament-based movement;P:endocytosis	IEA:TreeGrafter;IEA:TreeGrafter;IEA:UniProtKB-KW;IEA:TreeGrafter;IEA:TreeGrafter;IEA:UniProtKB-KW;IEA:TreeGrafter;IEA:TreeGrafter;IEA:TreeGrafter;IEA:TreeGrafter	Success
A0A1D2M6T0	A0A1D2M6T0	A0A1D2M6T0_ORCCI	poly(ADP-ribose) glycohydrolase	NA	Orchesella cincta	GO:0005737;GO:0005634;GO:0004649;GO:1990966;GO:0005975;GO:0009225;GO:0006282	C:cytoplasm;C:nucleus;F:poly(ADP-ribose) glycohydrolase activity;P:ATP generation from poly-ADP-D-ribose;P:carbohydrate metabolic process;P:nucleotide-sugar metabolic process;P:regulation of DNA repair	IEA:TreeGrafter;IEA:TreeGrafter;IEA:UniProtKB-EC;IEA:TreeGrafter;IEA:InterPro;IEA:TreeGrafter;IEA:InterPro	Success
A0A1D2MZJ6	A0A1D2MZJ6	A0A1D2MZJ6_ORCCI	Neuropeptide FF receptor 2	NA	Orchesella cincta	GO:0005886;GO:0004930	C:plasma membrane;F:G protein-coupled receptor activity	IEA:TreeGrafter;IEA:UniProtKB-KW	Success
A0A1D2MCX0	A0A1D2MCX0	A0A1D2MCX0_ORCCI	Nicastrin	NA	Orchesella cincta	GO:0005886;GO:0007220;GO:0007219;GO:0016485	C:plasma membrane;P:Notch receptor processing;P:Notch signaling pathway;P:protein processing	IEA:TreeGrafter;IEA:TreeGrafter;IEA:UniProtKB-KW;IEA:InterPro	Success
A0A1D2MWM3	A0A1D2MWM3	A0A1D2MWM3_ORCCI	Putative zinc finger protein	NA	Orchesella cincta	GO:0005634;GO:0008270	C:nucleus;F:zinc ion binding	IEA:UniProtKB-SubCell;IEA:UniProtKB-KW	Success
A0A1D2NDY6	A0A1D2NDY6	A0A1D2NDY6_ORCCI	Fatty acid desaturase 2	NA	Orchesella cincta	GO:0016020;GO:0016717;GO:0006629	C:membrane;F:oxidoreductase activity, acting on paired donors, with oxidation of a pair of donors resulting in the reduction of molecular oxygen to two molecules of water;P:lipid metabolic process	IEA:UniProtKB-SubCell;IEA:TreeGrafter;IEA:UniProtKB-KW	Success
A0A1D2MZ62	A0A1D2MZ62	A0A1D2MZ62_ORCCI	Golgi-associated plant pathogenesis-related protein 1	NA	Orchesella cincta	GO:0005576	C:extracellular region	IEA:InterPro	Success
A0A1D2MZ62	A0A1D2MZ62	A0A1D2MZ62_ORCCI	Golgi-associated plant pathogenesis-related protein 1	NA	Orchesella cincta	GO:0005576	C:extracellular region	IEA:InterPro	Success
A0A1D2MZB3	A0A1D2MZB3	A0A1D2MZB3_ORCCI	Golgi-associated plant pathogenesis-related protein 1	NA	Orchesella cincta	GO:0005576	C:extracellular region	IEA:InterPro	Success
A0A1D2M235	A0A1D2M235	A0A1D2M235_ORCCI	ATP-dependent DNA helicase	NA	Orchesella cincta	GO:0005524;GO:0016887;GO:0003678;GO:0006310;GO:0006281;GO:0000723	F:ATP binding;F:ATP hydrolysis activity;F:DNA helicase activity;P:DNA recombination;P:DNA repair;P:telomere maintenance	IEA:UniProtKB-KW;IEA:RHEA;IEA:InterPro;IEA:UniProtKB-KW;IEA:UniProtKB-KW;IEA:InterPro	Success
A0A1D2M5D4	A0A1D2M5D4	A0A1D2M5D4_ORCCI	Heat shock 70 kDa protein cognate 4	NA	Orchesella cincta	GO:0005524;GO:0140662;GO:0005525;GO:0003924	F:ATP binding;F:ATP-dependent protein folding chaperone;F:GTP binding;F:GTPase activity	IEA:UniProtKB-KW;IEA:InterPro;IEA:InterPro;IEA:InterPro	Success
A0A1D2MHV6	A0A1D2MHV6	A0A1D2MHV6_ORCCI	Prolyl 4-hydroxylase subunit alpha-1	NA	Orchesella cincta	GO:0005783;GO:0005506;GO:0031418;GO:0004656	C:endoplasmic reticulum;F:iron ion binding;F:L-ascorbic acid binding;F:procollagen-proline 4-dioxygenase activity	IEA:UniProtKB-KW;IEA:InterPro;IEA:UniProtKB-KW;IEA:TreeGrafter	Success
A0A1D2NBH0	A0A1D2NBH0	A0A1D2NBH0_ORCCI	NTF2-related export protein	NA	Orchesella cincta	GO:0006913	P:nucleocytoplasmic transport	IEA:InterPro	Success
A0A1D2N599	A0A1D2N599	A0A1D2N599_ORCCI	Vascular endothelial growth factor receptor 3	NA	Orchesella cincta	GO:0005886;GO:0043235;GO:0005524;GO:0004714;GO:0007169	C:plasma membrane;C:receptor complex;F:ATP binding;F:transmembrane receptor protein tyrosine kinase activity;P:cell surface receptor protein tyrosine kinase signaling pathway	IEA:TreeGrafter;IEA:TreeGrafter;IEA:InterPro;IEA:TreeGrafter;IEA:TreeGrafter	Success
A0A1D2N1D8	A0A1D2N1D8	A0A1D2N1D8_ORCCI	Uncharacterized protein	NA	Orchesella cincta	NA	NA	NA	Success
A0A1D2N599	A0A1D2N599	A0A1D2N599_ORCCI	Vascular endothelial growth factor receptor 3	NA	Orchesella cincta	GO:0005886;GO:0043235;GO:0005524;GO:0004714;GO:0007169	C:plasma membrane;C:receptor complex;F:ATP binding;F:transmembrane receptor protein tyrosine kinase activity;P:cell surface receptor protein tyrosine kinase signaling pathway	IEA:TreeGrafter;IEA:TreeGrafter;IEA:InterPro;IEA:TreeGrafter;IEA:TreeGrafter	Success
A0A1D2MQN4	A0A1D2MQN4	A0A1D2MQN4_ORCCI	Prolyl 4-hydroxylase subunit alpha-2	NA	Orchesella cincta	GO:0005783;GO:0005506;GO:0031418;GO:0004656	C:endoplasmic reticulum;F:iron ion binding;F:L-ascorbic acid binding;F:procollagen-proline 4-dioxygenase activity	IEA:TreeGrafter;IEA:InterPro;IEA:UniProtKB-KW;IEA:TreeGrafter	Success
A0A1D2MQN4	A0A1D2MQN4	A0A1D2MQN4_ORCCI	Prolyl 4-hydroxylase subunit alpha-2	NA	Orchesella cincta	GO:0005783;GO:0005506;GO:0031418;GO:0004656	C:endoplasmic reticulum;F:iron ion binding;F:L-ascorbic acid binding;F:procollagen-proline 4-dioxygenase activity	IEA:TreeGrafter;IEA:InterPro;IEA:UniProtKB-KW;IEA:TreeGrafter	Success
A0A1D2MQN4	A0A1D2MQN4	A0A1D2MQN4_ORCCI	Prolyl 4-hydroxylase subunit alpha-2	NA	Orchesella cincta	GO:0005783;GO:0005506;GO:0031418;GO:0004656	C:endoplasmic reticulum;F:iron ion binding;F:L-ascorbic acid binding;F:procollagen-proline 4-dioxygenase activity	IEA:TreeGrafter;IEA:InterPro;IEA:UniProtKB-KW;IEA:TreeGrafter	Success
A0A1D2MDH7	A0A1D2MDH7	A0A1D2MDH7_ORCCI	Apyrase	NA	Orchesella cincta	GO:0005509;GO:0004382;GO:0045134;GO:0030166	F:calcium ion binding;F:GDP phosphatase activity;F:UDP phosphatase activity;P:proteoglycan biosynthetic process	IEA:InterPro;IEA:TreeGrafter;IEA:TreeGrafter;IEA:TreeGrafter	Success
A0A1D2MUM3	A0A1D2MUM3	A0A1D2MUM3_ORCCI	Metalloendopeptidase	NA	Orchesella cincta	GO:0004222;GO:0008270;GO:0006508	F:metalloendopeptidase activity;F:zinc ion binding;P:proteolysis	IEA:UniProtKB-UniRule;IEA:UniProtKB-UniRule;IEA:UniProtKB-KW	Success
A0A1D2N4V7	A0A1D2N4V7	A0A1D2N4V7_ORCCI	DUF4789 domain-containing protein	NA	Orchesella cincta	NA	NA	NA	Success
A0A1D2MF70	A0A1D2MF70	A0A1D2MF70_ORCCI	DUF4789 domain-containing protein	NA	Orchesella cincta	NA	NA	NA	Success
A0A1D2MRT6	A0A1D2MRT6	A0A1D2MRT6_ORCCI	Galectin-4	NA	Orchesella cincta	GO:0016020;GO:0030246	C:membrane;F:carbohydrate binding	IEA:UniProtKB-KW;IEA:UniProtKB-KW	Success
A0A1D2N9Q3	A0A1D2N9Q3	A0A1D2N9Q3_ORCCI	UNC93-like protein MFSD11	NA	Orchesella cincta	GO:0016020	C:membrane	IEA:UniProtKB-SubCell	Success
A0A1D2MJL0	A0A1D2MJL0	A0A1D2MJL0_ORCCI	Poly [ADP-ribose] polymerase	NA	Orchesella cincta	GO:0005730;GO:0003950;GO:1990404;GO:0006302;GO:0070212	C:nucleolus;F:NAD+ poly-ADP-ribosyltransferase activity;F:NAD+-protein mono-ADP-ribosyltransferase activity;P:double-strand break repair;P:protein poly-ADP-ribosylation	IEA:TreeGrafter;IEA:UniProtKB-UniRule;IEA:TreeGrafter;IEA:TreeGrafter;IEA:TreeGrafter	Success
A0A1D2MAL6	A0A1D2MAL6	A0A1D2MAL6_ORCCI	Uncharacterized protein	NA	Orchesella cincta	GO:0016020;GO:0020037;GO:0005506;GO:0004508;GO:0042446;GO:0042448	C:membrane;F:heme binding;F:iron ion binding;F:steroid 17-alpha-monooxygenase activity;P:hormone biosynthetic process;P:progesterone metabolic process	IEA:UniProtKB-KW;IEA:InterPro;IEA:InterPro;IEA:TreeGrafter;IEA:TreeGrafter;IEA:TreeGrafter	Success
A0A1D2MI06	A0A1D2MI06	A0A1D2MI06_ORCCI	Farnesyl pyrophosphate synthase	NA	Orchesella cincta	GO:0005737;GO:0004337;GO:0004161;GO:0045337;GO:0042811	C:cytoplasm;F:(2E,6E)-farnesyl diphosphate synthase activity;F:dimethylallyltranstransferase activity;P:farnesyl diphosphate biosynthetic process;P:pheromone biosynthetic process	IEA:TreeGrafter;IEA:TreeGrafter;IEA:TreeGrafter;IEA:TreeGrafter;IEA:UniProtKB-ARBA	Success
A0A1D2MVE8	A0A1D2MVE8	A0A1D2MVE8_ORCCI	2'-5'-oligoadenylate synthase 3	NA	Orchesella cincta	GO:0005829;GO:0016020;GO:0005654;GO:0001730;GO:0003725	C:cytosol;C:membrane;C:nucleoplasm;F:2'-5'-oligoadenylate synthetase activity;F:double-stranded RNA binding	IEA:TreeGrafter;IEA:TreeGrafter;IEA:TreeGrafter;IEA:TreeGrafter;IEA:TreeGrafter	Success
A0A1D2MLG7	A0A1D2MLG7	A0A1D2MLG7_ORCCI	Epoxide hydrolase	NA	Orchesella cincta	GO:0005789;GO:0033961;GO:0009056;GO:0097176	C:endoplasmic reticulum membrane;F:cis-stilbene-oxide hydrolase activity;P:catabolic process;P:epoxide metabolic process	IEA:UniProtKB-SubCell;IEA:UniProtKB-UniRule;IEA:UniProtKB-KW;IEA:TreeGrafter	Success
A0A1D2MU56	A0A1D2MU56	A0A1D2MU56_ORCCI	Uncharacterized protein	NA	Orchesella cincta	NA	NA	NA	Success
A0A1D2NA74	A0A1D2NA74	A0A1D2NA74_ORCCI	Putative zinc finger protein	NA	Orchesella cincta	GO:0005634;GO:0001228;GO:0000978;GO:0008270	C:nucleus;F:DNA-binding transcription activator activity, RNA polymerase II-specific;F:RNA polymerase II cis-regulatory region sequence-specific DNA binding;F:zinc ion binding	IEA:UniProtKB-KW;IEA:TreeGrafter;IEA:TreeGrafter;IEA:UniProtKB-KW	Success
A0A1D2MAL6	A0A1D2MAL6	A0A1D2MAL6_ORCCI	Uncharacterized protein	NA	Orchesella cincta	GO:0016020;GO:0020037;GO:0005506;GO:0004508;GO:0042446;GO:0042448	C:membrane;F:heme binding;F:iron ion binding;F:steroid 17-alpha-monooxygenase activity;P:hormone biosynthetic process;P:progesterone metabolic process	IEA:UniProtKB-KW;IEA:InterPro;IEA:InterPro;IEA:TreeGrafter;IEA:TreeGrafter;IEA:TreeGrafter	Success
A0A1D2N1J9	A0A1D2N1J9	A0A1D2N1J9_ORCCI	Uncharacterized protein	NA	Orchesella cincta	NA	NA	NA	Success
A0A1D2MD79	A0A1D2MD79	A0A1D2MD79_ORCCI	Putative zinc finger protein	NA	Orchesella cincta	GO:0005634;GO:0001228;GO:0000978;GO:0008270	C:nucleus;F:DNA-binding transcription activator activity, RNA polymerase II-specific;F:RNA polymerase II cis-regulatory region sequence-specific DNA binding;F:zinc ion binding	IEA:UniProtKB-SubCell;IEA:TreeGrafter;IEA:TreeGrafter;IEA:UniProtKB-KW	Success
A0A1D2MD79	A0A1D2MD79	A0A1D2MD79_ORCCI	Putative zinc finger protein	NA	Orchesella cincta	GO:0005634;GO:0001228;GO:0000978;GO:0008270	C:nucleus;F:DNA-binding transcription activator activity, RNA polymerase II-specific;F:RNA polymerase II cis-regulatory region sequence-specific DNA binding;F:zinc ion binding	IEA:UniProtKB-SubCell;IEA:TreeGrafter;IEA:TreeGrafter;IEA:UniProtKB-KW	Success
A0A1D2M8N0	A0A1D2M8N0	A0A1D2M8N0_ORCCI	Putative zinc finger protein	NA	Orchesella cincta	GO:0008270	F:zinc ion binding	IEA:UniProtKB-KW	Success
A0A1D2MZA9	A0A1D2MZA9	A0A1D2MZA9_ORCCI	Opsin-5	NA	Orchesella cincta	GO:0016020;GO:0004930;GO:0007601	C:membrane;F:G protein-coupled receptor activity;P:visual perception	IEA:UniProtKB-SubCell;IEA:UniProtKB-KW;IEA:UniProtKB-KW	Success
A0A1D2M9H9	A0A1D2M9H9	A0A1D2M9H9_ORCCI	BTB/POZ domain-containing protein 8	NA	Orchesella cincta	NA	NA	NA	Success
A0A1D2NK10	A0A1D2NK10	A0A1D2NK10_ORCCI	Elongation of very long chain fatty acids protein	NA	Orchesella cincta	GO:0005789;GO:0009922;GO:0034625;GO:0034626;GO:0019367;GO:0030148;GO:0042761	C:endoplasmic reticulum membrane;F:fatty acid elongase activity;P:fatty acid elongation, monounsaturated fatty acid;P:fatty acid elongation, polyunsaturated fatty acid;P:fatty acid elongation, saturated fatty acid;P:sphingolipid biosynthetic process;P:very long-chain fatty acid biosynthetic process	IEA:TreeGrafter;IEA:UniProtKB-EC;IEA:TreeGrafter;IEA:TreeGrafter;IEA:TreeGrafter;IEA:TreeGrafter;IEA:TreeGrafter	Success
A0A1D2MI34	A0A1D2MI34	A0A1D2MI34_ORCCI	E3 ubiquitin-protein ligase Siah2	NA	Orchesella cincta	GO:0005737;GO:0031624;GO:0061630;GO:0008270;GO:0043161	C:cytoplasm;F:ubiquitin conjugating enzyme binding;F:ubiquitin protein ligase activity;F:zinc ion binding;P:proteasome-mediated ubiquitin-dependent protein catabolic process	IEA:TreeGrafter;IEA:TreeGrafter;IEA:TreeGrafter;IEA:UniProtKB-KW;IEA:TreeGrafter	Success
A0A1D2M8J9	A0A1D2M8J9	A0A1D2M8J9_ORCCI	Putative E3 ubiquitin-protein ligase SINA-like 6	NA	Orchesella cincta	GO:0005737;GO:0061630;GO:0008270	C:cytoplasm;F:ubiquitin protein ligase activity;F:zinc ion binding	IEA:TreeGrafter;IEA:TreeGrafter;IEA:UniProtKB-KW	Success
A0A1D2MI46	A0A1D2MI46	A0A1D2MI46_ORCCI	RING-type E3 ubiquitin transferase	NA	Orchesella cincta	GO:0005737;GO:0031624;GO:0061630;GO:0008270;GO:0043161;GO:0016567	C:cytoplasm;F:ubiquitin conjugating enzyme binding;F:ubiquitin protein ligase activity;F:zinc ion binding;P:proteasome-mediated ubiquitin-dependent protein catabolic process;P:protein ubiquitination	IEA:TreeGrafter;IEA:TreeGrafter;IEA:TreeGrafter;IEA:UniProtKB-KW;IEA:TreeGrafter;IEA:UniProtKB-UniPathway	Success
A0A1D2N599	A0A1D2N599	A0A1D2N599_ORCCI	Vascular endothelial growth factor receptor 3	NA	Orchesella cincta	GO:0005886;GO:0043235;GO:0005524;GO:0004714;GO:0007169	C:plasma membrane;C:receptor complex;F:ATP binding;F:transmembrane receptor protein tyrosine kinase activity;P:cell surface receptor protein tyrosine kinase signaling pathway	IEA:TreeGrafter;IEA:TreeGrafter;IEA:InterPro;IEA:TreeGrafter;IEA:TreeGrafter	Success
A0A1D2MM90	A0A1D2MM90	A0A1D2MM90_ORCCI	carbonic anhydrase	NA	Orchesella cincta	GO:0004089;GO:0008270	F:carbonate dehydratase activity;F:zinc ion binding	IEA:InterPro;IEA:InterPro	Success
A0A1D2MZA1	A0A1D2MZA1	A0A1D2MZA1_ORCCI	Scavenger receptor class B member 1	NA	Orchesella cincta	GO:0005737;GO:0005886;GO:0005044	C:cytoplasm;C:plasma membrane;F:scavenger receptor activity	IEA:TreeGrafter;IEA:UniProtKB-SubCell;IEA:TreeGrafter	Success
A0A1D2MYB5	A0A1D2MYB5	A0A1D2MYB5_ORCCI	Mitogen-activated protein kinase kinase kinase kinase	NA	Orchesella cincta	GO:0005737;GO:0005524;GO:0008349;GO:0106310	C:cytoplasm;F:ATP binding;F:MAP kinase kinase kinase kinase activity;F:protein serine kinase activity	IEA:TreeGrafter;IEA:UniProtKB-UniRule;IEA:InterPro;IEA:RHEA	Success
A0A1D2MJA6	A0A1D2MJA6	A0A1D2MJA6_ORCCI	Gustatory receptor	NA	Orchesella cincta	GO:0016020;GO:0038023;GO:0051606;GO:0007606	C:membrane;F:signaling receptor activity;P:detection of stimulus;P:sensory perception of chemical stimulus	IEA:UniProtKB-SubCell;IEA:UniProtKB-ARBA;IEA:UniProtKB-ARBA;IEA:TreeGrafter	Success
A0A1D2MJR1	A0A1D2MJR1	A0A1D2MJR1_ORCCI	Gustatory receptor	NA	Orchesella cincta	GO:0016020	C:membrane	IEA:UniProtKB-KW	Success
A0A1D2MJR1	A0A1D2MJR1	A0A1D2MJR1_ORCCI	Gustatory receptor	NA	Orchesella cincta	GO:0016020	C:membrane	IEA:UniProtKB-KW	Success
A0A1D2MMS3	A0A1D2MMS3	A0A1D2MMS3_ORCCI	Fanconi anemia group J protein	NA	Orchesella cincta	GO:0051539;GO:0005524;GO:0003677;GO:0003678;GO:0016818;GO:0046872;GO:0006281	F:4 iron, 4 sulfur cluster binding;F:ATP binding;F:DNA binding;F:DNA helicase activity;F:hydrolase activity, acting on acid anhydrides, in phosphorus-containing anhydrides;F:metal ion binding;P:DNA repair	IEA:UniProtKB-KW;IEA:UniProtKB-KW;IEA:UniProtKB-KW;IEA:InterPro;IEA:InterPro;IEA:UniProtKB-KW;IEA:UniProtKB-KW	Success
A0A1D2MQI3	A0A1D2MQI3	A0A1D2MQI3_ORCCI	Prolyl 4-hydroxylase subunit alpha-3	NA	Orchesella cincta	GO:0005783;GO:0005506;GO:0031418;GO:0004656	C:endoplasmic reticulum;F:iron ion binding;F:L-ascorbic acid binding;F:procollagen-proline 4-dioxygenase activity	IEA:UniProtKB-KW;IEA:InterPro;IEA:UniProtKB-KW;IEA:TreeGrafter	Success
A0A1D2MCP7	A0A1D2MCP7	A0A1D2MCP7_ORCCI	Serine/threonine-protein kinase/endoribonuclease IRE1	NA	Orchesella cincta	GO:1990604;GO:0005524;GO:0004674;GO:0004521;GO:0051082;GO:0070059;GO:0036498;GO:0006397	C:IRE1-TRAF2-ASK1 complex;F:ATP binding;F:protein serine/threonine kinase activity;F:RNA endonuclease activity;F:unfolded protein binding;P:intrinsic apoptotic signaling pathway in response to endoplasmic reticulum stress;P:IRE1-mediated unfolded protein response;P:mRNA processing	IEA:TreeGrafter;IEA:UniProtKB-UniRule;IEA:UniProtKB-KW;IEA:InterPro;IEA:TreeGrafter;IEA:TreeGrafter;IEA:TreeGrafter;IEA:InterPro	Success
A0A1D2MBC2	A0A1D2MBC2	A0A1D2MBC2_ORCCI	Zinc finger BED domain-containing protein 4	NA	Orchesella cincta	GO:0005634;GO:0046983	C:nucleus;F:protein dimerization activity	IEA:UniProtKB-SubCell;IEA:InterPro	Success
A0A1D2N524	A0A1D2N524	A0A1D2N524_ORCCI	NADH dehydrogenase [ubiquinone] 1 alpha subcomplex subunit 11	NA	Orchesella cincta	GO:0005743;GO:0045271;GO:0006120	C:mitochondrial inner membrane;C:respiratory chain complex I;P:mitochondrial electron transport, NADH to ubiquinone	IEA:UniProtKB-SubCell;IEA:InterPro;IEA:InterPro	Success
A0A1D2MAT7	A0A1D2MAT7	A0A1D2MAT7_ORCCI	Glucose 1,6-bisphosphate synthase	NA	Orchesella cincta	GO:0016020	C:membrane	IEA:UniProtKB-KW	Success
A0A1D2MG89	A0A1D2MG89	A0A1D2MG89_ORCCI	Uncharacterized protein	NA	Orchesella cincta	NA	NA	NA	Success
A0A1D2N599	A0A1D2N599	A0A1D2N599_ORCCI	Vascular endothelial growth factor receptor 3	NA	Orchesella cincta	GO:0005886;GO:0043235;GO:0005524;GO:0004714;GO:0007169	C:plasma membrane;C:receptor complex;F:ATP binding;F:transmembrane receptor protein tyrosine kinase activity;P:cell surface receptor protein tyrosine kinase signaling pathway	IEA:TreeGrafter;IEA:TreeGrafter;IEA:InterPro;IEA:TreeGrafter;IEA:TreeGrafter	Success
A0A1D2M7P0	A0A1D2M7P0	A0A1D2M7P0_ORCCI	Farnesyl pyrophosphate synthase	NA	Orchesella cincta	GO:0005737;GO:0004337;GO:0004161;GO:0045337;GO:0042811	C:cytoplasm;F:(2E,6E)-farnesyl diphosphate synthase activity;F:dimethylallyltranstransferase activity;P:farnesyl diphosphate biosynthetic process;P:pheromone biosynthetic process	IEA:TreeGrafter;IEA:TreeGrafter;IEA:TreeGrafter;IEA:TreeGrafter;IEA:UniProtKB-ARBA	Success
A0A1D2MAT7	A0A1D2MAT7	A0A1D2MAT7_ORCCI	Glucose 1,6-bisphosphate synthase	NA	Orchesella cincta	GO:0016020	C:membrane	IEA:UniProtKB-KW	Success
A0A1D2M1B3	A0A1D2M1B3	A0A1D2M1B3_ORCCI	Uncharacterized protein	NA	Orchesella cincta	NA	NA	NA	Success
A0A1D2MGJ5	A0A1D2MGJ5	A0A1D2MGJ5_ORCCI	WD repeat-containing protein WRAP73	NA	Orchesella cincta	GO:0005815;GO:1990811	C:microtubule organizing center;C:MWP complex	IEA:TreeGrafter;IEA:TreeGrafter	Success
A0A1D2MGJ5	A0A1D2MGJ5	A0A1D2MGJ5_ORCCI	WD repeat-containing protein WRAP73	NA	Orchesella cincta	GO:0005815;GO:1990811	C:microtubule organizing center;C:MWP complex	IEA:TreeGrafter;IEA:TreeGrafter	Success
A0A1D2MGJ5	A0A1D2MGJ5	A0A1D2MGJ5_ORCCI	WD repeat-containing protein WRAP73	NA	Orchesella cincta	GO:0005815;GO:1990811	C:microtubule organizing center;C:MWP complex	IEA:TreeGrafter;IEA:TreeGrafter	Success
A0A1D2MTY8	A0A1D2MTY8	A0A1D2MTY8_ORCCI	Trypsin-1	NA	Orchesella cincta	GO:0004252;GO:0006508	F:serine-type endopeptidase activity;P:proteolysis	IEA:InterPro;IEA:InterPro	Success
A0A1D2M8I2	A0A1D2M8I2	A0A1D2M8I2_ORCCI	Uncharacterized protein	NA	Orchesella cincta	NA	NA	NA	Success
A0A1D2MCL1	A0A1D2MCL1	A0A1D2MCL1_ORCCI	Uncharacterized protein	NA	Orchesella cincta	GO:0016020	C:membrane	IEA:UniProtKB-KW	Success
A0A1D2MDP6	A0A1D2MDP6	A0A1D2MDP6_ORCCI	Putative zinc finger protein	NA	Orchesella cincta	GO:0005634;GO:0003677;GO:0008270;GO:0006357	C:nucleus;F:DNA binding;F:zinc ion binding;P:regulation of transcription by RNA polymerase II	IEA:UniProtKB-SubCell;IEA:InterPro;IEA:UniProtKB-KW;IEA:TreeGrafter	Success
A0A1D2MUF2	A0A1D2MUF2	A0A1D2MUF2_ORCCI	Uncharacterized protein	NA	Orchesella cincta	NA	NA	NA	Success
A0A1D2MG19	A0A1D2MG19	A0A1D2MG19_ORCCI	Matrilysin	NA	Orchesella cincta	GO:0031012;GO:0016020;GO:0004222;GO:0008270;GO:0030574;GO:0030198;GO:0006508	C:extracellular matrix;C:membrane;F:metalloendopeptidase activity;F:zinc ion binding;P:collagen catabolic process;P:extracellular matrix organization;P:proteolysis	IEA:InterPro;IEA:UniProtKB-KW;IEA:InterPro;IEA:InterPro;IEA:TreeGrafter;IEA:TreeGrafter;IEA:UniProtKB-KW	Success
A0A1D2NC36	A0A1D2NC36	A0A1D2NC36_ORCCI	Cathepsin L1 (S)	NA	Orchesella cincta	GO:0008234;GO:0006508	F:cysteine-type peptidase activity;P:proteolysis	IEA:UniProtKB-KW;IEA:UniProtKB-KW	Success
A0A1D2NBE7	A0A1D2NBE7	A0A1D2NBE7_ORCCI	Uncharacterized protein	NA	Orchesella cincta	GO:0030141;GO:0007218	C:secretory granule;P:neuropeptide signaling pathway	IEA:InterPro;IEA:InterPro	Success
A0A1D2MGG7	A0A1D2MGG7	A0A1D2MGG7_ORCCI	Bacillopeptidase F	NA	Orchesella cincta	GO:0004252;GO:0006508	F:serine-type endopeptidase activity;P:proteolysis	IEA:InterPro;IEA:UniProtKB-KW	Success
A0A1D2MG19	A0A1D2MG19	A0A1D2MG19_ORCCI	Matrilysin	NA	Orchesella cincta	GO:0031012;GO:0016020;GO:0004222;GO:0008270;GO:0030574;GO:0030198;GO:0006508	C:extracellular matrix;C:membrane;F:metalloendopeptidase activity;F:zinc ion binding;P:collagen catabolic process;P:extracellular matrix organization;P:proteolysis	IEA:InterPro;IEA:UniProtKB-KW;IEA:InterPro;IEA:InterPro;IEA:TreeGrafter;IEA:TreeGrafter;IEA:UniProtKB-KW	Success
A0A1D2MHF5	A0A1D2MHF5	A0A1D2MHF5_ORCCI	Extradiol ring-cleavage dioxygenase class III enzyme subunit B domain-containing protein	NA	Orchesella cincta	GO:0008198;GO:0016702	F:ferrous iron binding;F:oxidoreductase activity, acting on single donors with incorporation of molecular oxygen, incorporation of two atoms of oxygen	IEA:InterPro;IEA:UniProtKB-ARBA	Success
A0A1D2M8I2	A0A1D2M8I2	A0A1D2M8I2_ORCCI	Uncharacterized protein	NA	Orchesella cincta	NA	NA	NA	Success
A0A1D2NGU7	A0A1D2NGU7	A0A1D2NGU7_ORCCI	Cytochrome P450 4c3	NA	Orchesella cincta	GO:0005789;GO:0020037;GO:0005506;GO:0004497;GO:0016705	C:endoplasmic reticulum membrane;F:heme binding;F:iron ion binding;F:monooxygenase activity;F:oxidoreductase activity, acting on paired donors, with incorporation or reduction of molecular oxygen	IEA:UniProtKB-SubCell;IEA:InterPro;IEA:InterPro;IEA:UniProtKB-KW;IEA:InterPro	Success
A0A1D2MJR1	A0A1D2MJR1	A0A1D2MJR1_ORCCI	Gustatory receptor	NA	Orchesella cincta	GO:0016020	C:membrane	IEA:UniProtKB-KW	Success
A0A1D2M9H9	A0A1D2M9H9	A0A1D2M9H9_ORCCI	BTB/POZ domain-containing protein 8	NA	Orchesella cincta	NA	NA	NA	Success
A0A1D2MJA6	A0A1D2MJA6	A0A1D2MJA6_ORCCI	Gustatory receptor	NA	Orchesella cincta	GO:0016020;GO:0038023;GO:0051606;GO:0007606	C:membrane;F:signaling receptor activity;P:detection of stimulus;P:sensory perception of chemical stimulus	IEA:UniProtKB-SubCell;IEA:UniProtKB-ARBA;IEA:UniProtKB-ARBA;IEA:TreeGrafter	Success
A0A1D2NCJ3	A0A1D2NCJ3	A0A1D2NCJ3_ORCCI	Glucan endo-1,3-beta-glucosidase	NA	Orchesella cincta	NA	NA	NA	Success
A0A1D2M2W9	A0A1D2M2W9	A0A1D2M2W9_ORCCI	Deoxyribonuclease-2-beta	NA	Orchesella cincta	GO:0005576;GO:0004531;GO:0016298;GO:0006309	C:extracellular region;F:deoxyribonuclease II activity;F:lipase activity;P:apoptotic DNA fragmentation	IEA:UniProtKB-SubCell;IEA:InterPro;IEA:InterPro;IEA:TreeGrafter	Success
A0A1D2NCJ3	A0A1D2NCJ3	A0A1D2NCJ3_ORCCI	Glucan endo-1,3-beta-glucosidase	NA	Orchesella cincta	NA	NA	NA	Success
A0A1D2MJA6	A0A1D2MJA6	A0A1D2MJA6_ORCCI	Gustatory receptor	NA	Orchesella cincta	GO:0016020;GO:0038023;GO:0051606;GO:0007606	C:membrane;F:signaling receptor activity;P:detection of stimulus;P:sensory perception of chemical stimulus	IEA:UniProtKB-SubCell;IEA:UniProtKB-ARBA;IEA:UniProtKB-ARBA;IEA:TreeGrafter	Success
A0A1D2M8W7	A0A1D2M8W7	A0A1D2M8W7_ORCCI	Membrane-bound transcription factor site-1 protease	NA	Orchesella cincta	GO:0004252;GO:0006508	F:serine-type endopeptidase activity;P:proteolysis	IEA:InterPro;IEA:UniProtKB-KW	Success
A0A1D2M0N5	A0A1D2M0N5	A0A1D2M0N5_ORCCI	Putative RNA-directed DNA polymerase from transposon BS	NA	Orchesella cincta	GO:0016020;GO:0003964	C:membrane;F:RNA-directed DNA polymerase activity	IEA:UniProtKB-KW;IEA:UniProtKB-KW	Success
A0A1D2MG19	A0A1D2MG19	A0A1D2MG19_ORCCI	Matrilysin	NA	Orchesella cincta	GO:0031012;GO:0016020;GO:0004222;GO:0008270;GO:0030574;GO:0030198;GO:0006508	C:extracellular matrix;C:membrane;F:metalloendopeptidase activity;F:zinc ion binding;P:collagen catabolic process;P:extracellular matrix organization;P:proteolysis	IEA:InterPro;IEA:UniProtKB-KW;IEA:InterPro;IEA:InterPro;IEA:TreeGrafter;IEA:TreeGrafter;IEA:UniProtKB-KW	Success
A0A1D2N000	A0A1D2N000	A0A1D2N000_ORCCI	Transient receptor potential channel pyrexia	NA	Orchesella cincta	GO:0034703;GO:0005216	C:cation channel complex;F:monoatomic ion channel activity	IEA:UniProtKB-ARBA;IEA:InterPro	Success
A0A1D2MBY9	A0A1D2MBY9	A0A1D2MBY9_ORCCI	Tail fiber protein S	NA	Orchesella cincta	NA	NA	NA	Success
A0A1D2MJX6	A0A1D2MJX6	A0A1D2MJX6_ORCCI	SEC14-like protein 2	NA	Orchesella cincta	GO:0005737	C:cytoplasm	IEA:TreeGrafter	Success
A0A1D2MI06	A0A1D2MI06	A0A1D2MI06_ORCCI	Farnesyl pyrophosphate synthase	NA	Orchesella cincta	GO:0005737;GO:0004337;GO:0004161;GO:0045337;GO:0042811	C:cytoplasm;F:(2E,6E)-farnesyl diphosphate synthase activity;F:dimethylallyltranstransferase activity;P:farnesyl diphosphate biosynthetic process;P:pheromone biosynthetic process	IEA:TreeGrafter;IEA:TreeGrafter;IEA:TreeGrafter;IEA:TreeGrafter;IEA:UniProtKB-ARBA	Success
A0A1D2M6M6	A0A1D2M6M6	A0A1D2M6M6_ORCCI	Cytochrome P450 2J6	NA	Orchesella cincta	GO:0005737;GO:0043231;GO:0020037;GO:0005506;GO:0016712;GO:0008395;GO:0006082;GO:0006805	C:cytoplasm;C:intracellular membrane-bounded organelle;F:heme binding;F:iron ion binding;F:oxidoreductase activity, acting on paired donors, with incorporation or reduction of molecular oxygen, reduced flavin or flavoprotein as one donor, and incorporation of one atom of oxygen;F:steroid hydroxylase activity;P:organic acid metabolic process;P:xenobiotic metabolic process	IEA:TreeGrafter;IEA:TreeGrafter;IEA:InterPro;IEA:InterPro;IEA:TreeGrafter;IEA:TreeGrafter;IEA:TreeGrafter;IEA:TreeGrafter	Success
A0A1D2NJ66	A0A1D2NJ66	A0A1D2NJ66_ORCCI	thioredoxin-disulfide reductase	NA	Orchesella cincta	GO:0005829;GO:0005739;GO:0050660;GO:0004362;GO:0004791;GO:0045454;GO:0034599;GO:0006749	C:cytosol;C:mitochondrion;F:flavin adenine dinucleotide binding;F:glutathione-disulfide reductase (NADPH) activity;F:thioredoxin-disulfide reductase (NADPH) activity;P:cell redox homeostasis;P:cellular response to oxidative stress;P:glutathione metabolic process	IEA:TreeGrafter;IEA:TreeGrafter;IEA:InterPro;IEA:TreeGrafter;IEA:InterPro;IEA:InterPro;IEA:TreeGrafter;IEA:TreeGrafter	Success
A0A1D2N404	A0A1D2N404	A0A1D2N404_ORCCI	Flavin-containing monooxygenase	NA	Orchesella cincta	GO:0050660;GO:0004499;GO:0050661	F:flavin adenine dinucleotide binding;F:N,N-dimethylaniline monooxygenase activity;F:NADP binding	IEA:InterPro;IEA:InterPro;IEA:InterPro	Success
A0A1D2NCL1	A0A1D2NCL1	A0A1D2NCL1_ORCCI	Piwi-like protein 1	NA	Orchesella cincta	GO:0003723;GO:0034587	F:RNA binding;P:piRNA processing	IEA:InterPro;IEA:UniProtKB-ARBA	Success
A0A1D2MZJ6	A0A1D2MZJ6	A0A1D2MZJ6_ORCCI	Neuropeptide FF receptor 2	NA	Orchesella cincta	GO:0005886;GO:0004930	C:plasma membrane;F:G protein-coupled receptor activity	IEA:TreeGrafter;IEA:UniProtKB-KW	Success
A0A1D2MG19	A0A1D2MG19	A0A1D2MG19_ORCCI	Matrilysin	NA	Orchesella cincta	GO:0031012;GO:0016020;GO:0004222;GO:0008270;GO:0030574;GO:0030198;GO:0006508	C:extracellular matrix;C:membrane;F:metalloendopeptidase activity;F:zinc ion binding;P:collagen catabolic process;P:extracellular matrix organization;P:proteolysis	IEA:InterPro;IEA:UniProtKB-KW;IEA:InterPro;IEA:InterPro;IEA:TreeGrafter;IEA:TreeGrafter;IEA:UniProtKB-KW	Success
A0A1D2MZ22	A0A1D2MZ22	A0A1D2MZ22_ORCCI	Epoxide hydrolase 4	NA	Orchesella cincta	GO:0016020;GO:0004301	C:membrane;F:epoxide hydrolase activity	IEA:UniProtKB-KW;IEA:UniProtKB-ARBA	Success
A0A1D2MSN0	A0A1D2MSN0	A0A1D2MSN0_ORCCI	Putative RNA-binding protein EEED8.10	NA	Orchesella cincta	NA	NA	NA	Success
A0A1D2M8I2	A0A1D2M8I2	A0A1D2M8I2_ORCCI	Uncharacterized protein	NA	Orchesella cincta	NA	NA	NA	Success
A0A1D2MUL7	A0A1D2MUL7	A0A1D2MUL7_ORCCI	Venom carboxylesterase-6	NA	Orchesella cincta	NA	NA	NA	Success
A0A1D2M7W5	A0A1D2M7W5	A0A1D2M7W5_ORCCI	Uncharacterized protein	NA	Orchesella cincta	GO:0016020	C:membrane	IEA:UniProtKB-KW	Success
A0A1D2M802	A0A1D2M802	A0A1D2M802_ORCCI	Speckle-type POZ protein-like	NA	Orchesella cincta	NA	NA	NA	Success
A0A1D2MGY1	A0A1D2MGY1	A0A1D2MGY1_ORCCI	Solute carrier family 35 member F1	NA	Orchesella cincta	GO:0016020;GO:0022857	C:membrane;F:transmembrane transporter activity	IEA:UniProtKB-SubCell;IEA:InterPro	Success
A0A1D2N9B5	A0A1D2N9B5	A0A1D2N9B5_ORCCI	Pancreatic triacylglycerol lipase	NA	Orchesella cincta	GO:0005615;GO:0004806;GO:0016042	C:extracellular space;F:triacylglycerol lipase activity;P:lipid catabolic process	IEA:TreeGrafter;IEA:InterPro;IEA:TreeGrafter	Success
A0A1D2MIJ9	A0A1D2MIJ9	A0A1D2MIJ9_ORCCI	Lysosome membrane protein 2	NA	Orchesella cincta	GO:0005737;GO:0005886;GO:0005044	C:cytoplasm;C:plasma membrane;F:scavenger receptor activity	IEA:TreeGrafter;IEA:UniProtKB-SubCell;IEA:TreeGrafter	Success
A0A1D2MAL6	A0A1D2MAL6	A0A1D2MAL6_ORCCI	Uncharacterized protein	NA	Orchesella cincta	GO:0016020;GO:0020037;GO:0005506;GO:0004508;GO:0042446;GO:0042448	C:membrane;F:heme binding;F:iron ion binding;F:steroid 17-alpha-monooxygenase activity;P:hormone biosynthetic process;P:progesterone metabolic process	IEA:UniProtKB-KW;IEA:InterPro;IEA:InterPro;IEA:TreeGrafter;IEA:TreeGrafter;IEA:TreeGrafter	Success
A0A1D2MAL6	A0A1D2MAL6	A0A1D2MAL6_ORCCI	Uncharacterized protein	NA	Orchesella cincta	GO:0016020;GO:0020037;GO:0005506;GO:0004508;GO:0042446;GO:0042448	C:membrane;F:heme binding;F:iron ion binding;F:steroid 17-alpha-monooxygenase activity;P:hormone biosynthetic process;P:progesterone metabolic process	IEA:UniProtKB-KW;IEA:InterPro;IEA:InterPro;IEA:TreeGrafter;IEA:TreeGrafter;IEA:TreeGrafter	Success
A0A1D2MCL1	A0A1D2MCL1	A0A1D2MCL1_ORCCI	Uncharacterized protein	NA	Orchesella cincta	GO:0016020	C:membrane	IEA:UniProtKB-KW	Success
A0A1D2MAL6	A0A1D2MAL6	A0A1D2MAL6_ORCCI	Uncharacterized protein	NA	Orchesella cincta	GO:0016020;GO:0020037;GO:0005506;GO:0004508;GO:0042446;GO:0042448	C:membrane;F:heme binding;F:iron ion binding;F:steroid 17-alpha-monooxygenase activity;P:hormone biosynthetic process;P:progesterone metabolic process	IEA:UniProtKB-KW;IEA:InterPro;IEA:InterPro;IEA:TreeGrafter;IEA:TreeGrafter;IEA:TreeGrafter	Success
A0A1D2MAL6	A0A1D2MAL6	A0A1D2MAL6_ORCCI	Uncharacterized protein	NA	Orchesella cincta	GO:0016020;GO:0020037;GO:0005506;GO:0004508;GO:0042446;GO:0042448	C:membrane;F:heme binding;F:iron ion binding;F:steroid 17-alpha-monooxygenase activity;P:hormone biosynthetic process;P:progesterone metabolic process	IEA:UniProtKB-KW;IEA:InterPro;IEA:InterPro;IEA:TreeGrafter;IEA:TreeGrafter;IEA:TreeGrafter	Success
A0A1D2MAL6	A0A1D2MAL6	A0A1D2MAL6_ORCCI	Uncharacterized protein	NA	Orchesella cincta	GO:0016020;GO:0020037;GO:0005506;GO:0004508;GO:0042446;GO:0042448	C:membrane;F:heme binding;F:iron ion binding;F:steroid 17-alpha-monooxygenase activity;P:hormone biosynthetic process;P:progesterone metabolic process	IEA:UniProtKB-KW;IEA:InterPro;IEA:InterPro;IEA:TreeGrafter;IEA:TreeGrafter;IEA:TreeGrafter	Success
A0A1D2M5K7	A0A1D2M5K7	A0A1D2M5K7_ORCCI	RNA-directed DNA polymerase from mobile element jockey	NA	Orchesella cincta	GO:0003964	F:RNA-directed DNA polymerase activity	IEA:UniProtKB-KW	Success
A0A1D2M949	A0A1D2M949	A0A1D2M949_ORCCI	Uncharacterized protein	NA	Orchesella cincta	GO:0016020	C:membrane	IEA:UniProtKB-KW	Success
A0A1D2N4D7	A0A1D2N4D7	A0A1D2N4D7_ORCCI	Lachesin	NA	Orchesella cincta	GO:0032589;GO:0050808	C:neuron projection membrane;P:synapse organization	IEA:TreeGrafter;IEA:TreeGrafter	Success
A0A1D2NAX5	A0A1D2NAX5	A0A1D2NAX5_ORCCI	Putative oxidoreductase dhs-27	NA	Orchesella cincta	NA	NA	NA	Success
A0A1D2MG08	A0A1D2MG08	A0A1D2MG08_ORCCI	Anion exchange protein	NA	Orchesella cincta	GO:0005886;GO:0008509;GO:0005452;GO:0015701;GO:0051453	C:plasma membrane;F:monoatomic anion transmembrane transporter activity;F:solute:inorganic anion antiporter activity;P:bicarbonate transport;P:regulation of intracellular pH	IEA:UniProtKB-SubCell;IEA:InterPro;IEA:InterPro;IEA:TreeGrafter;IEA:TreeGrafter	Success
A0A1D2MG08	A0A1D2MG08	A0A1D2MG08_ORCCI	Anion exchange protein	NA	Orchesella cincta	GO:0005886;GO:0008509;GO:0005452;GO:0015701;GO:0051453	C:plasma membrane;F:monoatomic anion transmembrane transporter activity;F:solute:inorganic anion antiporter activity;P:bicarbonate transport;P:regulation of intracellular pH	IEA:UniProtKB-SubCell;IEA:InterPro;IEA:InterPro;IEA:TreeGrafter;IEA:TreeGrafter	Success
A0A1D2MG08	A0A1D2MG08	A0A1D2MG08_ORCCI	Anion exchange protein	NA	Orchesella cincta	GO:0005886;GO:0008509;GO:0005452;GO:0015701;GO:0051453	C:plasma membrane;F:monoatomic anion transmembrane transporter activity;F:solute:inorganic anion antiporter activity;P:bicarbonate transport;P:regulation of intracellular pH	IEA:UniProtKB-SubCell;IEA:InterPro;IEA:InterPro;IEA:TreeGrafter;IEA:TreeGrafter	Success
A0A1D2MG08	A0A1D2MG08	A0A1D2MG08_ORCCI	Anion exchange protein	NA	Orchesella cincta	GO:0005886;GO:0008509;GO:0005452;GO:0015701;GO:0051453	C:plasma membrane;F:monoatomic anion transmembrane transporter activity;F:solute:inorganic anion antiporter activity;P:bicarbonate transport;P:regulation of intracellular pH	IEA:UniProtKB-SubCell;IEA:InterPro;IEA:InterPro;IEA:TreeGrafter;IEA:TreeGrafter	Success
A0A1D2NK74	A0A1D2NK74	A0A1D2NK74_ORCCI	RNA exonuclease 4	NA	Orchesella cincta	GO:0005634;GO:0008408;GO:0003676;GO:0006364	C:nucleus;F:3'-5' exonuclease activity;F:nucleic acid binding;P:rRNA processing	IEA:UniProtKB-SubCell;IEA:InterPro;IEA:InterPro;IEA:InterPro	Success
A0A1D2N5X9	A0A1D2N5X9	A0A1D2N5X9_ORCCI	Short-chain dehydrogenase/reductase 3	NA	Orchesella cincta	GO:0005811;GO:0016020;GO:0016616	C:lipid droplet;C:membrane;F:oxidoreductase activity, acting on the CH-OH group of donors, NAD or NADP as acceptor	IEA:TreeGrafter;IEA:UniProtKB-KW;IEA:TreeGrafter	Success
A0A1D2N5X9	A0A1D2N5X9	A0A1D2N5X9_ORCCI	Short-chain dehydrogenase/reductase 3	NA	Orchesella cincta	GO:0005811;GO:0016020;GO:0016616	C:lipid droplet;C:membrane;F:oxidoreductase activity, acting on the CH-OH group of donors, NAD or NADP as acceptor	IEA:TreeGrafter;IEA:UniProtKB-KW;IEA:TreeGrafter	Success
A0A1D2N5X9	A0A1D2N5X9	A0A1D2N5X9_ORCCI	Short-chain dehydrogenase/reductase 3	NA	Orchesella cincta	GO:0005811;GO:0016020;GO:0016616	C:lipid droplet;C:membrane;F:oxidoreductase activity, acting on the CH-OH group of donors, NAD or NADP as acceptor	IEA:TreeGrafter;IEA:UniProtKB-KW;IEA:TreeGrafter	Success
A0A1D2N5X9	A0A1D2N5X9	A0A1D2N5X9_ORCCI	Short-chain dehydrogenase/reductase 3	NA	Orchesella cincta	GO:0005811;GO:0016020;GO:0016616	C:lipid droplet;C:membrane;F:oxidoreductase activity, acting on the CH-OH group of donors, NAD or NADP as acceptor	IEA:TreeGrafter;IEA:UniProtKB-KW;IEA:TreeGrafter	Success
A0A1D2N2P6	A0A1D2N2P6	A0A1D2N2P6_ORCCI	Valacyclovir hydrolase	NA	Orchesella cincta	GO:0017171	F:serine hydrolase activity	IEA:TreeGrafter	Success
A0A1D2N5X9	A0A1D2N5X9	A0A1D2N5X9_ORCCI	Short-chain dehydrogenase/reductase 3	NA	Orchesella cincta	GO:0005811;GO:0016020;GO:0016616	C:lipid droplet;C:membrane;F:oxidoreductase activity, acting on the CH-OH group of donors, NAD or NADP as acceptor	IEA:TreeGrafter;IEA:UniProtKB-KW;IEA:TreeGrafter	Success
A0A1D2N3L7	A0A1D2N3L7	A0A1D2N3L7_ORCCI	Small integral membrane protein 20	NA	Orchesella cincta	GO:0005743;GO:0033617	C:mitochondrial inner membrane;P:mitochondrial cytochrome c oxidase assembly	IEA:TreeGrafter;IEA:InterPro	Success
A0A1D2N1I2	A0A1D2N1I2	A0A1D2N1I2_ORCCI	Zinc transporter ZIP1	NA	Orchesella cincta	GO:0005886;GO:0005385	C:plasma membrane;F:zinc ion transmembrane transporter activity	IEA:TreeGrafter;IEA:TreeGrafter	Success
A0A1D2MJ84	A0A1D2MJ84	A0A1D2MJ84_ORCCI	Protein Star	NA	Orchesella cincta	GO:0005789;GO:0005794;GO:0031902;GO:0005886;GO:0006888;GO:0016197	C:endoplasmic reticulum membrane;C:Golgi apparatus;C:late endosome membrane;C:plasma membrane;P:endoplasmic reticulum to Golgi vesicle-mediated transport;P:endosomal transport	IEA:TreeGrafter;IEA:TreeGrafter;IEA:TreeGrafter;IEA:TreeGrafter;IEA:TreeGrafter;IEA:TreeGrafter	Success
A0A1D2NAJ3	A0A1D2NAJ3	A0A1D2NAJ3_ORCCI	GDP-mannose 4,6-dehydratase	NA	Orchesella cincta	GO:0008446;GO:0042351	F:GDP-mannose 4,6-dehydratase activity;P:'de novo' GDP-L-fucose biosynthetic process	IEA:UniProtKB-EC;IEA:UniProtKB-UniPathway	Success
A0A1D2NAJ0	A0A1D2NAJ0	A0A1D2NAJ0_ORCCI	Nuclear valosin-containing protein-like	NA	Orchesella cincta	GO:0005634;GO:0005524;GO:0016887;GO:1990275;GO:0003723;GO:0042254	C:nucleus;F:ATP binding;F:ATP hydrolysis activity;F:preribosome binding;F:RNA binding;P:ribosome biogenesis	IEA:TreeGrafter;IEA:InterPro;IEA:InterPro;IEA:TreeGrafter;IEA:TreeGrafter;IEA:TreeGrafter	Success
A0A1D2MML7	A0A1D2MML7	A0A1D2MML7_ORCCI	Gonadotropin-releasing hormone receptor	NA	Orchesella cincta	GO:0005886;GO:0004930;GO:0042277;GO:0032870	C:plasma membrane;F:G protein-coupled receptor activity;F:peptide binding;P:cellular response to hormone stimulus	IEA:UniProtKB-SubCell;IEA:UniProtKB-KW;IEA:TreeGrafter;IEA:TreeGrafter	Success
A0A1D2MM35	A0A1D2MM35	A0A1D2MM35_ORCCI	Gonadotropin-releasing hormone II receptor	NA	Orchesella cincta	GO:0005886;GO:0004930;GO:0042277;GO:0032870	C:plasma membrane;F:G protein-coupled receptor activity;F:peptide binding;P:cellular response to hormone stimulus	IEA:UniProtKB-SubCell;IEA:UniProtKB-KW;IEA:TreeGrafter;IEA:TreeGrafter	Success
A0A1D2MZK3	A0A1D2MZK3	A0A1D2MZK3_ORCCI	Thrombospondin type-1 domain-containing protein 4	NA	Orchesella cincta	GO:0031012;GO:0005576;GO:0004222;GO:0030198;GO:0006508	C:extracellular matrix;C:extracellular region;F:metalloendopeptidase activity;P:extracellular matrix organization;P:proteolysis	IEA:TreeGrafter;IEA:UniProtKB-SubCell;IEA:TreeGrafter;IEA:TreeGrafter;IEA:TreeGrafter	Success
A0A1D2MKZ7	A0A1D2MKZ7	A0A1D2MKZ7_ORCCI	Coiled-coil domain-containing protein 112	NA	Orchesella cincta	NA	NA	NA	Success
A0A1D2MKZ7	A0A1D2MKZ7	A0A1D2MKZ7_ORCCI	Coiled-coil domain-containing protein 112	NA	Orchesella cincta	NA	NA	NA	Success
A0A1D2MY60	A0A1D2MY60	A0A1D2MY60_ORCCI	Ubiquitin-conjugating enzyme E2 Q2	NA	Orchesella cincta	NA	NA	NA	Success
A0A1D2MZ92	A0A1D2MZ92	A0A1D2MZ92_ORCCI	Major facilitator superfamily domain-containing protein 10	NA	Orchesella cincta	GO:0031526;GO:0022857	C:brush border membrane;F:transmembrane transporter activity	IEA:TreeGrafter;IEA:InterPro	Success
A0A1D2MY46	A0A1D2MY46	A0A1D2MY46_ORCCI	Transcription initiation factor IIA subunit 2	NA	Orchesella cincta	GO:0005672;GO:0003743;GO:0006367	C:transcription factor TFIIA complex;F:translation initiation factor activity;P:transcription initiation at RNA polymerase II promoter	IEA:InterPro;IEA:UniProtKB-KW;IEA:InterPro	Success
A0A1D2NGA8	A0A1D2NGA8	A0A1D2NGA8_ORCCI	Melanoma-associated antigen 10	NA	Orchesella cincta	GO:0016020	C:membrane	IEA:UniProtKB-KW	Success
A0A1D2NGA8	A0A1D2NGA8	A0A1D2NGA8_ORCCI	Melanoma-associated antigen 10	NA	Orchesella cincta	GO:0016020	C:membrane	IEA:UniProtKB-KW	Success
A0A1D2N1Y5	A0A1D2N1Y5	A0A1D2N1Y5_ORCCI	Longitudinals lacking protein-like	NA	Orchesella cincta	GO:0005634;GO:0008270;GO:0048513;GO:0003006;GO:0048666;GO:0006357	C:nucleus;F:zinc ion binding;P:animal organ development;P:developmental process involved in reproduction;P:neuron development;P:regulation of transcription by RNA polymerase II	IEA:TreeGrafter;IEA:UniProtKB-KW;IEA:UniProtKB-ARBA;IEA:UniProtKB-ARBA;IEA:UniProtKB-ARBA;IEA:TreeGrafter	Success
A0A1D2NHG0	A0A1D2NHG0	A0A1D2NHG0_ORCCI	RanBP-type and C3HC4-type zinc finger-containing protein 1	NA	Orchesella cincta	GO:0071797;GO:0043130;GO:0004842;GO:0008270;GO:0009893;GO:0043161;GO:0097039;GO:0060255	C:LUBAC complex;F:ubiquitin binding;F:ubiquitin-protein transferase activity;F:zinc ion binding;P:positive regulation of metabolic process;P:proteasome-mediated ubiquitin-dependent protein catabolic process;P:protein linear polyubiquitination;P:regulation of macromolecule metabolic process	IEA:TreeGrafter;IEA:TreeGrafter;IEA:TreeGrafter;IEA:UniProtKB-KW;IEA:UniProtKB-ARBA;IEA:TreeGrafter;IEA:TreeGrafter;IEA:UniProtKB-ARBA	Success
A0A1D2NHG0	A0A1D2NHG0	A0A1D2NHG0_ORCCI	RanBP-type and C3HC4-type zinc finger-containing protein 1	NA	Orchesella cincta	GO:0071797;GO:0043130;GO:0004842;GO:0008270;GO:0009893;GO:0043161;GO:0097039;GO:0060255	C:LUBAC complex;F:ubiquitin binding;F:ubiquitin-protein transferase activity;F:zinc ion binding;P:positive regulation of metabolic process;P:proteasome-mediated ubiquitin-dependent protein catabolic process;P:protein linear polyubiquitination;P:regulation of macromolecule metabolic process	IEA:TreeGrafter;IEA:TreeGrafter;IEA:TreeGrafter;IEA:UniProtKB-KW;IEA:UniProtKB-ARBA;IEA:TreeGrafter;IEA:TreeGrafter;IEA:UniProtKB-ARBA	Success
A0A1D2NHG0	A0A1D2NHG0	A0A1D2NHG0_ORCCI	RanBP-type and C3HC4-type zinc finger-containing protein 1	NA	Orchesella cincta	GO:0071797;GO:0043130;GO:0004842;GO:0008270;GO:0009893;GO:0043161;GO:0097039;GO:0060255	C:LUBAC complex;F:ubiquitin binding;F:ubiquitin-protein transferase activity;F:zinc ion binding;P:positive regulation of metabolic process;P:proteasome-mediated ubiquitin-dependent protein catabolic process;P:protein linear polyubiquitination;P:regulation of macromolecule metabolic process	IEA:TreeGrafter;IEA:TreeGrafter;IEA:TreeGrafter;IEA:UniProtKB-KW;IEA:UniProtKB-ARBA;IEA:TreeGrafter;IEA:TreeGrafter;IEA:UniProtKB-ARBA	Success
A0A1D2MTR1	A0A1D2MTR1	A0A1D2MTR1_ORCCI	Transient receptor potential cation channel subfamily V member 6	NA	Orchesella cincta	GO:0034703;GO:0005886;GO:0005262;GO:0098703	C:cation channel complex;C:plasma membrane;F:calcium channel activity;P:calcium ion import across plasma membrane	IEA:UniProtKB-ARBA;IEA:UniProtKB-SubCell;IEA:UniProtKB-KW;IEA:TreeGrafter	Success
A0A1D2M7S8	A0A1D2M7S8	A0A1D2M7S8_ORCCI	Failed axon connections	NA	Orchesella cincta	GO:0005737	C:cytoplasm	IEA:TreeGrafter	Success
A0A1D2MLT9	A0A1D2MLT9	A0A1D2MLT9_ORCCI	protein-tyrosine-phosphatase	NA	Orchesella cincta	GO:0005783;GO:0016020;GO:0005634;GO:0004726;GO:0019901;GO:0070373;GO:0046426;GO:0048666	C:endoplasmic reticulum;C:membrane;C:nucleus;F:non-membrane spanning protein tyrosine phosphatase activity;F:protein kinase binding;P:negative regulation of ERK1 and ERK2 cascade;P:negative regulation of receptor signaling pathway via JAK-STAT;P:neuron development	IEA:UniProtKB-SubCell;IEA:UniProtKB-KW;IEA:TreeGrafter;IEA:TreeGrafter;IEA:TreeGrafter;IEA:TreeGrafter;IEA:TreeGrafter;IEA:UniProtKB-ARBA	Success
A0A1D2MTR1	A0A1D2MTR1	A0A1D2MTR1_ORCCI	Transient receptor potential cation channel subfamily V member 6	NA	Orchesella cincta	GO:0034703;GO:0005886;GO:0005262;GO:0098703	C:cation channel complex;C:plasma membrane;F:calcium channel activity;P:calcium ion import across plasma membrane	IEA:UniProtKB-ARBA;IEA:UniProtKB-SubCell;IEA:UniProtKB-KW;IEA:TreeGrafter	Success
A0A1D2NHC9	A0A1D2NHC9	A0A1D2NHC9_ORCCI	Trypsin-1	NA	Orchesella cincta	GO:0004252;GO:0006508	F:serine-type endopeptidase activity;P:proteolysis	IEA:InterPro;IEA:InterPro	Success
A0A1D2MF99	A0A1D2MF99	A0A1D2MF99_ORCCI	Failed axon connections	NA	Orchesella cincta	GO:0005737	C:cytoplasm	IEA:TreeGrafter	Success
A0A1D2MLR0	A0A1D2MLR0	A0A1D2MLR0_ORCCI	Failed axon connections	NA	Orchesella cincta	GO:0005737;GO:0016020	C:cytoplasm;C:membrane	IEA:TreeGrafter;IEA:UniProtKB-KW	Success
A0A1D2MF99	A0A1D2MF99	A0A1D2MF99_ORCCI	Failed axon connections	NA	Orchesella cincta	GO:0005737	C:cytoplasm	IEA:TreeGrafter	Success
A0A1D2MF99	A0A1D2MF99	A0A1D2MF99_ORCCI	Failed axon connections	NA	Orchesella cincta	GO:0005737	C:cytoplasm	IEA:TreeGrafter	Success
A0A1D2M5D2	A0A1D2M5D2	A0A1D2M5D2_ORCCI	Failed axon connections	NA	Orchesella cincta	GO:0005737	C:cytoplasm	IEA:TreeGrafter	Success
A0A1D2M5D2	A0A1D2M5D2	A0A1D2M5D2_ORCCI	Failed axon connections	NA	Orchesella cincta	GO:0005737	C:cytoplasm	IEA:TreeGrafter	Success
A0A1D2MLS8	A0A1D2MLS8	A0A1D2MLS8_ORCCI	Failed axon connections	NA	Orchesella cincta	GO:0005737	C:cytoplasm	IEA:TreeGrafter	Success
A0A1D2M7S8	A0A1D2M7S8	A0A1D2M7S8_ORCCI	Failed axon connections	NA	Orchesella cincta	GO:0005737	C:cytoplasm	IEA:TreeGrafter	Success
A0A1D2MWG5	A0A1D2MWG5	A0A1D2MWG5_ORCCI	TPPP family protein	NA	Orchesella cincta	GO:0005874;GO:0015631;GO:0001578;GO:0046785;GO:0032273	C:microtubule;F:tubulin binding;P:microtubule bundle formation;P:microtubule polymerization;P:positive regulation of protein polymerization	IEA:TreeGrafter;IEA:InterPro;IEA:TreeGrafter;IEA:InterPro;IEA:TreeGrafter	Success
A0A1D2MX61	A0A1D2MX61	A0A1D2MX61_ORCCI	Uncharacterized protein	NA	Orchesella cincta	GO:0031902;GO:0005765;GO:0035658;GO:0010506	C:late endosome membrane;C:lysosomal membrane;C:Mon1-Ccz1 complex;P:regulation of autophagy	IEA:TreeGrafter;IEA:TreeGrafter;IEA:InterPro;IEA:InterPro	Success
A0A1D2NJ42	A0A1D2NJ42	A0A1D2NJ42_ORCCI	Cytochrome c oxidase subunit 6C-2	NA	Orchesella cincta	GO:0005743	C:mitochondrial inner membrane	IEA:UniProtKB-SubCell	Success
A0A1D2NJV6	A0A1D2NJV6	A0A1D2NJV6_ORCCI	Aladin	NA	Orchesella cincta	GO:0005643;GO:0006913	C:nuclear pore;P:nucleocytoplasmic transport	IEA:TreeGrafter;IEA:TreeGrafter	Success
A0A1D2NJV6	A0A1D2NJV6	A0A1D2NJV6_ORCCI	Aladin	NA	Orchesella cincta	GO:0005643;GO:0006913	C:nuclear pore;P:nucleocytoplasmic transport	IEA:TreeGrafter;IEA:TreeGrafter	Success
A0A1D2NJ17	A0A1D2NJ17	A0A1D2NJ17_ORCCI	Protein TSSC1	NA	Orchesella cincta	GO:0016567	P:protein ubiquitination	IEA:TreeGrafter	Success
A0A1D2NHT9	A0A1D2NHT9	A0A1D2NHT9_ORCCI	Uncharacterized protein	NA	Orchesella cincta	GO:0016020	C:membrane	IEA:UniProtKB-KW	Success
A0A1D2MMT0	A0A1D2MMT0	A0A1D2MMT0_ORCCI	SEC14-like protein 2	NA	Orchesella cincta	GO:0005737	C:cytoplasm	IEA:TreeGrafter	Success
A0A1D2MX64	A0A1D2MX64	A0A1D2MX64_ORCCI	Uncharacterized protein	NA	Orchesella cincta	NA	NA	NA	Success
A0A1D2MGY1	A0A1D2MGY1	A0A1D2MGY1_ORCCI	Solute carrier family 35 member F1	NA	Orchesella cincta	GO:0016020;GO:0022857	C:membrane;F:transmembrane transporter activity	IEA:UniProtKB-SubCell;IEA:InterPro	Success
A0A1D2MGY1	A0A1D2MGY1	A0A1D2MGY1_ORCCI	Solute carrier family 35 member F1	NA	Orchesella cincta	GO:0016020;GO:0022857	C:membrane;F:transmembrane transporter activity	IEA:UniProtKB-SubCell;IEA:InterPro	Success
A0A1D2N0C3	A0A1D2N0C3	A0A1D2N0C3_ORCCI	Lovastatin diketide synthase LovF	NA	Orchesella cincta	GO:0004315;GO:0016491;GO:0031177;GO:0006633	F:3-oxoacyl-[acyl-carrier-protein] synthase activity;F:oxidoreductase activity;F:phosphopantetheine binding;P:fatty acid biosynthetic process	IEA:InterPro;IEA:InterPro;IEA:InterPro;IEA:UniProtKB-UniPathway	Success
A0A1D2MLB9	A0A1D2MLB9	A0A1D2MLB9_ORCCI	Phosphatidylinositol 4-phosphate 3-kinase C2 domain-containing subunit alpha	NA	Orchesella cincta	GO:0005737;GO:0005942;GO:0005886;GO:0016303;GO:0035005;GO:0005524;GO:0035091;GO:0016477;GO:0043491;GO:0048015	C:cytoplasm;C:phosphatidylinositol 3-kinase complex;C:plasma membrane;F:1-phosphatidylinositol-3-kinase activity;F:1-phosphatidylinositol-4-phosphate 3-kinase activity;F:ATP binding;F:phosphatidylinositol binding;P:cell migration;P:phosphatidylinositol 3-kinase/protein kinase B signal transduction;P:phosphatidylinositol-mediated signaling	IEA:TreeGrafter;IEA:TreeGrafter;IEA:TreeGrafter;IEA:TreeGrafter;IEA:UniProtKB-EC;IEA:UniProtKB-KW;IEA:InterPro;IEA:TreeGrafter;IEA:TreeGrafter;IEA:TreeGrafter	Success
A0A1D2MLB9	A0A1D2MLB9	A0A1D2MLB9_ORCCI	Phosphatidylinositol 4-phosphate 3-kinase C2 domain-containing subunit alpha	NA	Orchesella cincta	GO:0005737;GO:0005942;GO:0005886;GO:0016303;GO:0035005;GO:0005524;GO:0035091;GO:0016477;GO:0043491;GO:0048015	C:cytoplasm;C:phosphatidylinositol 3-kinase complex;C:plasma membrane;F:1-phosphatidylinositol-3-kinase activity;F:1-phosphatidylinositol-4-phosphate 3-kinase activity;F:ATP binding;F:phosphatidylinositol binding;P:cell migration;P:phosphatidylinositol 3-kinase/protein kinase B signal transduction;P:phosphatidylinositol-mediated signaling	IEA:TreeGrafter;IEA:TreeGrafter;IEA:TreeGrafter;IEA:TreeGrafter;IEA:UniProtKB-EC;IEA:UniProtKB-KW;IEA:InterPro;IEA:TreeGrafter;IEA:TreeGrafter;IEA:TreeGrafter	Success
A0A1D2N0J5	A0A1D2N0J5	A0A1D2N0J5_ORCCI	Alkaline phosphatase	NA	Orchesella cincta	GO:0004035;GO:0046872	F:alkaline phosphatase activity;F:metal ion binding	IEA:UniProtKB-EC;IEA:UniProtKB-KW	Success
A0A1D2MD79	A0A1D2MD79	A0A1D2MD79_ORCCI	Putative zinc finger protein	NA	Orchesella cincta	GO:0005634;GO:0001228;GO:0000978;GO:0008270	C:nucleus;F:DNA-binding transcription activator activity, RNA polymerase II-specific;F:RNA polymerase II cis-regulatory region sequence-specific DNA binding;F:zinc ion binding	IEA:UniProtKB-SubCell;IEA:TreeGrafter;IEA:TreeGrafter;IEA:UniProtKB-KW	Success
A0A1D2ML30	A0A1D2ML30	A0A1D2ML30_ORCCI	peptidylprolyl isomerase	NA	Orchesella cincta	GO:0005737;GO:0003755	C:cytoplasm;F:peptidyl-prolyl cis-trans isomerase activity	IEA:UniProtKB-SubCell;IEA:UniProtKB-KW	Success
A0A1D2N509	A0A1D2N509	A0A1D2N509_ORCCI	Piwi-like protein 1	NA	Orchesella cincta	GO:0003676	F:nucleic acid binding	IEA:InterPro	Success
A0A1D2NCI9	A0A1D2NCI9	A0A1D2NCI9_ORCCI	Zinc finger and SCAN domain-containing protein 12	NA	Orchesella cincta	GO:0008270	F:zinc ion binding	IEA:UniProtKB-KW	Success
A0A1D2NCI9	A0A1D2NCI9	A0A1D2NCI9_ORCCI	Zinc finger and SCAN domain-containing protein 12	NA	Orchesella cincta	GO:0008270	F:zinc ion binding	IEA:UniProtKB-KW	Success
A0A1D2NCI9	A0A1D2NCI9	A0A1D2NCI9_ORCCI	Zinc finger and SCAN domain-containing protein 12	NA	Orchesella cincta	GO:0008270	F:zinc ion binding	IEA:UniProtKB-KW	Success
A0A1D2NMY4	A0A1D2NMY4	A0A1D2NMY4_ORCCI	Hsp90 co-chaperone Cdc37	NA	Orchesella cincta	GO:0005737;GO:0031072;GO:0019901;GO:0051087;GO:0051082;GO:0006457;GO:0050821	C:cytoplasm;F:heat shock protein binding;F:protein kinase binding;F:protein-folding chaperone binding;F:unfolded protein binding;P:protein folding;P:protein stabilization	IEA:UniProtKB-SubCell;IEA:TreeGrafter;IEA:InterPro;IEA:TreeGrafter;IEA:TreeGrafter;IEA:TreeGrafter;IEA:TreeGrafter	Success
A0A1D2MSN0	A0A1D2MSN0	A0A1D2MSN0_ORCCI	Putative RNA-binding protein EEED8.10	NA	Orchesella cincta	NA	NA	NA	Success
A0A1D2MSN0	A0A1D2MSN0	A0A1D2MSN0_ORCCI	Putative RNA-binding protein EEED8.10	NA	Orchesella cincta	NA	NA	NA	Success
A0A1D2NHM2	A0A1D2NHM2	A0A1D2NHM2_ORCCI	Septin	NA	Orchesella cincta	GO:0005525	F:GTP binding	IEA:UniProtKB-UniRule	Success
A0A1D2NJW7	A0A1D2NJW7	A0A1D2NJW7_ORCCI	Retinoblastoma-binding protein 5	NA	Orchesella cincta	GO:0048188	C:Set1C/COMPASS complex	IEA:InterPro	Success
A0A1D2N0C3	A0A1D2N0C3	A0A1D2N0C3_ORCCI	Lovastatin diketide synthase LovF	NA	Orchesella cincta	GO:0004315;GO:0016491;GO:0031177;GO:0006633	F:3-oxoacyl-[acyl-carrier-protein] synthase activity;F:oxidoreductase activity;F:phosphopantetheine binding;P:fatty acid biosynthetic process	IEA:InterPro;IEA:InterPro;IEA:InterPro;IEA:UniProtKB-UniPathway	Success
A0A1D2N0C3	A0A1D2N0C3	A0A1D2N0C3_ORCCI	Lovastatin diketide synthase LovF	NA	Orchesella cincta	GO:0004315;GO:0016491;GO:0031177;GO:0006633	F:3-oxoacyl-[acyl-carrier-protein] synthase activity;F:oxidoreductase activity;F:phosphopantetheine binding;P:fatty acid biosynthetic process	IEA:InterPro;IEA:InterPro;IEA:InterPro;IEA:UniProtKB-UniPathway	Success
A0A1D2MYK4	A0A1D2MYK4	A0A1D2MYK4_ORCCI	Phenolphthiocerol synthesis polyketide synthase type I Pks15/1	NA	Orchesella cincta	GO:0004312;GO:0016491;GO:0031177;GO:0008270;GO:0006633	F:fatty acid synthase activity;F:oxidoreductase activity;F:phosphopantetheine binding;F:zinc ion binding;P:fatty acid biosynthetic process	IEA:TreeGrafter;IEA:InterPro;IEA:InterPro;IEA:InterPro;IEA:UniProtKB-UniPathway	Success
A0A1D2N3W5	A0A1D2N3W5	A0A1D2N3W5_ORCCI	Structural maintenance of chromosomes protein 2	NA	Orchesella cincta	GO:0000794;GO:0030870;GO:0003691;GO:0051880;GO:0043047;GO:0070192;GO:0006302;GO:0000722;GO:0007004	C:condensed nuclear chromosome;C:Mre11 complex;F:double-stranded telomeric DNA binding;F:G-quadruplex DNA binding;F:single-stranded telomeric DNA binding;P:chromosome organization involved in meiotic cell cycle;P:double-strand break repair;P:telomere maintenance via recombination;P:telomere maintenance via telomerase	IEA:TreeGrafter;IEA:TreeGrafter;IEA:TreeGrafter;IEA:TreeGrafter;IEA:TreeGrafter;IEA:TreeGrafter;IEA:TreeGrafter;IEA:TreeGrafter;IEA:TreeGrafter	Success
A0A1D2N3V8	A0A1D2N3V8	A0A1D2N3V8_ORCCI	Janus kinase and microtubule-interacting protein 1	NA	Orchesella cincta	GO:0016301	F:kinase activity	IEA:UniProtKB-KW	Success
A0A1D2MLB9	A0A1D2MLB9	A0A1D2MLB9_ORCCI	Phosphatidylinositol 4-phosphate 3-kinase C2 domain-containing subunit alpha	NA	Orchesella cincta	GO:0005737;GO:0005942;GO:0005886;GO:0016303;GO:0035005;GO:0005524;GO:0035091;GO:0016477;GO:0043491;GO:0048015	C:cytoplasm;C:phosphatidylinositol 3-kinase complex;C:plasma membrane;F:1-phosphatidylinositol-3-kinase activity;F:1-phosphatidylinositol-4-phosphate 3-kinase activity;F:ATP binding;F:phosphatidylinositol binding;P:cell migration;P:phosphatidylinositol 3-kinase/protein kinase B signal transduction;P:phosphatidylinositol-mediated signaling	IEA:TreeGrafter;IEA:TreeGrafter;IEA:TreeGrafter;IEA:TreeGrafter;IEA:UniProtKB-EC;IEA:UniProtKB-KW;IEA:InterPro;IEA:TreeGrafter;IEA:TreeGrafter;IEA:TreeGrafter	Success
A0A1D2MLB9	A0A1D2MLB9	A0A1D2MLB9_ORCCI	Phosphatidylinositol 4-phosphate 3-kinase C2 domain-containing subunit alpha	NA	Orchesella cincta	GO:0005737;GO:0005942;GO:0005886;GO:0016303;GO:0035005;GO:0005524;GO:0035091;GO:0016477;GO:0043491;GO:0048015	C:cytoplasm;C:phosphatidylinositol 3-kinase complex;C:plasma membrane;F:1-phosphatidylinositol-3-kinase activity;F:1-phosphatidylinositol-4-phosphate 3-kinase activity;F:ATP binding;F:phosphatidylinositol binding;P:cell migration;P:phosphatidylinositol 3-kinase/protein kinase B signal transduction;P:phosphatidylinositol-mediated signaling	IEA:TreeGrafter;IEA:TreeGrafter;IEA:TreeGrafter;IEA:TreeGrafter;IEA:UniProtKB-EC;IEA:UniProtKB-KW;IEA:InterPro;IEA:TreeGrafter;IEA:TreeGrafter;IEA:TreeGrafter	Success
A0A1D2MLB9	A0A1D2MLB9	A0A1D2MLB9_ORCCI	Phosphatidylinositol 4-phosphate 3-kinase C2 domain-containing subunit alpha	NA	Orchesella cincta	GO:0005737;GO:0005942;GO:0005886;GO:0016303;GO:0035005;GO:0005524;GO:0035091;GO:0016477;GO:0043491;GO:0048015	C:cytoplasm;C:phosphatidylinositol 3-kinase complex;C:plasma membrane;F:1-phosphatidylinositol-3-kinase activity;F:1-phosphatidylinositol-4-phosphate 3-kinase activity;F:ATP binding;F:phosphatidylinositol binding;P:cell migration;P:phosphatidylinositol 3-kinase/protein kinase B signal transduction;P:phosphatidylinositol-mediated signaling	IEA:TreeGrafter;IEA:TreeGrafter;IEA:TreeGrafter;IEA:TreeGrafter;IEA:UniProtKB-EC;IEA:UniProtKB-KW;IEA:InterPro;IEA:TreeGrafter;IEA:TreeGrafter;IEA:TreeGrafter	Success
A0A1D2MLB9	A0A1D2MLB9	A0A1D2MLB9_ORCCI	Phosphatidylinositol 4-phosphate 3-kinase C2 domain-containing subunit alpha	NA	Orchesella cincta	GO:0005737;GO:0005942;GO:0005886;GO:0016303;GO:0035005;GO:0005524;GO:0035091;GO:0016477;GO:0043491;GO:0048015	C:cytoplasm;C:phosphatidylinositol 3-kinase complex;C:plasma membrane;F:1-phosphatidylinositol-3-kinase activity;F:1-phosphatidylinositol-4-phosphate 3-kinase activity;F:ATP binding;F:phosphatidylinositol binding;P:cell migration;P:phosphatidylinositol 3-kinase/protein kinase B signal transduction;P:phosphatidylinositol-mediated signaling	IEA:TreeGrafter;IEA:TreeGrafter;IEA:TreeGrafter;IEA:TreeGrafter;IEA:UniProtKB-EC;IEA:UniProtKB-KW;IEA:InterPro;IEA:TreeGrafter;IEA:TreeGrafter;IEA:TreeGrafter	Success
A0A1D2MLB9	A0A1D2MLB9	A0A1D2MLB9_ORCCI	Phosphatidylinositol 4-phosphate 3-kinase C2 domain-containing subunit alpha	NA	Orchesella cincta	GO:0005737;GO:0005942;GO:0005886;GO:0016303;GO:0035005;GO:0005524;GO:0035091;GO:0016477;GO:0043491;GO:0048015	C:cytoplasm;C:phosphatidylinositol 3-kinase complex;C:plasma membrane;F:1-phosphatidylinositol-3-kinase activity;F:1-phosphatidylinositol-4-phosphate 3-kinase activity;F:ATP binding;F:phosphatidylinositol binding;P:cell migration;P:phosphatidylinositol 3-kinase/protein kinase B signal transduction;P:phosphatidylinositol-mediated signaling	IEA:TreeGrafter;IEA:TreeGrafter;IEA:TreeGrafter;IEA:TreeGrafter;IEA:UniProtKB-EC;IEA:UniProtKB-KW;IEA:InterPro;IEA:TreeGrafter;IEA:TreeGrafter;IEA:TreeGrafter	Success
A0A1D2N6L5	A0A1D2N6L5	A0A1D2N6L5_ORCCI	Cytochrome P450 2J5	NA	Orchesella cincta	GO:0005737;GO:0043231;GO:0020037;GO:0005506;GO:0016712;GO:0008395;GO:0006082;GO:0006805	C:cytoplasm;C:intracellular membrane-bounded organelle;F:heme binding;F:iron ion binding;F:oxidoreductase activity, acting on paired donors, with incorporation or reduction of molecular oxygen, reduced flavin or flavoprotein as one donor, and incorporation of one atom of oxygen;F:steroid hydroxylase activity;P:organic acid metabolic process;P:xenobiotic metabolic process	IEA:TreeGrafter;IEA:TreeGrafter;IEA:InterPro;IEA:InterPro;IEA:TreeGrafter;IEA:TreeGrafter;IEA:TreeGrafter;IEA:TreeGrafter	Success
A0A1D2N600	A0A1D2N600	A0A1D2N600_ORCCI	UDP-glucuronosyltransferase	NA	Orchesella cincta	GO:0016020;GO:0008194	C:membrane;F:UDP-glycosyltransferase activity	IEA:UniProtKB-KW;IEA:InterPro	Success
A0A1D2MEM4	A0A1D2MEM4	A0A1D2MEM4_ORCCI	Ubiquitin carboxyl-terminal hydrolase	NA	Orchesella cincta	GO:0005737;GO:0004843;GO:0016579;GO:0006511	C:cytoplasm;F:cysteine-type deubiquitinase activity;P:protein deubiquitination;P:ubiquitin-dependent protein catabolic process	IEA:TreeGrafter;IEA:UniProtKB-EC;IEA:TreeGrafter;IEA:UniProtKB-UniRule	Success
A0A1D2N0C3	A0A1D2N0C3	A0A1D2N0C3_ORCCI	Lovastatin diketide synthase LovF	NA	Orchesella cincta	GO:0004315;GO:0016491;GO:0031177;GO:0006633	F:3-oxoacyl-[acyl-carrier-protein] synthase activity;F:oxidoreductase activity;F:phosphopantetheine binding;P:fatty acid biosynthetic process	IEA:InterPro;IEA:InterPro;IEA:InterPro;IEA:UniProtKB-UniPathway	Success
A0A1D2N0C3	A0A1D2N0C3	A0A1D2N0C3_ORCCI	Lovastatin diketide synthase LovF	NA	Orchesella cincta	GO:0004315;GO:0016491;GO:0031177;GO:0006633	F:3-oxoacyl-[acyl-carrier-protein] synthase activity;F:oxidoreductase activity;F:phosphopantetheine binding;P:fatty acid biosynthetic process	IEA:InterPro;IEA:InterPro;IEA:InterPro;IEA:UniProtKB-UniPathway	Success
A0A1D2N0C3	A0A1D2N0C3	A0A1D2N0C3_ORCCI	Lovastatin diketide synthase LovF	NA	Orchesella cincta	GO:0004315;GO:0016491;GO:0031177;GO:0006633	F:3-oxoacyl-[acyl-carrier-protein] synthase activity;F:oxidoreductase activity;F:phosphopantetheine binding;P:fatty acid biosynthetic process	IEA:InterPro;IEA:InterPro;IEA:InterPro;IEA:UniProtKB-UniPathway	Success
A0A1D2N0C3	A0A1D2N0C3	A0A1D2N0C3_ORCCI	Lovastatin diketide synthase LovF	NA	Orchesella cincta	GO:0004315;GO:0016491;GO:0031177;GO:0006633	F:3-oxoacyl-[acyl-carrier-protein] synthase activity;F:oxidoreductase activity;F:phosphopantetheine binding;P:fatty acid biosynthetic process	IEA:InterPro;IEA:InterPro;IEA:InterPro;IEA:UniProtKB-UniPathway	Success
A0A1D2M3V2	A0A1D2M3V2	A0A1D2M3V2_ORCCI	Alpha-mannosidase 2	NA	Orchesella cincta	GO:0000139;GO:0004559;GO:0030246;GO:0006013;GO:0006491	C:Golgi membrane;F:alpha-mannosidase activity;F:carbohydrate binding;P:mannose metabolic process;P:N-glycan processing	IEA:TreeGrafter;IEA:InterPro;IEA:InterPro;IEA:InterPro;IEA:TreeGrafter	Success
A0A1D2NHK3	A0A1D2NHK3	A0A1D2NHK3_ORCCI	Paraplegin	NA	Orchesella cincta	GO:0005745;GO:0005524;GO:0016887;GO:0004176;GO:0004222;GO:0034982	C:m-AAA complex;F:ATP binding;F:ATP hydrolysis activity;F:ATP-dependent peptidase activity;F:metalloendopeptidase activity;P:mitochondrial protein processing	IEA:TreeGrafter;IEA:InterPro;IEA:InterPro;IEA:InterPro;IEA:InterPro;IEA:TreeGrafter	Success
A0A1D2ND09	A0A1D2ND09	A0A1D2ND09_ORCCI	non-specific serine/threonine protein kinase	NA	Orchesella cincta	GO:0016020;GO:0005524;GO:0004674	C:membrane;F:ATP binding;F:protein serine/threonine kinase activity	IEA:UniProtKB-KW;IEA:UniProtKB-UniRule;IEA:UniProtKB-KW	Success
A0A1D2NCR8	A0A1D2NCR8	A0A1D2NCR8_ORCCI	Uncharacterized protein	NA	Orchesella cincta	GO:0003676	F:nucleic acid binding	IEA:InterPro	Success
A0A1D2MSN0	A0A1D2MSN0	A0A1D2MSN0_ORCCI	Putative RNA-binding protein EEED8.10	NA	Orchesella cincta	NA	NA	NA	Success
A0A1D2NJZ4	A0A1D2NJZ4	A0A1D2NJZ4_ORCCI	E3 ubiquitin-protein ligase CHFR	NA	Orchesella cincta	GO:0005829;GO:0005634;GO:0035861;GO:0000151;GO:0005524;GO:0042393;GO:0061630;GO:0008270;GO:0006302;GO:0070936;GO:0060255;GO:0006511	C:cytosol;C:nucleus;C:site of double-strand break;C:ubiquitin ligase complex;F:ATP binding;F:histone binding;F:ubiquitin protein ligase activity;F:zinc ion binding;P:double-strand break repair;P:protein K48-linked ubiquitination;P:regulation of macromolecule metabolic process;P:ubiquitin-dependent protein catabolic process	IEA:TreeGrafter;IEA:UniProtKB-KW;IEA:TreeGrafter;IEA:TreeGrafter;IEA:UniProtKB-KW;IEA:TreeGrafter;IEA:TreeGrafter;IEA:UniProtKB-KW;IEA:TreeGrafter;IEA:TreeGrafter;IEA:UniProtKB-ARBA;IEA:TreeGrafter	Success
A0A1D2NKF3	A0A1D2NKF3	A0A1D2NKF3_ORCCI	Polynucleotide 5'-hydroxyl-kinase NOL9	NA	Orchesella cincta	GO:0005634;GO:0005524;GO:0051731;GO:0000448	C:nucleus;F:ATP binding;F:polynucleotide 5'-hydroxyl-kinase activity;P:cleavage in ITS2 between 5.8S rRNA and LSU-rRNA of tricistronic rRNA transcript (SSU-rRNA, 5.8S rRNA, LSU-rRNA)	IEA:TreeGrafter;IEA:UniProtKB-KW;IEA:InterPro;IEA:TreeGrafter	Success
A0A1D2MGY1	A0A1D2MGY1	A0A1D2MGY1_ORCCI	Solute carrier family 35 member F1	NA	Orchesella cincta	GO:0016020;GO:0022857	C:membrane;F:transmembrane transporter activity	IEA:UniProtKB-SubCell;IEA:InterPro	Success
A0A1D2MGY1	A0A1D2MGY1	A0A1D2MGY1_ORCCI	Solute carrier family 35 member F1	NA	Orchesella cincta	GO:0016020;GO:0022857	C:membrane;F:transmembrane transporter activity	IEA:UniProtKB-SubCell;IEA:InterPro	Success
A0A1D2NLY2	A0A1D2NLY2	A0A1D2NLY2_ORCCI	Methyl farnesoate epoxidase	NA	Orchesella cincta	GO:0005737;GO:0043231;GO:0020037;GO:0005506;GO:0016712;GO:0008395;GO:0006082;GO:0006805	C:cytoplasm;C:intracellular membrane-bounded organelle;F:heme binding;F:iron ion binding;F:oxidoreductase activity, acting on paired donors, with incorporation or reduction of molecular oxygen, reduced flavin or flavoprotein as one donor, and incorporation of one atom of oxygen;F:steroid hydroxylase activity;P:organic acid metabolic process;P:xenobiotic metabolic process	IEA:TreeGrafter;IEA:TreeGrafter;IEA:InterPro;IEA:InterPro;IEA:TreeGrafter;IEA:TreeGrafter;IEA:TreeGrafter;IEA:TreeGrafter	Success
A0A1D2MBG0	A0A1D2MBG0	A0A1D2MBG0_ORCCI	Aquaporin-9	NA	Orchesella cincta	GO:0005886;GO:0015254;GO:0015250	C:plasma membrane;F:glycerol channel activity;F:water channel activity	IEA:TreeGrafter;IEA:TreeGrafter;IEA:TreeGrafter	Success
A0A1D2MFS4	A0A1D2MFS4	A0A1D2MFS4_ORCCI	Delta(24)-sterol reductase	NA	Orchesella cincta	GO:0016020;GO:0005777;GO:0000246;GO:0050614;GO:0071949;GO:0008202	C:membrane;C:peroxisome;F:Delta24(24-1) sterol reductase activity;F:Delta24-sterol reductase activity;F:FAD binding;P:steroid metabolic process	IEA:UniProtKB-KW;IEA:UniProtKB-SubCell;IEA:TreeGrafter;IEA:UniProtKB-EC;IEA:InterPro;IEA:TreeGrafter	Success
A0A1D2NC94	A0A1D2NC94	A0A1D2NC94_ORCCI	Gustatory receptor	NA	Orchesella cincta	GO:0016020	C:membrane	IEA:UniProtKB-KW	Success
A0A1D2MTW1	A0A1D2MTW1	A0A1D2MTW1_ORCCI	Pancreatic lipase-related protein 2	NA	Orchesella cincta	GO:0005615;GO:0016298;GO:0017171;GO:0016042	C:extracellular space;F:lipase activity;F:serine hydrolase activity;P:lipid catabolic process	IEA:TreeGrafter;IEA:InterPro;IEA:TreeGrafter;IEA:TreeGrafter	Success
A0A1D2MFS4	A0A1D2MFS4	A0A1D2MFS4_ORCCI	Delta(24)-sterol reductase	NA	Orchesella cincta	GO:0016020;GO:0005777;GO:0000246;GO:0050614;GO:0071949;GO:0008202	C:membrane;C:peroxisome;F:Delta24(24-1) sterol reductase activity;F:Delta24-sterol reductase activity;F:FAD binding;P:steroid metabolic process	IEA:UniProtKB-KW;IEA:UniProtKB-SubCell;IEA:TreeGrafter;IEA:UniProtKB-EC;IEA:InterPro;IEA:TreeGrafter	Success
A0A1D2N7H7	A0A1D2N7H7	A0A1D2N7H7_ORCCI	Lipase	NA	Orchesella cincta	GO:0016788;GO:0016042	F:hydrolase activity, acting on ester bonds;P:lipid catabolic process	IEA:InterPro;IEA:UniProtKB-KW	Success
A0A1D2MVP2	A0A1D2MVP2	A0A1D2MVP2_ORCCI	SEC14-like protein 2	NA	Orchesella cincta	GO:0005737	C:cytoplasm	IEA:TreeGrafter	Success
A0A1D2MVP2	A0A1D2MVP2	A0A1D2MVP2_ORCCI	SEC14-like protein 2	NA	Orchesella cincta	GO:0005737	C:cytoplasm	IEA:TreeGrafter	Success
A0A1D2MVP2	A0A1D2MVP2	A0A1D2MVP2_ORCCI	SEC14-like protein 2	NA	Orchesella cincta	GO:0005737	C:cytoplasm	IEA:TreeGrafter	Success
A0A1D2MPS6	A0A1D2MPS6	A0A1D2MPS6_ORCCI	Uncharacterized protein	NA	Orchesella cincta	NA	NA	NA	Success
A0A1D2MVP2	A0A1D2MVP2	A0A1D2MVP2_ORCCI	SEC14-like protein 2	NA	Orchesella cincta	GO:0005737	C:cytoplasm	IEA:TreeGrafter	Success
A0A1D2NAX1	A0A1D2NAX1	A0A1D2NAX1_ORCCI	Putative oxidoreductase dhs-27	NA	Orchesella cincta	NA	NA	NA	Success
A0A1D2M7F5	A0A1D2M7F5	A0A1D2M7F5_ORCCI	SEC14-like protein 2	NA	Orchesella cincta	GO:0005737	C:cytoplasm	IEA:TreeGrafter	Success
A0A1D2MVP2	A0A1D2MVP2	A0A1D2MVP2_ORCCI	SEC14-like protein 2	NA	Orchesella cincta	GO:0005737	C:cytoplasm	IEA:TreeGrafter	Success
A0A1D2N7P6	A0A1D2N7P6	A0A1D2N7P6_ORCCI	Thiopurine S-methyltransferase	NA	Orchesella cincta	GO:0005737;GO:0008119;GO:0032259	C:cytoplasm;F:thiopurine S-methyltransferase activity;P:methylation	IEA:UniProtKB-KW;IEA:TreeGrafter;IEA:UniProtKB-KW	Success
A0A1D2MJ33	A0A1D2MJ33	A0A1D2MJ33_ORCCI	MARVEL domain-containing protein	NA	Orchesella cincta	GO:0016020	C:membrane	IEA:UniProtKB-KW	Success
A0A1D2N9R3	A0A1D2N9R3	A0A1D2N9R3_ORCCI	MARVEL domain-containing protein	NA	Orchesella cincta	GO:0016020	C:membrane	IEA:UniProtKB-KW	Success
A0A1D2N9R3	A0A1D2N9R3	A0A1D2N9R3_ORCCI	MARVEL domain-containing protein	NA	Orchesella cincta	GO:0016020	C:membrane	IEA:UniProtKB-KW	Success
A0A1D2NB82	A0A1D2NB82	A0A1D2NB82_ORCCI	Flavin-containing monooxygenase	NA	Orchesella cincta	GO:0050660;GO:0004499;GO:0050661	F:flavin adenine dinucleotide binding;F:N,N-dimethylaniline monooxygenase activity;F:NADP binding	IEA:InterPro;IEA:InterPro;IEA:InterPro	Success
A0A1D2N5T1	A0A1D2N5T1	A0A1D2N5T1_ORCCI	UDP-glucuronosyltransferase 2C1	NA	Orchesella cincta	GO:0016020;GO:0008194	C:membrane;F:UDP-glycosyltransferase activity	IEA:UniProtKB-KW;IEA:InterPro	Success
A0A1D2MWW3	A0A1D2MWW3	A0A1D2MWW3_ORCCI	Fibroblast growth factor receptor 1	NA	Orchesella cincta	GO:0032589;GO:0050808	C:neuron projection membrane;P:synapse organization	IEA:TreeGrafter;IEA:TreeGrafter	Success
A0A1D2N592	A0A1D2N592	A0A1D2N592_ORCCI	Chitin-binding type-2 domain-containing protein	NA	Orchesella cincta	GO:0008061	F:chitin binding	IEA:InterPro	Success
A0A1D2MKA9	A0A1D2MKA9	A0A1D2MKA9_ORCCI	Flavin-containing monooxygenase	NA	Orchesella cincta	GO:0050660;GO:0004499;GO:0050661	F:flavin adenine dinucleotide binding;F:N,N-dimethylaniline monooxygenase activity;F:NADP binding	IEA:InterPro;IEA:InterPro;IEA:InterPro	Success
A0A1D2NL33	A0A1D2NL33	A0A1D2NL33_ORCCI	Mitochondrial uncoupling protein 4	NA	Orchesella cincta	GO:0016020	C:membrane	IEA:UniProtKB-SubCell	Success
A0A1D2M6X8	A0A1D2M6X8	A0A1D2M6X8_ORCCI	Methyl farnesoate epoxidase	NA	Orchesella cincta	GO:0005737;GO:0043231;GO:0016020;GO:0020037;GO:0005506;GO:0016712;GO:0008395;GO:0006082;GO:0006805	C:cytoplasm;C:intracellular membrane-bounded organelle;C:membrane;F:heme binding;F:iron ion binding;F:oxidoreductase activity, acting on paired donors, with incorporation or reduction of molecular oxygen, reduced flavin or flavoprotein as one donor, and incorporation of one atom of oxygen;F:steroid hydroxylase activity;P:organic acid metabolic process;P:xenobiotic metabolic process	IEA:TreeGrafter;IEA:TreeGrafter;IEA:UniProtKB-KW;IEA:InterPro;IEA:InterPro;IEA:TreeGrafter;IEA:TreeGrafter;IEA:TreeGrafter;IEA:TreeGrafter	Success
A0A1D2MUQ1	A0A1D2MUQ1	A0A1D2MUQ1_ORCCI	Vascular endothelial growth factor receptor 3	NA	Orchesella cincta	GO:0005576;GO:0005886;GO:0043235;GO:0005524;GO:0004714;GO:0007169;GO:0050832;GO:0031640	C:extracellular region;C:plasma membrane;C:receptor complex;F:ATP binding;F:transmembrane receptor protein tyrosine kinase activity;P:cell surface receptor protein tyrosine kinase signaling pathway;P:defense response to fungus;P:killing of cells of another organism	IEA:UniProtKB-SubCell;IEA:TreeGrafter;IEA:TreeGrafter;IEA:UniProtKB-UniRule;IEA:TreeGrafter;IEA:TreeGrafter;IEA:UniProtKB-KW;IEA:UniProtKB-KW	Success
A0A1D2MKL4	A0A1D2MKL4	A0A1D2MKL4_ORCCI	Flavin-containing monooxygenase	NA	Orchesella cincta	GO:0005789;GO:0050660;GO:0004499;GO:0050661	C:endoplasmic reticulum membrane;F:flavin adenine dinucleotide binding;F:N,N-dimethylaniline monooxygenase activity;F:NADP binding	IEA:UniProtKB-SubCell;IEA:InterPro;IEA:UniProtKB-UniRule;IEA:InterPro	Success
A0A1D2MKL4	A0A1D2MKL4	A0A1D2MKL4_ORCCI	Flavin-containing monooxygenase	NA	Orchesella cincta	GO:0005789;GO:0050660;GO:0004499;GO:0050661	C:endoplasmic reticulum membrane;F:flavin adenine dinucleotide binding;F:N,N-dimethylaniline monooxygenase activity;F:NADP binding	IEA:UniProtKB-SubCell;IEA:InterPro;IEA:UniProtKB-UniRule;IEA:InterPro	Success
A0A1D2M8F5	A0A1D2M8F5	A0A1D2M8F5_ORCCI	RNA-directed DNA polymerase	NA	Orchesella cincta	GO:0042575;GO:0003824;GO:0003676;GO:0071897;GO:0015074	C:DNA polymerase complex;F:catalytic activity;F:nucleic acid binding;P:DNA biosynthetic process;P:DNA integration	IEA:UniProtKB-ARBA;IEA:UniProtKB-KW;IEA:InterPro;IEA:UniProtKB-ARBA;IEA:InterPro	Success
A0A1D2N9M0	A0A1D2N9M0	A0A1D2N9M0_ORCCI	Sodium-dependent glucose transporter 1A	NA	Orchesella cincta	GO:0016020;GO:0022857	C:membrane;F:transmembrane transporter activity	IEA:UniProtKB-KW;IEA:InterPro	Success
A0A1D2N6J1	A0A1D2N6J1	A0A1D2N6J1_ORCCI	Sodium-dependent glucose transporter 1	NA	Orchesella cincta	GO:0016020;GO:0022857	C:membrane;F:transmembrane transporter activity	IEA:UniProtKB-KW;IEA:InterPro	Success
A0A1D2MNN5	A0A1D2MNN5	A0A1D2MNN5_ORCCI	BTB/POZ domain-containing protein 2	NA	Orchesella cincta	GO:0005829;GO:0022008	C:cytosol;P:neurogenesis	IEA:TreeGrafter;IEA:TreeGrafter	Success
A0A1D2MN29	A0A1D2MN29	A0A1D2MN29_ORCCI	Cyanocobalamin reductase (cyanide-eliminating)	NA	Orchesella cincta	GO:0005737;GO:0033787;GO:0032451;GO:0071949;GO:0009235	C:cytoplasm;F:cyanocobalamin reductase (cyanide-eliminating) (NADP+) activity;F:demethylase activity;F:FAD binding;P:cobalamin metabolic process	IEA:UniProtKB-SubCell;IEA:TreeGrafter;IEA:TreeGrafter;IEA:TreeGrafter;IEA:TreeGrafter	Success
A0A1D2MN93	A0A1D2MN93	A0A1D2MN93_ORCCI	RNA-splicing ligase RtcB homolog	NA	Orchesella cincta	GO:0005634;GO:0072669;GO:0005525;GO:0046872;GO:0003972;GO:0170057;GO:0006388	C:nucleus;C:tRNA-splicing ligase complex;F:GTP binding;F:metal ion binding;F:RNA ligase (ATP) activity;F:RNA ligase (GTP) activity;P:tRNA splicing, via endonucleolytic cleavage and ligation	IEA:TreeGrafter;IEA:UniProtKB-UniRule;IEA:UniProtKB-KW;IEA:UniProtKB-KW;IEA:TreeGrafter;IEA:UniProtKB-EC;IEA:UniProtKB-UniRule	Success
A0A1D2MNN9	A0A1D2MNN9	A0A1D2MNN9_ORCCI	SEC14-like protein 2	NA	Orchesella cincta	GO:0005737	C:cytoplasm	IEA:TreeGrafter	Success
A0A1D2MNK9	A0A1D2MNK9	A0A1D2MNK9_ORCCI	ABC transporter G family member 20	NA	Orchesella cincta	GO:0016020;GO:0140359;GO:0005524;GO:0016887	C:membrane;F:ABC-type transporter activity;F:ATP binding;F:ATP hydrolysis activity	IEA:UniProtKB-SubCell;IEA:InterPro;IEA:InterPro;IEA:InterPro	Success
A0A1D2MNF4	A0A1D2MNF4	A0A1D2MNF4_ORCCI	Integrin alpha-4	NA	Orchesella cincta	GO:0009897;GO:0008305;GO:0005178;GO:0033627;GO:0098609;GO:0007160;GO:0007229	C:external side of plasma membrane;C:integrin complex;F:integrin binding;P:cell adhesion mediated by integrin;P:cell-cell adhesion;P:cell-matrix adhesion;P:integrin-mediated signaling pathway	IEA:TreeGrafter;IEA:InterPro;IEA:TreeGrafter;IEA:TreeGrafter;IEA:TreeGrafter;IEA:TreeGrafter;IEA:UniProtKB-KW	Success
A0A1D2NK10	A0A1D2NK10	A0A1D2NK10_ORCCI	Elongation of very long chain fatty acids protein	NA	Orchesella cincta	GO:0005789;GO:0009922;GO:0034625;GO:0034626;GO:0019367;GO:0030148;GO:0042761	C:endoplasmic reticulum membrane;F:fatty acid elongase activity;P:fatty acid elongation, monounsaturated fatty acid;P:fatty acid elongation, polyunsaturated fatty acid;P:fatty acid elongation, saturated fatty acid;P:sphingolipid biosynthetic process;P:very long-chain fatty acid biosynthetic process	IEA:TreeGrafter;IEA:UniProtKB-EC;IEA:TreeGrafter;IEA:TreeGrafter;IEA:TreeGrafter;IEA:TreeGrafter;IEA:TreeGrafter	Success
A0A1D2MMT0	A0A1D2MMT0	A0A1D2MMT0_ORCCI	SEC14-like protein 2	NA	Orchesella cincta	GO:0005737	C:cytoplasm	IEA:TreeGrafter	Success
A0A1D2MMT0	A0A1D2MMT0	A0A1D2MMT0_ORCCI	SEC14-like protein 2	NA	Orchesella cincta	GO:0005737	C:cytoplasm	IEA:TreeGrafter	Success
A0A1D2NGU7	A0A1D2NGU7	A0A1D2NGU7_ORCCI	Cytochrome P450 4c3	NA	Orchesella cincta	GO:0005789;GO:0020037;GO:0005506;GO:0004497;GO:0016705	C:endoplasmic reticulum membrane;F:heme binding;F:iron ion binding;F:monooxygenase activity;F:oxidoreductase activity, acting on paired donors, with incorporation or reduction of molecular oxygen	IEA:UniProtKB-SubCell;IEA:InterPro;IEA:InterPro;IEA:UniProtKB-KW;IEA:InterPro	Success
A0A1D2MYS0	A0A1D2MYS0	A0A1D2MYS0_ORCCI	Diacylglycerol O-acyltransferase	NA	Orchesella cincta	GO:0005886;GO:0008374;GO:0019432	C:plasma membrane;F:O-acyltransferase activity;P:triglyceride biosynthetic process	IEA:TreeGrafter;IEA:InterPro;IEA:TreeGrafter	Success
A0A1D2MQX3	A0A1D2MQX3	A0A1D2MQX3_ORCCI	Cytochrome P450 4V2	NA	Orchesella cincta	GO:0005789;GO:0020037;GO:0005506;GO:0004497;GO:0016705	C:endoplasmic reticulum membrane;F:heme binding;F:iron ion binding;F:monooxygenase activity;F:oxidoreductase activity, acting on paired donors, with incorporation or reduction of molecular oxygen	IEA:UniProtKB-SubCell;IEA:InterPro;IEA:InterPro;IEA:UniProtKB-KW;IEA:InterPro	Success
A0A1D2MIQ0	A0A1D2MIQ0	A0A1D2MIQ0_ORCCI	Bone morphogenetic protein 2-A	NA	Orchesella cincta	NA	NA	NA	Success
A0A1D2N543	A0A1D2N543	A0A1D2N543_ORCCI	FXNA-like protease	NA	Orchesella cincta	GO:0005789;GO:0046872;GO:0008235;GO:0006508	C:endoplasmic reticulum membrane;F:metal ion binding;F:metalloexopeptidase activity;P:proteolysis	IEA:UniProtKB-SubCell;IEA:UniProtKB-KW;IEA:InterPro;IEA:UniProtKB-KW	Success
A0A1D2MI45	A0A1D2MI45	A0A1D2MI45_ORCCI	O-acyltransferase WSD1 C-terminal domain-containing protein	NA	Orchesella cincta	GO:0005886;GO:0008374;GO:0019432	C:plasma membrane;F:O-acyltransferase activity;P:triglyceride biosynthetic process	IEA:TreeGrafter;IEA:InterPro;IEA:TreeGrafter	Success
A0A1D2MMJ9	A0A1D2MMJ9	A0A1D2MMJ9_ORCCI	C2H2-type domain-containing protein	NA	Orchesella cincta	NA	NA	NA	Success
A0A1D2MXJ5	A0A1D2MXJ5	A0A1D2MXJ5_ORCCI	WD repeat-containing and planar cell polarity effector protein fritz	NA	Orchesella cincta	GO:0097541;GO:0005886;GO:0044782;GO:0045184;GO:0007399	C:axonemal basal plate;C:plasma membrane;P:cilium organization;P:establishment of protein localization;P:nervous system development	IEA:TreeGrafter;IEA:UniProtKB-SubCell;IEA:TreeGrafter;IEA:TreeGrafter;IEA:TreeGrafter	Success
A0A1D2MUY2	A0A1D2MUY2	A0A1D2MUY2_ORCCI	tRNA wybutosine-synthesizing protein 5	NA	Orchesella cincta	GO:0016020;GO:0000049;GO:0031591	C:membrane;F:tRNA binding;P:wybutosine biosynthetic process	IEA:UniProtKB-KW;IEA:TreeGrafter;IEA:TreeGrafter	Success
A0A1D2MUY2	A0A1D2MUY2	A0A1D2MUY2_ORCCI	tRNA wybutosine-synthesizing protein 5	NA	Orchesella cincta	GO:0016020;GO:0000049;GO:0031591	C:membrane;F:tRNA binding;P:wybutosine biosynthetic process	IEA:UniProtKB-KW;IEA:TreeGrafter;IEA:TreeGrafter	Success
A0A1D2MSH0	A0A1D2MSH0	A0A1D2MSH0_ORCCI	DOMON domain-containing protein	NA	Orchesella cincta	GO:0005615;GO:0030667;GO:0005507;GO:0004500;GO:0042420;GO:0042421;GO:0006589	C:extracellular space;C:secretory granule membrane;F:copper ion binding;F:dopamine beta-monooxygenase activity;P:dopamine catabolic process;P:norepinephrine biosynthetic process;P:octopamine biosynthetic process	IEA:TreeGrafter;IEA:TreeGrafter;IEA:InterPro;IEA:InterPro;IEA:TreeGrafter;IEA:TreeGrafter;IEA:TreeGrafter	Success
A0A1D2MSH0	A0A1D2MSH0	A0A1D2MSH0_ORCCI	DOMON domain-containing protein	NA	Orchesella cincta	GO:0005615;GO:0030667;GO:0005507;GO:0004500;GO:0042420;GO:0042421;GO:0006589	C:extracellular space;C:secretory granule membrane;F:copper ion binding;F:dopamine beta-monooxygenase activity;P:dopamine catabolic process;P:norepinephrine biosynthetic process;P:octopamine biosynthetic process	IEA:TreeGrafter;IEA:TreeGrafter;IEA:InterPro;IEA:InterPro;IEA:TreeGrafter;IEA:TreeGrafter;IEA:TreeGrafter	Success
A0A1D2MT97	A0A1D2MT97	A0A1D2MT97_ORCCI	Sister chromatid cohesion 1 protein 4	NA	Orchesella cincta	GO:0030893;GO:0005634;GO:0003682;GO:0006302;GO:0051177	C:meiotic cohesin complex;C:nucleus;F:chromatin binding;P:double-strand break repair;P:meiotic sister chromatid cohesion	IEA:TreeGrafter;IEA:UniProtKB-SubCell;IEA:TreeGrafter;IEA:TreeGrafter;IEA:TreeGrafter	Success
A0A1D2MDG6	A0A1D2MDG6	A0A1D2MDG6_ORCCI	Chorion peroxidase	NA	Orchesella cincta	GO:0020037;GO:0046872;GO:0004601;GO:0006979	F:heme binding;F:metal ion binding;F:peroxidase activity;P:response to oxidative stress	IEA:InterPro;IEA:UniProtKB-KW;IEA:UniProtKB-KW;IEA:InterPro	Success
A0A1D2MDK1	A0A1D2MDK1	A0A1D2MDK1_ORCCI	Uncharacterized protein	NA	Orchesella cincta	NA	NA	NA	Success
A0A1D2NII7	A0A1D2NII7	A0A1D2NII7_ORCCI	CUB domain-containing protein	NA	Orchesella cincta	GO:0016020	C:membrane	IEA:UniProtKB-KW	Success
A0A1D2NIL9	A0A1D2NIL9	A0A1D2NIL9_ORCCI	Calcium-activated chloride channel regulator 1	NA	Orchesella cincta	GO:0016020	C:membrane	IEA:UniProtKB-KW	Success
A0A1D2NIL9	A0A1D2NIL9	A0A1D2NIL9_ORCCI	Calcium-activated chloride channel regulator 1	NA	Orchesella cincta	GO:0016020	C:membrane	IEA:UniProtKB-KW	Success
A0A1D2NIL9	A0A1D2NIL9	A0A1D2NIL9_ORCCI	Calcium-activated chloride channel regulator 1	NA	Orchesella cincta	GO:0016020	C:membrane	IEA:UniProtKB-KW	Success
A0A1D2NIL9	A0A1D2NIL9	A0A1D2NIL9_ORCCI	Calcium-activated chloride channel regulator 1	NA	Orchesella cincta	GO:0016020	C:membrane	IEA:UniProtKB-KW	Success
A0A1D2NJA3	A0A1D2NJA3	A0A1D2NJA3_ORCCI	BEN domain-containing protein	NA	Orchesella cincta	NA	NA	NA	Success
A0A1D2NIV3	A0A1D2NIV3	A0A1D2NIV3_ORCCI	Protein melted	NA	Orchesella cincta	GO:0005886;GO:0010314;GO:0009966	C:plasma membrane;F:phosphatidylinositol-5-phosphate binding;P:regulation of signal transduction	IEA:UniProtKB-SubCell;IEA:TreeGrafter;IEA:TreeGrafter	Success
A0A1D2NIH6	A0A1D2NIH6	A0A1D2NIH6_ORCCI	Uncharacterized protein	NA	Orchesella cincta	NA	NA	NA	Success
A0A1D2N4Z2	A0A1D2N4Z2	A0A1D2N4Z2_ORCCI	Bifunctional coenzyme A synthase	NA	Orchesella cincta	GO:0005524;GO:0004140;GO:0015937	F:ATP binding;F:dephospho-CoA kinase activity;P:coenzyme A biosynthetic process	IEA:UniProtKB-KW;IEA:InterPro;IEA:InterPro	Success
A0A1D2N540	A0A1D2N540	A0A1D2N540_ORCCI	E3 ubiquitin-protein ligase	NA	Orchesella cincta	GO:0005737;GO:0000151;GO:0061630;GO:0008270;GO:0016567;GO:0071596	C:cytoplasm;C:ubiquitin ligase complex;F:ubiquitin protein ligase activity;F:zinc ion binding;P:protein ubiquitination;P:ubiquitin-dependent protein catabolic process via the N-end rule pathway	IEA:TreeGrafter;IEA:TreeGrafter;IEA:UniProtKB-UniRule;IEA:UniProtKB-UniRule;IEA:UniProtKB-UniRule;IEA:UniProtKB-UniRule	Success
A0A1D2NIJ2	A0A1D2NIJ2	A0A1D2NIJ2_ORCCI	Arrestin C-terminal-like domain-containing protein	NA	Orchesella cincta	NA	NA	NA	Success
A0A1D2NIJ7	A0A1D2NIJ7	A0A1D2NIJ7_ORCCI	Large ribosomal subunit protein uL10m	NA	Orchesella cincta	GO:0005840	C:ribosome	IEA:UniProtKB-KW	Success
A0A1D2NIQ4	A0A1D2NIQ4	A0A1D2NIQ4_ORCCI	SET and MYND domain-containing protein 4	NA	Orchesella cincta	GO:0005737;GO:0005634;GO:0042826;GO:0008170;GO:0008276;GO:0008757;GO:0032259	C:cytoplasm;C:nucleus;F:histone deacetylase binding;F:N-methyltransferase activity;F:protein methyltransferase activity;F:S-adenosylmethionine-dependent methyltransferase activity;P:methylation	IEA:UniProtKB-SubCell;IEA:UniProtKB-SubCell;IEA:TreeGrafter;IEA:UniProtKB-ARBA;IEA:UniProtKB-ARBA;IEA:UniProtKB-ARBA;IEA:UniProtKB-KW	Success
A0A1D2NIM0	A0A1D2NIM0	A0A1D2NIM0_ORCCI	Growth hormone-inducible transmembrane protein	NA	Orchesella cincta	GO:0016020	C:membrane	IEA:UniProtKB-SubCell	Success
A0A1D2NIK6	A0A1D2NIK6	A0A1D2NIK6_ORCCI	SEC14-like protein 2	NA	Orchesella cincta	GO:0005737	C:cytoplasm	IEA:TreeGrafter	Success
A0A1D2MVX7	A0A1D2MVX7	A0A1D2MVX7_ORCCI	Trifunctional purine biosynthetic protein adenosine-3	NA	Orchesella cincta	GO:0005829;GO:0005524;GO:0046872;GO:0004637;GO:0004641;GO:0004644;GO:0006189;GO:0046084	C:cytosol;F:ATP binding;F:metal ion binding;F:phosphoribosylamine-glycine ligase activity;F:phosphoribosylformylglycinamidine cyclo-ligase activity;F:phosphoribosylglycinamide formyltransferase activity;P:'de novo' IMP biosynthetic process;P:adenine biosynthetic process	IEA:TreeGrafter;IEA:UniProtKB-UniRule;IEA:UniProtKB-KW;IEA:UniProtKB-UniRule;IEA:UniProtKB-EC;IEA:UniProtKB-EC;IEA:UniProtKB-UniRule;IEA:TreeGrafter	Success
A0A1D2MSE1	A0A1D2MSE1	A0A1D2MSE1_ORCCI	Tachykinin-like peptide receptor 99D	NA	Orchesella cincta	GO:0005886;GO:0004983	C:plasma membrane;F:neuropeptide Y receptor activity	IEA:TreeGrafter;IEA:InterPro	Success
A0A1D2MSE1	A0A1D2MSE1	A0A1D2MSE1_ORCCI	Tachykinin-like peptide receptor 99D	NA	Orchesella cincta	GO:0005886;GO:0004983	C:plasma membrane;F:neuropeptide Y receptor activity	IEA:TreeGrafter;IEA:InterPro	Success
A0A1D2N3T4	A0A1D2N3T4	A0A1D2N3T4_ORCCI	Neuropeptide Y receptor	NA	Orchesella cincta	GO:0005886;GO:0004983	C:plasma membrane;F:neuropeptide Y receptor activity	IEA:TreeGrafter;IEA:InterPro	Success
A0A1D2MHS1	A0A1D2MHS1	A0A1D2MHS1_ORCCI	Tachykinin-like peptide receptor 99D	NA	Orchesella cincta	GO:0005886;GO:0004983	C:plasma membrane;F:neuropeptide Y receptor activity	IEA:TreeGrafter;IEA:InterPro	Success
A0A1D2MYF6	A0A1D2MYF6	A0A1D2MYF6_ORCCI	Solute carrier family 46 member 3	NA	Orchesella cincta	GO:0016020;GO:0022857	C:membrane;F:transmembrane transporter activity	IEA:UniProtKB-SubCell;IEA:InterPro	Success
A0A1D2MRT6	A0A1D2MRT6	A0A1D2MRT6_ORCCI	Galectin-4	NA	Orchesella cincta	GO:0016020;GO:0030246	C:membrane;F:carbohydrate binding	IEA:UniProtKB-KW;IEA:UniProtKB-KW	Success
A0A1D2MQY4	A0A1D2MQY4	A0A1D2MQY4_ORCCI	Gamma-aminobutyric acid receptor subunit beta	NA	Orchesella cincta	GO:0005886;GO:0005230;GO:0004888	C:plasma membrane;F:extracellular ligand-gated monoatomic ion channel activity;F:transmembrane signaling receptor activity	IEA:UniProtKB-SubCell;IEA:InterPro;IEA:InterPro	Success
A0A1D2N567	A0A1D2N567	A0A1D2N567_ORCCI	Putative cysteine desulfurase	NA	Orchesella cincta	GO:0005737;GO:0046872;GO:0003723;GO:0016740	C:cytoplasm;F:metal ion binding;F:RNA binding;F:transferase activity	IEA:UniProtKB-KW;IEA:UniProtKB-KW;IEA:UniProtKB-KW;IEA:UniProtKB-ARBA	Success
A0A1D2MG19	A0A1D2MG19	A0A1D2MG19_ORCCI	Matrilysin	NA	Orchesella cincta	GO:0031012;GO:0016020;GO:0004222;GO:0008270;GO:0030574;GO:0030198;GO:0006508	C:extracellular matrix;C:membrane;F:metalloendopeptidase activity;F:zinc ion binding;P:collagen catabolic process;P:extracellular matrix organization;P:proteolysis	IEA:InterPro;IEA:UniProtKB-KW;IEA:InterPro;IEA:InterPro;IEA:TreeGrafter;IEA:TreeGrafter;IEA:UniProtKB-KW	Success
A0A1D2MQ39	A0A1D2MQ39	A0A1D2MQ39_ORCCI	HIG1 domain family member 2A	NA	Orchesella cincta	GO:0031966;GO:0097250	C:mitochondrial membrane;P:mitochondrial respirasome assembly	IEA:UniProtKB-SubCell;IEA:TreeGrafter	Success
A0A1D2MQ39	A0A1D2MQ39	A0A1D2MQ39_ORCCI	HIG1 domain family member 2A	NA	Orchesella cincta	GO:0031966;GO:0097250	C:mitochondrial membrane;P:mitochondrial respirasome assembly	IEA:UniProtKB-SubCell;IEA:TreeGrafter	Success
A0A1D2MG19	A0A1D2MG19	A0A1D2MG19_ORCCI	Matrilysin	NA	Orchesella cincta	GO:0031012;GO:0016020;GO:0004222;GO:0008270;GO:0030574;GO:0030198;GO:0006508	C:extracellular matrix;C:membrane;F:metalloendopeptidase activity;F:zinc ion binding;P:collagen catabolic process;P:extracellular matrix organization;P:proteolysis	IEA:InterPro;IEA:UniProtKB-KW;IEA:InterPro;IEA:InterPro;IEA:TreeGrafter;IEA:TreeGrafter;IEA:UniProtKB-KW	Success
A0A1D2NHK6	A0A1D2NHK6	A0A1D2NHK6_ORCCI	Uncharacterized protein	NA	Orchesella cincta	NA	NA	NA	Success
A0A1D2NHK6	A0A1D2NHK6	A0A1D2NHK6_ORCCI	Uncharacterized protein	NA	Orchesella cincta	NA	NA	NA	Success
A0A1D2MNH5	A0A1D2MNH5	A0A1D2MNH5_ORCCI	Alpha-tocopherol transfer protein-like	NA	Orchesella cincta	GO:0016020;GO:1902936	C:membrane;F:phosphatidylinositol bisphosphate binding	IEA:TreeGrafter;IEA:TreeGrafter	Success
A0A1D2M1B3	A0A1D2M1B3	A0A1D2M1B3_ORCCI	Uncharacterized protein	NA	Orchesella cincta	NA	NA	NA	Success
A0A1D2MX43	A0A1D2MX43	A0A1D2MX43_ORCCI	D-erythrulose reductase	NA	Orchesella cincta	GO:0004090;GO:0050038;GO:0006006;GO:0005997	F:carbonyl reductase (NADPH) activity;F:L-xylulose reductase (NADPH) activity;P:glucose metabolic process;P:xylulose metabolic process	IEA:TreeGrafter;IEA:TreeGrafter;IEA:TreeGrafter;IEA:TreeGrafter	Success
A0A1D2NHC8	A0A1D2NHC8	A0A1D2NHC8_ORCCI	D-erythrulose reductase	NA	Orchesella cincta	GO:0004090;GO:0050038;GO:0006006;GO:0005997	F:carbonyl reductase (NADPH) activity;F:L-xylulose reductase (NADPH) activity;P:glucose metabolic process;P:xylulose metabolic process	IEA:TreeGrafter;IEA:TreeGrafter;IEA:TreeGrafter;IEA:TreeGrafter	Success
A0A1D2MIK3	A0A1D2MIK3	A0A1D2MIK3_ORCCI	Glucose dehydrogenase [FAD, quinone]	NA	Orchesella cincta	GO:0050660;GO:0016614	F:flavin adenine dinucleotide binding;F:oxidoreductase activity, acting on CH-OH group of donors	IEA:InterPro;IEA:InterPro	Success
A0A1D2NEE1	A0A1D2NEE1	A0A1D2NEE1_ORCCI	Cystinosin	NA	Orchesella cincta	GO:0012505;GO:0005765;GO:0015184	C:endomembrane system;C:lysosomal membrane;F:L-cystine transmembrane transporter activity	IEA:UniProtKB-SubCell;IEA:TreeGrafter;IEA:TreeGrafter	Success
A0A1D2MNH5	A0A1D2MNH5	A0A1D2MNH5_ORCCI	Alpha-tocopherol transfer protein-like	NA	Orchesella cincta	GO:0016020;GO:1902936	C:membrane;F:phosphatidylinositol bisphosphate binding	IEA:TreeGrafter;IEA:TreeGrafter	Success
A0A1D2MUM3	A0A1D2MUM3	A0A1D2MUM3_ORCCI	Metalloendopeptidase	NA	Orchesella cincta	GO:0004222;GO:0008270;GO:0006508	F:metalloendopeptidase activity;F:zinc ion binding;P:proteolysis	IEA:UniProtKB-UniRule;IEA:UniProtKB-UniRule;IEA:UniProtKB-KW	Success
A0A1D2MUM3	A0A1D2MUM3	A0A1D2MUM3_ORCCI	Metalloendopeptidase	NA	Orchesella cincta	GO:0004222;GO:0008270;GO:0006508	F:metalloendopeptidase activity;F:zinc ion binding;P:proteolysis	IEA:UniProtKB-UniRule;IEA:UniProtKB-UniRule;IEA:UniProtKB-KW	Success
A0A1D2MUM3	A0A1D2MUM3	A0A1D2MUM3_ORCCI	Metalloendopeptidase	NA	Orchesella cincta	GO:0004222;GO:0008270;GO:0006508	F:metalloendopeptidase activity;F:zinc ion binding;P:proteolysis	IEA:UniProtKB-UniRule;IEA:UniProtKB-UniRule;IEA:UniProtKB-KW	Success
A0A1D2M0N5	A0A1D2M0N5	A0A1D2M0N5_ORCCI	Putative RNA-directed DNA polymerase from transposon BS	NA	Orchesella cincta	GO:0016020;GO:0003964	C:membrane;F:RNA-directed DNA polymerase activity	IEA:UniProtKB-KW;IEA:UniProtKB-KW	Success
A0A1D2MD27	A0A1D2MD27	A0A1D2MD27_ORCCI	Poly(A) RNA polymerase cid13	NA	Orchesella cincta	GO:0016779;GO:0031123	F:nucleotidyltransferase activity;P:RNA 3'-end processing	IEA:TreeGrafter;IEA:TreeGrafter	Success
A0A1D2MSE1	A0A1D2MSE1	A0A1D2MSE1_ORCCI	Tachykinin-like peptide receptor 99D	NA	Orchesella cincta	GO:0005886;GO:0004983	C:plasma membrane;F:neuropeptide Y receptor activity	IEA:TreeGrafter;IEA:InterPro	Success
A0A1D2M4J2	A0A1D2M4J2	A0A1D2M4J2_ORCCI	Neuropeptide Y receptor	NA	Orchesella cincta	GO:0005886;GO:0004930	C:plasma membrane;F:G protein-coupled receptor activity	IEA:TreeGrafter;IEA:UniProtKB-KW	Success
A0A1D2NGK9	A0A1D2NGK9	A0A1D2NGK9_ORCCI	Protein aubergine	NA	Orchesella cincta	GO:0003723;GO:0034587	F:RNA binding;P:piRNA processing	IEA:InterPro;IEA:UniProtKB-ARBA	Success
A0A1D2MYB8	A0A1D2MYB8	A0A1D2MYB8_ORCCI	Opsin-5	NA	Orchesella cincta	GO:0016020;GO:0004930;GO:0007601	C:membrane;F:G protein-coupled receptor activity;P:visual perception	IEA:UniProtKB-SubCell;IEA:UniProtKB-KW;IEA:UniProtKB-KW	Success
A0A1D2MY81	A0A1D2MY81	A0A1D2MY81_ORCCI	Opsin-5	NA	Orchesella cincta	GO:0016020;GO:0004930;GO:0007601	C:membrane;F:G protein-coupled receptor activity;P:visual perception	IEA:UniProtKB-SubCell;IEA:UniProtKB-KW;IEA:UniProtKB-KW	Success
A0A1D2MY81	A0A1D2MY81	A0A1D2MY81_ORCCI	Opsin-5	NA	Orchesella cincta	GO:0016020;GO:0004930;GO:0007601	C:membrane;F:G protein-coupled receptor activity;P:visual perception	IEA:UniProtKB-SubCell;IEA:UniProtKB-KW;IEA:UniProtKB-KW	Success
A0A1D2MZA9	A0A1D2MZA9	A0A1D2MZA9_ORCCI	Opsin-5	NA	Orchesella cincta	GO:0016020;GO:0004930;GO:0007601	C:membrane;F:G protein-coupled receptor activity;P:visual perception	IEA:UniProtKB-SubCell;IEA:UniProtKB-KW;IEA:UniProtKB-KW	Success
A0A1D2MY81	A0A1D2MY81	A0A1D2MY81_ORCCI	Opsin-5	NA	Orchesella cincta	GO:0016020;GO:0004930;GO:0007601	C:membrane;F:G protein-coupled receptor activity;P:visual perception	IEA:UniProtKB-SubCell;IEA:UniProtKB-KW;IEA:UniProtKB-KW	Success
A0A1D2MYB8	A0A1D2MYB8	A0A1D2MYB8_ORCCI	Opsin-5	NA	Orchesella cincta	GO:0016020;GO:0004930;GO:0007601	C:membrane;F:G protein-coupled receptor activity;P:visual perception	IEA:UniProtKB-SubCell;IEA:UniProtKB-KW;IEA:UniProtKB-KW	Success
A0A1D2MY81	A0A1D2MY81	A0A1D2MY81_ORCCI	Opsin-5	NA	Orchesella cincta	GO:0016020;GO:0004930;GO:0007601	C:membrane;F:G protein-coupled receptor activity;P:visual perception	IEA:UniProtKB-SubCell;IEA:UniProtKB-KW;IEA:UniProtKB-KW	Success
A0A1D2M6S6	A0A1D2M6S6	A0A1D2M6S6_ORCCI	Putative transposase-like protein	NA	Orchesella cincta	NA	NA	NA	Success
A0A1D2N1G5	A0A1D2N1G5	A0A1D2N1G5_ORCCI	DNA damage-binding protein 1	NA	Orchesella cincta	GO:0005737;GO:0005634;GO:0003676;GO:0006629;GO:0043161	C:cytoplasm;C:nucleus;F:nucleic acid binding;P:lipid metabolic process;P:proteasome-mediated ubiquitin-dependent protein catabolic process	IEA:UniProtKB-SubCell;IEA:UniProtKB-SubCell;IEA:InterPro;IEA:InterPro;IEA:UniProtKB-UniRule	Success
A0A1D2N7H7	A0A1D2N7H7	A0A1D2N7H7_ORCCI	Lipase	NA	Orchesella cincta	GO:0016788;GO:0016042	F:hydrolase activity, acting on ester bonds;P:lipid catabolic process	IEA:InterPro;IEA:UniProtKB-KW	Success
A0A1D2N7H7	A0A1D2N7H7	A0A1D2N7H7_ORCCI	Lipase	NA	Orchesella cincta	GO:0016788;GO:0016042	F:hydrolase activity, acting on ester bonds;P:lipid catabolic process	IEA:InterPro;IEA:UniProtKB-KW	Success
A0A1D2NJE3	A0A1D2NJE3	A0A1D2NJE3_ORCCI	Cytochrome b5-related protein	NA	Orchesella cincta	GO:0016020;GO:0020037;GO:0046872;GO:0006629	C:membrane;F:heme binding;F:metal ion binding;P:lipid metabolic process	IEA:UniProtKB-KW;IEA:InterPro;IEA:UniProtKB-KW;IEA:InterPro	Success
A0A1D2NJE3	A0A1D2NJE3	A0A1D2NJE3_ORCCI	Cytochrome b5-related protein	NA	Orchesella cincta	GO:0016020;GO:0020037;GO:0046872;GO:0006629	C:membrane;F:heme binding;F:metal ion binding;P:lipid metabolic process	IEA:UniProtKB-KW;IEA:InterPro;IEA:UniProtKB-KW;IEA:InterPro	Success
A0A1D2NJE3	A0A1D2NJE3	A0A1D2NJE3_ORCCI	Cytochrome b5-related protein	NA	Orchesella cincta	GO:0016020;GO:0020037;GO:0046872;GO:0006629	C:membrane;F:heme binding;F:metal ion binding;P:lipid metabolic process	IEA:UniProtKB-KW;IEA:InterPro;IEA:UniProtKB-KW;IEA:InterPro	Success
A0A1D2MP61	A0A1D2MP61	A0A1D2MP61_ORCCI	Protein lethal(2)essential for life	NA	Orchesella cincta	GO:0005737;GO:0005634;GO:0046872;GO:0051082;GO:0042026;GO:0009408	C:cytoplasm;C:nucleus;F:metal ion binding;F:unfolded protein binding;P:protein refolding;P:response to heat	IEA:TreeGrafter;IEA:TreeGrafter;IEA:UniProtKB-KW;IEA:TreeGrafter;IEA:TreeGrafter;IEA:TreeGrafter	Success
A0A1D2M779	A0A1D2M779	A0A1D2M779_ORCCI	Cytochrome P450 3A21	NA	Orchesella cincta	GO:0016020;GO:0020037;GO:0005506;GO:0016705;GO:0008395	C:membrane;F:heme binding;F:iron ion binding;F:oxidoreductase activity, acting on paired donors, with incorporation or reduction of molecular oxygen;F:steroid hydroxylase activity	IEA:UniProtKB-KW;IEA:InterPro;IEA:InterPro;IEA:InterPro;IEA:TreeGrafter	Success
A0A1D2N208	A0A1D2N208	A0A1D2N208_ORCCI	Cyclopropane-fatty-acyl-phospholipid synthase	NA	Orchesella cincta	GO:0016020;GO:0008168;GO:0008610;GO:0032259	C:membrane;F:methyltransferase activity;P:lipid biosynthetic process;P:methylation	IEA:UniProtKB-KW;IEA:UniProtKB-KW;IEA:InterPro;IEA:UniProtKB-KW	Success
A0A1D2ML36	A0A1D2ML36	A0A1D2ML36_ORCCI	3-phosphoinositide-dependent protein kinase 1	NA	Orchesella cincta	GO:0005524;GO:0004674;GO:0035556	F:ATP binding;F:protein serine/threonine kinase activity;P:intracellular signal transduction	IEA:UniProtKB-UniRule;IEA:UniProtKB-KW;IEA:TreeGrafter	Success
A0A1D2MKI9	A0A1D2MKI9	A0A1D2MKI9_ORCCI	Uncharacterized protein	NA	Orchesella cincta	GO:0016020	C:membrane	IEA:UniProtKB-KW	Success
A0A1D2MKM5	A0A1D2MKM5	A0A1D2MKM5_ORCCI	La-related protein 1	NA	Orchesella cincta	GO:0010494;GO:0005829;GO:0003723;GO:0045727	C:cytoplasmic stress granule;C:cytosol;F:RNA binding;P:positive regulation of translation	IEA:TreeGrafter;IEA:TreeGrafter;IEA:UniProtKB-UniRule;IEA:TreeGrafter	Success
A0A1D2MUU9	A0A1D2MUU9	A0A1D2MUU9_ORCCI	Sodium-dependent nutrient amino acid transporter 1	NA	Orchesella cincta	GO:0005886;GO:0005283;GO:0015179;GO:0046872;GO:0089718	C:plasma membrane;F:amino acid:sodium symporter activity;F:L-amino acid transmembrane transporter activity;F:metal ion binding;P:amino acid import across plasma membrane	IEA:TreeGrafter;IEA:TreeGrafter;IEA:TreeGrafter;IEA:UniProtKB-KW;IEA:TreeGrafter	Success
A0A1D2NAP0	A0A1D2NAP0	A0A1D2NAP0_ORCCI	Sodium-dependent nutrient amino acid transporter 1	NA	Orchesella cincta	GO:0005886;GO:0005283;GO:0015179;GO:0046872;GO:0089718	C:plasma membrane;F:amino acid:sodium symporter activity;F:L-amino acid transmembrane transporter activity;F:metal ion binding;P:amino acid import across plasma membrane	IEA:TreeGrafter;IEA:TreeGrafter;IEA:TreeGrafter;IEA:UniProtKB-KW;IEA:TreeGrafter	Success
A0A1D2MKW1	A0A1D2MKW1	A0A1D2MKW1_ORCCI	Galectin	NA	Orchesella cincta	GO:0016020;GO:0030246;GO:0016936	C:membrane;F:carbohydrate binding;F:galactoside binding	IEA:UniProtKB-KW;IEA:UniProtKB-UniRule;IEA:TreeGrafter	Success
A0A1D2NEG8	A0A1D2NEG8	A0A1D2NEG8_ORCCI	Glucose dehydrogenase [FAD, quinone]	NA	Orchesella cincta	GO:0050660;GO:0016614	F:flavin adenine dinucleotide binding;F:oxidoreductase activity, acting on CH-OH group of donors	IEA:InterPro;IEA:InterPro	Success
A0A1D2NAB0	A0A1D2NAB0	A0A1D2NAB0_ORCCI	Alpha-amylase	NA	Orchesella cincta	GO:0004556;GO:0046872;GO:0005975	F:alpha-amylase activity;F:metal ion binding;P:carbohydrate metabolic process	IEA:UniProtKB-UniRule;IEA:UniProtKB-KW;IEA:InterPro	Success
A0A1D2N4J7	A0A1D2N4J7	A0A1D2N4J7_ORCCI	FMRFamide receptor	NA	Orchesella cincta	GO:0016020;GO:0004930	C:membrane;F:G protein-coupled receptor activity	IEA:UniProtKB-SubCell;IEA:InterPro	Success
A0A1D2NMW6	A0A1D2NMW6	A0A1D2NMW6_ORCCI	Vitelline membrane outer layer protein 1	NA	Orchesella cincta	GO:0005615	C:extracellular space	IEA:TreeGrafter	Success
A0A1D2MSA9	A0A1D2MSA9	A0A1D2MSA9_ORCCI	UDP-glucuronosyltransferase	NA	Orchesella cincta	GO:0016020;GO:0015020	C:membrane;F:glucuronosyltransferase activity	IEA:UniProtKB-SubCell;IEA:UniProtKB-EC	Success
A0A1D2M8T9	A0A1D2M8T9	A0A1D2M8T9_ORCCI	Gustatory receptor	NA	Orchesella cincta	GO:0016020	C:membrane	IEA:UniProtKB-KW	Success
A0A1D2N683	A0A1D2N683	A0A1D2N683_ORCCI	Short-chain dehydrogenase/reductase 3	NA	Orchesella cincta	GO:0016616	F:oxidoreductase activity, acting on the CH-OH group of donors, NAD or NADP as acceptor	IEA:TreeGrafter	Success
A0A1D2N329	A0A1D2N329	A0A1D2N329_ORCCI	Putative SEC14-like protein 6	NA	Orchesella cincta	GO:0005737	C:cytoplasm	IEA:TreeGrafter	Success
A0A1D2MQN4	A0A1D2MQN4	A0A1D2MQN4_ORCCI	Prolyl 4-hydroxylase subunit alpha-2	NA	Orchesella cincta	GO:0005783;GO:0005506;GO:0031418;GO:0004656	C:endoplasmic reticulum;F:iron ion binding;F:L-ascorbic acid binding;F:procollagen-proline 4-dioxygenase activity	IEA:TreeGrafter;IEA:InterPro;IEA:UniProtKB-KW;IEA:TreeGrafter	Success
A0A1D2MMR1	A0A1D2MMR1	A0A1D2MMR1_ORCCI	Glucoside xylosyltransferase 2	NA	Orchesella cincta	GO:0016020;GO:0035252;GO:0016266	C:membrane;F:UDP-xylosyltransferase activity;P:O-glycan processing	IEA:UniProtKB-SubCell;IEA:TreeGrafter;IEA:TreeGrafter	Success
A0A1D2MG05	A0A1D2MG05	A0A1D2MG05_ORCCI	UDP-D-xylose:beta-D-glucoside alpha-1,3-D-xylosyltransferase	NA	Orchesella cincta	GO:0016020;GO:0035252;GO:0016266	C:membrane;F:UDP-xylosyltransferase activity;P:O-glycan processing	IEA:UniProtKB-SubCell;IEA:TreeGrafter;IEA:TreeGrafter	Success
A0A1D2NH27	A0A1D2NH27	A0A1D2NH27_ORCCI	Acid trehalase-like protein 1	NA	Orchesella cincta	GO:0016810;GO:0004553;GO:0005975	F:hydrolase activity, acting on carbon-nitrogen (but not peptide) bonds;F:hydrolase activity, hydrolyzing O-glycosyl compounds;P:carbohydrate metabolic process	IEA:InterPro;IEA:TreeGrafter;IEA:InterPro	Success
A0A1D2NH27	A0A1D2NH27	A0A1D2NH27_ORCCI	Acid trehalase-like protein 1	NA	Orchesella cincta	GO:0016810;GO:0004553;GO:0005975	F:hydrolase activity, acting on carbon-nitrogen (but not peptide) bonds;F:hydrolase activity, hydrolyzing O-glycosyl compounds;P:carbohydrate metabolic process	IEA:InterPro;IEA:TreeGrafter;IEA:InterPro	Success
A0A1D2MMR1	A0A1D2MMR1	A0A1D2MMR1_ORCCI	Glucoside xylosyltransferase 2	NA	Orchesella cincta	GO:0016020;GO:0035252;GO:0016266	C:membrane;F:UDP-xylosyltransferase activity;P:O-glycan processing	IEA:UniProtKB-SubCell;IEA:TreeGrafter;IEA:TreeGrafter	Success
A0A1D2MB90	A0A1D2MB90	A0A1D2MB90_ORCCI	Protein Star	NA	Orchesella cincta	GO:0005789;GO:0005794;GO:0031902;GO:0005886;GO:0006888;GO:0016197	C:endoplasmic reticulum membrane;C:Golgi apparatus;C:late endosome membrane;C:plasma membrane;P:endoplasmic reticulum to Golgi vesicle-mediated transport;P:endosomal transport	IEA:TreeGrafter;IEA:TreeGrafter;IEA:TreeGrafter;IEA:TreeGrafter;IEA:TreeGrafter;IEA:TreeGrafter	Success
A0A1D2MB60	A0A1D2MB60	A0A1D2MB60_ORCCI	Glycosyltransferase family 92 protein	NA	Orchesella cincta	GO:0005737;GO:0016020;GO:0016757;GO:0070085	C:cytoplasm;C:membrane;F:glycosyltransferase activity;P:glycosylation	IEA:TreeGrafter;IEA:UniProtKB-SubCell;IEA:UniProtKB-UniRule;IEA:TreeGrafter	Success
A0A1D2MMR1	A0A1D2MMR1	A0A1D2MMR1_ORCCI	Glucoside xylosyltransferase 2	NA	Orchesella cincta	GO:0016020;GO:0035252;GO:0016266	C:membrane;F:UDP-xylosyltransferase activity;P:O-glycan processing	IEA:UniProtKB-SubCell;IEA:TreeGrafter;IEA:TreeGrafter	Success
A0A1D2MVK4	A0A1D2MVK4	A0A1D2MVK4_ORCCI	Fucosyltransferase	NA	Orchesella cincta	GO:0032580;GO:0008417;GO:0036065;GO:0006486	C:Golgi cisterna membrane;F:fucosyltransferase activity;P:fucosylation;P:protein glycosylation	IEA:UniProtKB-SubCell;IEA:InterPro;IEA:UniProtKB-ARBA;IEA:UniProtKB-UniPathway	Success
A0A1D2MYZ8	A0A1D2MYZ8	A0A1D2MYZ8_ORCCI	DBH-like monooxygenase protein 1	NA	Orchesella cincta	GO:0005615;GO:0030667;GO:0005507;GO:0004500;GO:0042420;GO:0042421;GO:0006589	C:extracellular space;C:secretory granule membrane;F:copper ion binding;F:dopamine beta-monooxygenase activity;P:dopamine catabolic process;P:norepinephrine biosynthetic process;P:octopamine biosynthetic process	IEA:TreeGrafter;IEA:TreeGrafter;IEA:TreeGrafter;IEA:InterPro;IEA:TreeGrafter;IEA:TreeGrafter;IEA:TreeGrafter	Success
A0A1D2MIJ9	A0A1D2MIJ9	A0A1D2MIJ9_ORCCI	Lysosome membrane protein 2	NA	Orchesella cincta	GO:0005737;GO:0005886;GO:0005044	C:cytoplasm;C:plasma membrane;F:scavenger receptor activity	IEA:TreeGrafter;IEA:UniProtKB-SubCell;IEA:TreeGrafter	Success
A0A1D2MHV0	A0A1D2MHV0	A0A1D2MHV0_ORCCI	Duodenase-1	NA	Orchesella cincta	GO:0004252;GO:0006508	F:serine-type endopeptidase activity;P:proteolysis	IEA:InterPro;IEA:InterPro	Success
A0A1D2MQ41	A0A1D2MQ41	A0A1D2MQ41_ORCCI	Metalloendopeptidase	NA	Orchesella cincta	GO:0004222;GO:0008270;GO:0006508	F:metalloendopeptidase activity;F:zinc ion binding;P:proteolysis	IEA:UniProtKB-UniRule;IEA:UniProtKB-UniRule;IEA:UniProtKB-KW	Success
A0A1D2MGR2	A0A1D2MGR2	A0A1D2MGR2_ORCCI	Chitin-binding type-4 domain-containing protein	NA	Orchesella cincta	NA	NA	NA	Success
A0A1D2MSA1	A0A1D2MSA1	A0A1D2MSA1_ORCCI	Uncharacterized protein	NA	Orchesella cincta	NA	NA	NA	Success
A0A1D2MSA1	A0A1D2MSA1	A0A1D2MSA1_ORCCI	Uncharacterized protein	NA	Orchesella cincta	NA	NA	NA	Success
A0A1D2MSA1	A0A1D2MSA1	A0A1D2MSA1_ORCCI	Uncharacterized protein	NA	Orchesella cincta	NA	NA	NA	Success
A0A1D2MSA1	A0A1D2MSA1	A0A1D2MSA1_ORCCI	Uncharacterized protein	NA	Orchesella cincta	NA	NA	NA	Success
A0A1D2N2X5	A0A1D2N2X5	A0A1D2N2X5_ORCCI	Transmembrane and TPR repeat-containing protein 3	NA	Orchesella cincta	GO:0005783;GO:0016020;GO:0000030;GO:0030968;GO:0035269	C:endoplasmic reticulum;C:membrane;F:mannosyltransferase activity;P:endoplasmic reticulum unfolded protein response;P:protein O-linked mannosylation	IEA:TreeGrafter;IEA:UniProtKB-KW;IEA:TreeGrafter;IEA:TreeGrafter;IEA:TreeGrafter	Success
A0A1D2NIR8	A0A1D2NIR8	A0A1D2NIR8_ORCCI	A disintegrin and metalloproteinase with thrombospondin motifs 18	NA	Orchesella cincta	GO:0004222;GO:0007229;GO:0006508	F:metalloendopeptidase activity;P:integrin-mediated signaling pathway;P:proteolysis	IEA:InterPro;IEA:UniProtKB-KW;IEA:InterPro	Success
A0A1D2MMR1	A0A1D2MMR1	A0A1D2MMR1_ORCCI	Glucoside xylosyltransferase 2	NA	Orchesella cincta	GO:0016020;GO:0035252;GO:0016266	C:membrane;F:UDP-xylosyltransferase activity;P:O-glycan processing	IEA:UniProtKB-SubCell;IEA:TreeGrafter;IEA:TreeGrafter	Success
A0A1D2NIR8	A0A1D2NIR8	A0A1D2NIR8_ORCCI	A disintegrin and metalloproteinase with thrombospondin motifs 18	NA	Orchesella cincta	GO:0004222;GO:0007229;GO:0006508	F:metalloendopeptidase activity;P:integrin-mediated signaling pathway;P:proteolysis	IEA:InterPro;IEA:UniProtKB-KW;IEA:InterPro	Success
A0A1D2MG05	A0A1D2MG05	A0A1D2MG05_ORCCI	UDP-D-xylose:beta-D-glucoside alpha-1,3-D-xylosyltransferase	NA	Orchesella cincta	GO:0016020;GO:0035252;GO:0016266	C:membrane;F:UDP-xylosyltransferase activity;P:O-glycan processing	IEA:UniProtKB-SubCell;IEA:TreeGrafter;IEA:TreeGrafter	Success
A0A1D2MG05	A0A1D2MG05	A0A1D2MG05_ORCCI	UDP-D-xylose:beta-D-glucoside alpha-1,3-D-xylosyltransferase	NA	Orchesella cincta	GO:0016020;GO:0035252;GO:0016266	C:membrane;F:UDP-xylosyltransferase activity;P:O-glycan processing	IEA:UniProtKB-SubCell;IEA:TreeGrafter;IEA:TreeGrafter	Success
A0A1D2MIK3	A0A1D2MIK3	A0A1D2MIK3_ORCCI	Glucose dehydrogenase [FAD, quinone]	NA	Orchesella cincta	GO:0050660;GO:0016614	F:flavin adenine dinucleotide binding;F:oxidoreductase activity, acting on CH-OH group of donors	IEA:InterPro;IEA:InterPro	Success
A0A1D2MIE0	A0A1D2MIE0	A0A1D2MIE0_ORCCI	Oxygen-dependent choline dehydrogenase	NA	Orchesella cincta	GO:0050660;GO:0016614	F:flavin adenine dinucleotide binding;F:oxidoreductase activity, acting on CH-OH group of donors	IEA:InterPro;IEA:InterPro	Success
A0A1D2NDF5	A0A1D2NDF5	A0A1D2NDF5_ORCCI	Putative vitellogenin receptor	NA	Orchesella cincta	GO:0016324;GO:0005576;GO:0043235;GO:0005509;GO:0008061;GO:0042562;GO:0006898	C:apical plasma membrane;C:extracellular region;C:receptor complex;F:calcium ion binding;F:chitin binding;F:hormone binding;P:receptor-mediated endocytosis	IEA:TreeGrafter;IEA:InterPro;IEA:TreeGrafter;IEA:InterPro;IEA:InterPro;IEA:TreeGrafter;IEA:TreeGrafter	Success
A0A1D2NDF5	A0A1D2NDF5	A0A1D2NDF5_ORCCI	Putative vitellogenin receptor	NA	Orchesella cincta	GO:0016324;GO:0005576;GO:0043235;GO:0005509;GO:0008061;GO:0042562;GO:0006898	C:apical plasma membrane;C:extracellular region;C:receptor complex;F:calcium ion binding;F:chitin binding;F:hormone binding;P:receptor-mediated endocytosis	IEA:TreeGrafter;IEA:InterPro;IEA:TreeGrafter;IEA:InterPro;IEA:InterPro;IEA:TreeGrafter;IEA:TreeGrafter	Success
A0A1D2MDF6	A0A1D2MDF6	A0A1D2MDF6_ORCCI	Phospholipase A1	NA	Orchesella cincta	GO:0005615;GO:0016298;GO:0017171;GO:0016042	C:extracellular space;F:lipase activity;F:serine hydrolase activity;P:lipid catabolic process	IEA:TreeGrafter;IEA:InterPro;IEA:TreeGrafter;IEA:TreeGrafter	Success
A0A1D2MDF6	A0A1D2MDF6	A0A1D2MDF6_ORCCI	Phospholipase A1	NA	Orchesella cincta	GO:0005615;GO:0016298;GO:0017171;GO:0016042	C:extracellular space;F:lipase activity;F:serine hydrolase activity;P:lipid catabolic process	IEA:TreeGrafter;IEA:InterPro;IEA:TreeGrafter;IEA:TreeGrafter	Success
A0A1D2MZJ6	A0A1D2MZJ6	A0A1D2MZJ6_ORCCI	Neuropeptide FF receptor 2	NA	Orchesella cincta	GO:0005886;GO:0004930	C:plasma membrane;F:G protein-coupled receptor activity	IEA:TreeGrafter;IEA:UniProtKB-KW	Success
A0A1D2MDE6	A0A1D2MDE6	A0A1D2MDE6_ORCCI	cholesterol 7-desaturase	NA	Orchesella cincta	GO:0005737;GO:0016020;GO:0051537;GO:0046872;GO:0016491;GO:0008203	C:cytoplasm;C:membrane;F:2 iron, 2 sulfur cluster binding;F:metal ion binding;F:oxidoreductase activity;P:cholesterol metabolic process	IEA:TreeGrafter;IEA:UniProtKB-SubCell;IEA:UniProtKB-KW;IEA:UniProtKB-KW;IEA:UniProtKB-KW;IEA:InterPro	Success
A0A1D2M9T5	A0A1D2M9T5	A0A1D2M9T5_ORCCI	SEC14-like protein 2	NA	Orchesella cincta	GO:0005737	C:cytoplasm	IEA:TreeGrafter	Success
A0A1D2N0C4	A0A1D2N0C4	A0A1D2N0C4_ORCCI	DBH-like monooxygenase protein 2	NA	Orchesella cincta	GO:0005507;GO:0004500	F:copper ion binding;F:dopamine beta-monooxygenase activity	IEA:InterPro;IEA:InterPro	Success
A0A1D2MLD0	A0A1D2MLD0	A0A1D2MLD0_ORCCI	L-xylulose reductase	NA	Orchesella cincta	GO:0004090;GO:0050038;GO:0006006;GO:0005997	F:carbonyl reductase (NADPH) activity;F:L-xylulose reductase (NADPH) activity;P:glucose metabolic process;P:xylulose metabolic process	IEA:TreeGrafter;IEA:TreeGrafter;IEA:TreeGrafter;IEA:TreeGrafter	Success
A0A1D2N3D7	A0A1D2N3D7	A0A1D2N3D7_ORCCI	Aldose reductase	NA	Orchesella cincta	GO:0016491	F:oxidoreductase activity	IEA:InterPro	Success
A0A1D2N7H7	A0A1D2N7H7	A0A1D2N7H7_ORCCI	Lipase	NA	Orchesella cincta	GO:0016788;GO:0016042	F:hydrolase activity, acting on ester bonds;P:lipid catabolic process	IEA:InterPro;IEA:UniProtKB-KW	Success
A0A1D2N704	A0A1D2N704	A0A1D2N704_ORCCI	Carboxylic ester hydrolase	NA	Orchesella cincta	GO:0016020;GO:0052689	C:membrane;F:carboxylic ester hydrolase activity	IEA:UniProtKB-KW;IEA:UniProtKB-KW	Success
A0A1D2NEA8	A0A1D2NEA8	A0A1D2NEA8_ORCCI	Aminopeptidase	NA	Orchesella cincta	GO:0005737;GO:0005615;GO:0005886;GO:0070006;GO:0042277;GO:0008270;GO:0043171;GO:0006508	C:cytoplasm;C:extracellular space;C:plasma membrane;F:metalloaminopeptidase activity;F:peptide binding;F:zinc ion binding;P:peptide catabolic process;P:proteolysis	IEA:TreeGrafter;IEA:TreeGrafter;IEA:UniProtKB-SubCell;IEA:TreeGrafter;IEA:TreeGrafter;IEA:UniProtKB-UniRule;IEA:TreeGrafter;IEA:UniProtKB-KW	Success
A0A1D2N2V4	A0A1D2N2V4	A0A1D2N2V4_ORCCI	Trypsin-1	NA	Orchesella cincta	GO:0004252;GO:0006508	F:serine-type endopeptidase activity;P:proteolysis	IEA:InterPro;IEA:UniProtKB-KW	Success
A0A1D2MF60	A0A1D2MF60	A0A1D2MF60_ORCCI	Cytochrome c oxidase subunit 8B, mitochondrial	NA	Orchesella cincta	GO:0016020;GO:0005739;GO:0006123	C:membrane;C:mitochondrion;P:mitochondrial electron transport, cytochrome c to oxygen	IEA:UniProtKB-KW;IEA:GOC;IEA:InterPro	Success
A0A1D2MG19	A0A1D2MG19	A0A1D2MG19_ORCCI	Matrilysin	NA	Orchesella cincta	GO:0031012;GO:0016020;GO:0004222;GO:0008270;GO:0030574;GO:0030198;GO:0006508	C:extracellular matrix;C:membrane;F:metalloendopeptidase activity;F:zinc ion binding;P:collagen catabolic process;P:extracellular matrix organization;P:proteolysis	IEA:InterPro;IEA:UniProtKB-KW;IEA:InterPro;IEA:InterPro;IEA:TreeGrafter;IEA:TreeGrafter;IEA:UniProtKB-KW	Success
A0A1D2M7F2	A0A1D2M7F2	A0A1D2M7F2_ORCCI	Metalloendopeptidase	NA	Orchesella cincta	GO:0004222;GO:0008270;GO:0006508	F:metalloendopeptidase activity;F:zinc ion binding;P:proteolysis	IEA:UniProtKB-UniRule;IEA:UniProtKB-UniRule;IEA:UniProtKB-KW	Success
A0A1D2N881	A0A1D2N881	A0A1D2N881_ORCCI	Carboxypeptidase Q	NA	Orchesella cincta	GO:0005783;GO:0005615;GO:0005794;GO:0005764;GO:0004180;GO:0070573;GO:0043171;GO:0006508	C:endoplasmic reticulum;C:extracellular space;C:Golgi apparatus;C:lysosome;F:carboxypeptidase activity;F:metallodipeptidase activity;P:peptide catabolic process;P:proteolysis	IEA:UniProtKB-SubCell;IEA:TreeGrafter;IEA:UniProtKB-SubCell;IEA:UniProtKB-SubCell;IEA:UniProtKB-KW;IEA:InterPro;IEA:TreeGrafter;IEA:UniProtKB-KW	Success
A0A1D2MG19	A0A1D2MG19	A0A1D2MG19_ORCCI	Matrilysin	NA	Orchesella cincta	GO:0031012;GO:0016020;GO:0004222;GO:0008270;GO:0030574;GO:0030198;GO:0006508	C:extracellular matrix;C:membrane;F:metalloendopeptidase activity;F:zinc ion binding;P:collagen catabolic process;P:extracellular matrix organization;P:proteolysis	IEA:InterPro;IEA:UniProtKB-KW;IEA:InterPro;IEA:InterPro;IEA:TreeGrafter;IEA:TreeGrafter;IEA:UniProtKB-KW	Success
A0A1D2M6S3	A0A1D2M6S3	A0A1D2M6S3_ORCCI	Aminopeptidase	NA	Orchesella cincta	GO:0005737;GO:0005615;GO:0005886;GO:0070006;GO:0042277;GO:0008270;GO:0043171;GO:0006508	C:cytoplasm;C:extracellular space;C:plasma membrane;F:metalloaminopeptidase activity;F:peptide binding;F:zinc ion binding;P:peptide catabolic process;P:proteolysis	IEA:TreeGrafter;IEA:TreeGrafter;IEA:UniProtKB-SubCell;IEA:TreeGrafter;IEA:TreeGrafter;IEA:UniProtKB-UniRule;IEA:TreeGrafter;IEA:UniProtKB-KW	Success
A0A1D2MJL9	A0A1D2MJL9	A0A1D2MJL9_ORCCI	Regulator of G-protein signaling 7	NA	Orchesella cincta	GO:0005737;GO:0043005;GO:0005096;GO:0008270;GO:0009968;GO:0008277	C:cytoplasm;C:neuron projection;F:GTPase activator activity;F:zinc ion binding;P:negative regulation of signal transduction;P:regulation of G protein-coupled receptor signaling pathway	IEA:TreeGrafter;IEA:TreeGrafter;IEA:TreeGrafter;IEA:UniProtKB-KW;IEA:UniProtKB-KW;IEA:InterPro	Success
A0A1D2N6B9	A0A1D2N6B9	A0A1D2N6B9_ORCCI	Chondroitin proteoglycan 1	NA	Orchesella cincta	GO:0005576;GO:0008061	C:extracellular region;F:chitin binding	IEA:InterPro;IEA:UniProtKB-KW	Success
A0A1D2MN31	A0A1D2MN31	A0A1D2MN31_ORCCI	Glucose dehydrogenase [FAD, quinone]	NA	Orchesella cincta	GO:0050660;GO:0016614	F:flavin adenine dinucleotide binding;F:oxidoreductase activity, acting on CH-OH group of donors	IEA:InterPro;IEA:InterPro	Success
A0A1D2MCC6	A0A1D2MCC6	A0A1D2MCC6_ORCCI	Methyl farnesoate epoxidase	NA	Orchesella cincta	GO:0005737;GO:0043231;GO:0020037;GO:0005506;GO:0016712;GO:0008395;GO:0006082;GO:0006805	C:cytoplasm;C:intracellular membrane-bounded organelle;F:heme binding;F:iron ion binding;F:oxidoreductase activity, acting on paired donors, with incorporation or reduction of molecular oxygen, reduced flavin or flavoprotein as one donor, and incorporation of one atom of oxygen;F:steroid hydroxylase activity;P:organic acid metabolic process;P:xenobiotic metabolic process	IEA:TreeGrafter;IEA:TreeGrafter;IEA:InterPro;IEA:InterPro;IEA:TreeGrafter;IEA:TreeGrafter;IEA:TreeGrafter;IEA:TreeGrafter	Success
A0A1D2MY34	A0A1D2MY34	A0A1D2MY34_ORCCI	V-type proton ATPase subunit S1	NA	Orchesella cincta	GO:0033176;GO:0001671;GO:0030641	C:proton-transporting V-type ATPase complex;F:ATPase activator activity;P:regulation of cellular pH	IEA:TreeGrafter;IEA:TreeGrafter;IEA:TreeGrafter	Success
A0A1D2MY34	A0A1D2MY34	A0A1D2MY34_ORCCI	V-type proton ATPase subunit S1	NA	Orchesella cincta	GO:0033176;GO:0001671;GO:0030641	C:proton-transporting V-type ATPase complex;F:ATPase activator activity;P:regulation of cellular pH	IEA:TreeGrafter;IEA:TreeGrafter;IEA:TreeGrafter	Success
A0A1D2MT24	A0A1D2MT24	A0A1D2MT24_ORCCI	Trans-1,2-dihydrobenzene-1,2-diol dehydrogenase	NA	Orchesella cincta	GO:0000166;GO:0016491	F:nucleotide binding;F:oxidoreductase activity	IEA:InterPro;IEA:UniProtKB-KW	Success
A0A1D2MVC4	A0A1D2MVC4	A0A1D2MVC4_ORCCI	Putative zinc finger protein	NA	Orchesella cincta	GO:0008270	F:zinc ion binding	IEA:UniProtKB-KW	Success
A0A1D2MYS0	A0A1D2MYS0	A0A1D2MYS0_ORCCI	Diacylglycerol O-acyltransferase	NA	Orchesella cincta	GO:0005886;GO:0008374;GO:0019432	C:plasma membrane;F:O-acyltransferase activity;P:triglyceride biosynthetic process	IEA:TreeGrafter;IEA:InterPro;IEA:TreeGrafter	Success
A0A1D2MAT9	A0A1D2MAT9	A0A1D2MAT9_ORCCI	Putative zinc finger protein	NA	Orchesella cincta	GO:0005634;GO:0008270	C:nucleus;F:zinc ion binding	IEA:UniProtKB-SubCell;IEA:UniProtKB-KW	Success
A0A1D2M7Z2	A0A1D2M7Z2	A0A1D2M7Z2_ORCCI	glycerophosphodiester phosphodiesterase	NA	Orchesella cincta	GO:0008889;GO:0006071;GO:0006629	F:glycerophosphodiester phosphodiesterase activity;P:glycerol metabolic process;P:lipid metabolic process	IEA:TreeGrafter;IEA:UniProtKB-KW;IEA:InterPro	Success
A0A1D2NAX1	A0A1D2NAX1	A0A1D2NAX1_ORCCI	Putative oxidoreductase dhs-27	NA	Orchesella cincta	NA	NA	NA	Success
A0A1D2MCA3	A0A1D2MCA3	A0A1D2MCA3_ORCCI	Protein lifeguard 1	NA	Orchesella cincta	GO:0016020	C:membrane	IEA:UniProtKB-SubCell	Success
A0A1D2M1H4	A0A1D2M1H4	A0A1D2M1H4_ORCCI	Protein maternal effect lethal 26	NA	Orchesella cincta	NA	NA	NA	Success
A0A1D2MTX8	A0A1D2MTX8	A0A1D2MTX8_ORCCI	Farnesoate epoxidase	NA	Orchesella cincta	GO:0005737;GO:0043231;GO:0016020;GO:0020037;GO:0005506;GO:0016712;GO:0008395;GO:0006082;GO:0006805	C:cytoplasm;C:intracellular membrane-bounded organelle;C:membrane;F:heme binding;F:iron ion binding;F:oxidoreductase activity, acting on paired donors, with incorporation or reduction of molecular oxygen, reduced flavin or flavoprotein as one donor, and incorporation of one atom of oxygen;F:steroid hydroxylase activity;P:organic acid metabolic process;P:xenobiotic metabolic process	IEA:TreeGrafter;IEA:TreeGrafter;IEA:UniProtKB-KW;IEA:InterPro;IEA:InterPro;IEA:TreeGrafter;IEA:TreeGrafter;IEA:TreeGrafter;IEA:TreeGrafter	Success
A0A1D2MST7	A0A1D2MST7	A0A1D2MST7_ORCCI	Neprilysin	NA	Orchesella cincta	GO:0005886;GO:0046872;GO:0004222;GO:0016485	C:plasma membrane;F:metal ion binding;F:metalloendopeptidase activity;P:protein processing	IEA:UniProtKB-SubCell;IEA:UniProtKB-KW;IEA:InterPro;IEA:TreeGrafter	Success
A0A1D2M9C7	A0A1D2M9C7	A0A1D2M9C7_ORCCI	Retinaldehyde-binding protein 1	NA	Orchesella cincta	GO:0016020;GO:1902936	C:membrane;F:phosphatidylinositol bisphosphate binding	IEA:TreeGrafter;IEA:TreeGrafter	Success
A0A1D2MWY1	A0A1D2MWY1	A0A1D2MWY1_ORCCI	Elongation of very long chain fatty acids protein	NA	Orchesella cincta	GO:0005789;GO:0009922;GO:0034625;GO:0034626;GO:0019367;GO:0030148;GO:0042761	C:endoplasmic reticulum membrane;F:fatty acid elongase activity;P:fatty acid elongation, monounsaturated fatty acid;P:fatty acid elongation, polyunsaturated fatty acid;P:fatty acid elongation, saturated fatty acid;P:sphingolipid biosynthetic process;P:very long-chain fatty acid biosynthetic process	IEA:TreeGrafter;IEA:UniProtKB-EC;IEA:TreeGrafter;IEA:TreeGrafter;IEA:TreeGrafter;IEA:TreeGrafter;IEA:TreeGrafter	Success
A0A1D2MRT6	A0A1D2MRT6	A0A1D2MRT6_ORCCI	Galectin-4	NA	Orchesella cincta	GO:0016020;GO:0030246	C:membrane;F:carbohydrate binding	IEA:UniProtKB-KW;IEA:UniProtKB-KW	Success
A0A1D2MG19	A0A1D2MG19	A0A1D2MG19_ORCCI	Matrilysin	NA	Orchesella cincta	GO:0031012;GO:0016020;GO:0004222;GO:0008270;GO:0030574;GO:0030198;GO:0006508	C:extracellular matrix;C:membrane;F:metalloendopeptidase activity;F:zinc ion binding;P:collagen catabolic process;P:extracellular matrix organization;P:proteolysis	IEA:InterPro;IEA:UniProtKB-KW;IEA:InterPro;IEA:InterPro;IEA:TreeGrafter;IEA:TreeGrafter;IEA:UniProtKB-KW	Success
A0A1D2MIM1	A0A1D2MIM1	A0A1D2MIM1_ORCCI	Cytochrome P450 6k1	NA	Orchesella cincta	GO:0005789;GO:0020037;GO:0005506;GO:0004497;GO:0016705	C:endoplasmic reticulum membrane;F:heme binding;F:iron ion binding;F:monooxygenase activity;F:oxidoreductase activity, acting on paired donors, with incorporation or reduction of molecular oxygen	IEA:UniProtKB-SubCell;IEA:InterPro;IEA:InterPro;IEA:UniProtKB-KW;IEA:InterPro	Success
A0A1D2N0C3	A0A1D2N0C3	A0A1D2N0C3_ORCCI	Lovastatin diketide synthase LovF	NA	Orchesella cincta	GO:0004315;GO:0016491;GO:0031177;GO:0006633	F:3-oxoacyl-[acyl-carrier-protein] synthase activity;F:oxidoreductase activity;F:phosphopantetheine binding;P:fatty acid biosynthetic process	IEA:InterPro;IEA:InterPro;IEA:InterPro;IEA:UniProtKB-UniPathway	Success
A0A1D2N0C3	A0A1D2N0C3	A0A1D2N0C3_ORCCI	Lovastatin diketide synthase LovF	NA	Orchesella cincta	GO:0004315;GO:0016491;GO:0031177;GO:0006633	F:3-oxoacyl-[acyl-carrier-protein] synthase activity;F:oxidoreductase activity;F:phosphopantetheine binding;P:fatty acid biosynthetic process	IEA:InterPro;IEA:InterPro;IEA:InterPro;IEA:UniProtKB-UniPathway	Success
A0A1D2N0C3	A0A1D2N0C3	A0A1D2N0C3_ORCCI	Lovastatin diketide synthase LovF	NA	Orchesella cincta	GO:0004315;GO:0016491;GO:0031177;GO:0006633	F:3-oxoacyl-[acyl-carrier-protein] synthase activity;F:oxidoreductase activity;F:phosphopantetheine binding;P:fatty acid biosynthetic process	IEA:InterPro;IEA:InterPro;IEA:InterPro;IEA:UniProtKB-UniPathway	Success
A0A1D2MCF3	A0A1D2MCF3	A0A1D2MCF3_ORCCI	Glucose dehydrogenase [FAD, quinone]	NA	Orchesella cincta	GO:0050660;GO:0016614	F:flavin adenine dinucleotide binding;F:oxidoreductase activity, acting on CH-OH group of donors	IEA:InterPro;IEA:InterPro	Success
A0A1D2MRQ9	A0A1D2MRQ9	A0A1D2MRQ9_ORCCI	FMRFamide receptor	NA	Orchesella cincta	GO:0016020;GO:0004930	C:membrane;F:G protein-coupled receptor activity	IEA:UniProtKB-SubCell;IEA:InterPro	Success
A0A1D2MT82	A0A1D2MT82	A0A1D2MT82_ORCCI	Fibroblast growth factor receptor 3	NA	Orchesella cincta	GO:0005886;GO:0043235;GO:0005524;GO:0004714;GO:0007169	C:plasma membrane;C:receptor complex;F:ATP binding;F:transmembrane receptor protein tyrosine kinase activity;P:cell surface receptor protein tyrosine kinase signaling pathway	IEA:TreeGrafter;IEA:TreeGrafter;IEA:UniProtKB-UniRule;IEA:TreeGrafter;IEA:TreeGrafter	Success
A0A1D2MMK0	A0A1D2MMK0	A0A1D2MMK0_ORCCI	acid phosphatase	NA	Orchesella cincta	GO:0016020;GO:0016791	C:membrane;F:phosphatase activity	IEA:UniProtKB-KW;IEA:TreeGrafter	Success
A0A1D2NM24	A0A1D2NM24	A0A1D2NM24_ORCCI	DUF229 domain containing protein	NA	Orchesella cincta	GO:0005615;GO:0016020	C:extracellular space;C:membrane	IEA:TreeGrafter;IEA:UniProtKB-KW	Success
A0A1D2MTY0	A0A1D2MTY0	A0A1D2MTY0_ORCCI	Innexin	inx	Orchesella cincta	GO:0005921;GO:0005886;GO:0005243;GO:0034220;GO:0007602	C:gap junction;C:plasma membrane;F:gap junction channel activity;P:monoatomic ion transmembrane transport;P:phototransduction	IEA:UniProtKB-SubCell;IEA:UniProtKB-SubCell;IEA:TreeGrafter;IEA:UniProtKB-KW;IEA:TreeGrafter	Success
A0A1D2N599	A0A1D2N599	A0A1D2N599_ORCCI	Vascular endothelial growth factor receptor 3	NA	Orchesella cincta	GO:0005886;GO:0043235;GO:0005524;GO:0004714;GO:0007169	C:plasma membrane;C:receptor complex;F:ATP binding;F:transmembrane receptor protein tyrosine kinase activity;P:cell surface receptor protein tyrosine kinase signaling pathway	IEA:TreeGrafter;IEA:TreeGrafter;IEA:InterPro;IEA:TreeGrafter;IEA:TreeGrafter	Success
A0A1D2N1Y0	A0A1D2N1Y0	A0A1D2N1Y0_ORCCI	Fibroblast growth factor receptor	NA	Orchesella cincta	GO:0005886;GO:0043235;GO:0005524;GO:0004568;GO:0004714;GO:0007169;GO:0016998;GO:0006032	C:plasma membrane;C:receptor complex;F:ATP binding;F:chitinase activity;F:transmembrane receptor protein tyrosine kinase activity;P:cell surface receptor protein tyrosine kinase signaling pathway;P:cell wall macromolecule catabolic process;P:chitin catabolic process	IEA:TreeGrafter;IEA:TreeGrafter;IEA:UniProtKB-UniRule;IEA:InterPro;IEA:TreeGrafter;IEA:TreeGrafter;IEA:InterPro;IEA:InterPro	Success
A0A1D2N1Y0	A0A1D2N1Y0	A0A1D2N1Y0_ORCCI	Fibroblast growth factor receptor	NA	Orchesella cincta	GO:0005886;GO:0043235;GO:0005524;GO:0004568;GO:0004714;GO:0007169;GO:0016998;GO:0006032	C:plasma membrane;C:receptor complex;F:ATP binding;F:chitinase activity;F:transmembrane receptor protein tyrosine kinase activity;P:cell surface receptor protein tyrosine kinase signaling pathway;P:cell wall macromolecule catabolic process;P:chitin catabolic process	IEA:TreeGrafter;IEA:TreeGrafter;IEA:UniProtKB-UniRule;IEA:InterPro;IEA:TreeGrafter;IEA:TreeGrafter;IEA:InterPro;IEA:InterPro	Success
A0A1D2MJ01	A0A1D2MJ01	A0A1D2MJ01_ORCCI	Acyl-CoA Delta(11) desaturase	NA	Orchesella cincta	GO:0005789;GO:0005506;GO:0004768;GO:0006636	C:endoplasmic reticulum membrane;F:iron ion binding;F:stearoyl-CoA 9-desaturase activity;P:unsaturated fatty acid biosynthetic process	IEA:TreeGrafter;IEA:TreeGrafter;IEA:TreeGrafter;IEA:TreeGrafter	Success
A0A1D2M5Q3	A0A1D2M5Q3	A0A1D2M5Q3_ORCCI	Acyl-CoA Delta(11) desaturase	NA	Orchesella cincta	GO:0005789;GO:0005506;GO:0004768;GO:0006636	C:endoplasmic reticulum membrane;F:iron ion binding;F:stearoyl-CoA 9-desaturase activity;P:unsaturated fatty acid biosynthetic process	IEA:TreeGrafter;IEA:TreeGrafter;IEA:TreeGrafter;IEA:TreeGrafter	Success
A0A1D2MJ01	A0A1D2MJ01	A0A1D2MJ01_ORCCI	Acyl-CoA Delta(11) desaturase	NA	Orchesella cincta	GO:0005789;GO:0005506;GO:0004768;GO:0006636	C:endoplasmic reticulum membrane;F:iron ion binding;F:stearoyl-CoA 9-desaturase activity;P:unsaturated fatty acid biosynthetic process	IEA:TreeGrafter;IEA:TreeGrafter;IEA:TreeGrafter;IEA:TreeGrafter	Success
A0A1D2MVD7	A0A1D2MVD7	A0A1D2MVD7_ORCCI	glutathione transferase	NA	Orchesella cincta	GO:0004364;GO:0006749	F:glutathione transferase activity;P:glutathione metabolic process	IEA:TreeGrafter;IEA:TreeGrafter	Success
A0A1D2MHV1	A0A1D2MHV1	A0A1D2MHV1_ORCCI	Rhodopsin, GQ-coupled	NA	Orchesella cincta	GO:0016020;GO:0004930	C:membrane;F:G protein-coupled receptor activity	IEA:UniProtKB-SubCell;IEA:InterPro	Success
A0A1D2M949	A0A1D2M949	A0A1D2M949_ORCCI	Uncharacterized protein	NA	Orchesella cincta	GO:0016020	C:membrane	IEA:UniProtKB-KW	Success
A0A1D2M949	A0A1D2M949	A0A1D2M949_ORCCI	Uncharacterized protein	NA	Orchesella cincta	GO:0016020	C:membrane	IEA:UniProtKB-KW	Success
A0A1D2MZ01	A0A1D2MZ01	A0A1D2MZ01_ORCCI	receptor protein-tyrosine kinase	NA	Orchesella cincta	GO:0005886;GO:0043235;GO:0005524;GO:0046872;GO:0004714;GO:0007169	C:plasma membrane;C:receptor complex;F:ATP binding;F:metal ion binding;F:transmembrane receptor protein tyrosine kinase activity;P:cell surface receptor protein tyrosine kinase signaling pathway	IEA:UniProtKB-SubCell;IEA:TreeGrafter;IEA:UniProtKB-UniRule;IEA:UniProtKB-KW;IEA:InterPro;IEA:InterPro	Success
A0A1D2MRQ9	A0A1D2MRQ9	A0A1D2MRQ9_ORCCI	FMRFamide receptor	NA	Orchesella cincta	GO:0016020;GO:0004930	C:membrane;F:G protein-coupled receptor activity	IEA:UniProtKB-SubCell;IEA:InterPro	Success
A0A1D2N881	A0A1D2N881	A0A1D2N881_ORCCI	Carboxypeptidase Q	NA	Orchesella cincta	GO:0005783;GO:0005615;GO:0005794;GO:0005764;GO:0004180;GO:0070573;GO:0043171;GO:0006508	C:endoplasmic reticulum;C:extracellular space;C:Golgi apparatus;C:lysosome;F:carboxypeptidase activity;F:metallodipeptidase activity;P:peptide catabolic process;P:proteolysis	IEA:UniProtKB-SubCell;IEA:TreeGrafter;IEA:UniProtKB-SubCell;IEA:UniProtKB-SubCell;IEA:UniProtKB-KW;IEA:InterPro;IEA:TreeGrafter;IEA:UniProtKB-KW	Success
A0A1D2MK59	A0A1D2MK59	A0A1D2MK59_ORCCI	1-acyl-sn-glycerol-3-phosphate acyltransferase gamma	NA	Orchesella cincta	GO:0012505;GO:0016020;GO:0003841	C:endomembrane system;C:membrane;F:1-acylglycerol-3-phosphate O-acyltransferase activity	IEA:TreeGrafter;IEA:UniProtKB-KW;IEA:TreeGrafter	Success
A0A1D2MK47	A0A1D2MK47	A0A1D2MK47_ORCCI	Glucose dehydrogenase [FAD, quinone]	NA	Orchesella cincta	GO:0050660;GO:0016614	F:flavin adenine dinucleotide binding;F:oxidoreductase activity, acting on CH-OH group of donors	IEA:InterPro;IEA:InterPro	Success
A0A1D2NJ58	A0A1D2NJ58	A0A1D2NJ58_ORCCI	diacylglycerol O-acyltransferase	NA	Orchesella cincta	GO:0005886;GO:0004144;GO:0019432	C:plasma membrane;F:diacylglycerol O-acyltransferase activity;P:triglyceride biosynthetic process	IEA:TreeGrafter;IEA:UniProtKB-EC;IEA:UniProtKB-UniPathway	Success
A0A1D2MED6	A0A1D2MED6	A0A1D2MED6_ORCCI	DBH-like monooxygenase protein 1	NA	Orchesella cincta	GO:0005507;GO:0004500	F:copper ion binding;F:dopamine beta-monooxygenase activity	IEA:InterPro;IEA:InterPro	Success
A0A1D2NJT2	A0A1D2NJT2	A0A1D2NJT2_ORCCI	DOMON domain-containing protein	NA	Orchesella cincta	GO:0005615;GO:0030667;GO:0005507;GO:0004500;GO:0042420;GO:0042421;GO:0006589	C:extracellular space;C:secretory granule membrane;F:copper ion binding;F:dopamine beta-monooxygenase activity;P:dopamine catabolic process;P:norepinephrine biosynthetic process;P:octopamine biosynthetic process	IEA:TreeGrafter;IEA:TreeGrafter;IEA:InterPro;IEA:InterPro;IEA:TreeGrafter;IEA:TreeGrafter;IEA:TreeGrafter	Success
A0A1D2MED6	A0A1D2MED6	A0A1D2MED6_ORCCI	DBH-like monooxygenase protein 1	NA	Orchesella cincta	GO:0005507;GO:0004500	F:copper ion binding;F:dopamine beta-monooxygenase activity	IEA:InterPro;IEA:InterPro	Success
A0A1D2MED6	A0A1D2MED6	A0A1D2MED6_ORCCI	DBH-like monooxygenase protein 1	NA	Orchesella cincta	GO:0005507;GO:0004500	F:copper ion binding;F:dopamine beta-monooxygenase activity	IEA:InterPro;IEA:InterPro	Success
A0A1D2MRT6	A0A1D2MRT6	A0A1D2MRT6_ORCCI	Galectin-4	NA	Orchesella cincta	GO:0016020;GO:0030246	C:membrane;F:carbohydrate binding	IEA:UniProtKB-KW;IEA:UniProtKB-KW	Success
A0A1D2MTY2	A0A1D2MTY2	A0A1D2MTY2_ORCCI	Uncharacterized protein	NA	Orchesella cincta	GO:0005615;GO:0016020	C:extracellular space;C:membrane	IEA:TreeGrafter;IEA:UniProtKB-KW	Success
A0A1D2N1Y0	A0A1D2N1Y0	A0A1D2N1Y0_ORCCI	Fibroblast growth factor receptor	NA	Orchesella cincta	GO:0005886;GO:0043235;GO:0005524;GO:0004568;GO:0004714;GO:0007169;GO:0016998;GO:0006032	C:plasma membrane;C:receptor complex;F:ATP binding;F:chitinase activity;F:transmembrane receptor protein tyrosine kinase activity;P:cell surface receptor protein tyrosine kinase signaling pathway;P:cell wall macromolecule catabolic process;P:chitin catabolic process	IEA:TreeGrafter;IEA:TreeGrafter;IEA:UniProtKB-UniRule;IEA:InterPro;IEA:TreeGrafter;IEA:TreeGrafter;IEA:InterPro;IEA:InterPro	Success
A0A1D2MKN0	A0A1D2MKN0	A0A1D2MKN0_ORCCI	Neuroserpin	NA	Orchesella cincta	GO:0005615;GO:0004867	C:extracellular space;F:serine-type endopeptidase inhibitor activity	IEA:InterPro;IEA:UniProtKB-KW	Success
A0A1D2MKN0	A0A1D2MKN0	A0A1D2MKN0_ORCCI	Neuroserpin	NA	Orchesella cincta	GO:0005615;GO:0004867	C:extracellular space;F:serine-type endopeptidase inhibitor activity	IEA:InterPro;IEA:UniProtKB-KW	Success
A0A1D2MV40	A0A1D2MV40	A0A1D2MV40_ORCCI	DNA-directed RNA polymerase II subunit RPB4	NA	Orchesella cincta	GO:0000428;GO:0005634;GO:0000166;GO:0006352	C:DNA-directed RNA polymerase complex;C:nucleus;F:nucleotide binding;P:DNA-templated transcription initiation	IEA:UniProtKB-KW;IEA:UniProtKB-SubCell;IEA:InterPro;IEA:InterPro	Success
A0A1D2NMW1	A0A1D2NMW1	A0A1D2NMW1_ORCCI	Uncharacterized protein	NA	Orchesella cincta	NA	NA	NA	Success
A0A1D2MFW8	A0A1D2MFW8	A0A1D2MFW8_ORCCI	TD and POZ domain-containing protein 4	NA	Orchesella cincta	NA	NA	NA	Success
A0A1D2MFM0	A0A1D2MFM0	A0A1D2MFM0_ORCCI	Cubilin	NA	Orchesella cincta	NA	NA	NA	Success
A0A1D2M737	A0A1D2M737	A0A1D2M737_ORCCI	Ovochymase-2	NA	Orchesella cincta	NA	NA	NA	Success
A0A1D2MAW9	A0A1D2MAW9	A0A1D2MAW9_ORCCI	Deleted in malignant brain tumors 1 protein	NA	Orchesella cincta	NA	NA	NA	Success
A0A1D2MSN5	A0A1D2MSN5	A0A1D2MSN5_ORCCI	Glutamate-gated chloride channel	NA	Orchesella cincta	GO:0005886;GO:0005254;GO:0005230;GO:0099095;GO:0004888	C:plasma membrane;F:chloride channel activity;F:extracellular ligand-gated monoatomic ion channel activity;F:ligand-gated monoatomic anion channel activity;F:transmembrane signaling receptor activity	IEA:UniProtKB-SubCell;IEA:UniProtKB-ARBA;IEA:InterPro;IEA:UniProtKB-ARBA;IEA:InterPro	Success
A0A1D2MFT5	A0A1D2MFT5	A0A1D2MFT5_ORCCI	Methyltransferase-like protein 7A	NA	Orchesella cincta	GO:0016020;GO:0008757;GO:0032259	C:membrane;F:S-adenosylmethionine-dependent methyltransferase activity;P:methylation	IEA:UniProtKB-KW;IEA:InterPro;IEA:UniProtKB-KW	Success
A0A1D2MX54	A0A1D2MX54	A0A1D2MX54_ORCCI	Uncharacterized protein	NA	Orchesella cincta	GO:0016020	C:membrane	IEA:UniProtKB-KW	Success
A0A1D2MQB2	A0A1D2MQB2	A0A1D2MQB2_ORCCI	Inactive serine protease scarface clip-domain domain-containing protein	NA	Orchesella cincta	NA	NA	NA	Success
A0A1D2M5G1	A0A1D2M5G1	A0A1D2M5G1_ORCCI	Homer protein 2	NA	Orchesella cincta	GO:0035256	F:G protein-coupled glutamate receptor binding	IEA:InterPro	Success
A0A1D2MM91	A0A1D2MM91	A0A1D2MM91_ORCCI	Uncharacterized protein	NA	Orchesella cincta	NA	NA	NA	Success
A0A1D2M5F0	A0A1D2M5F0	A0A1D2M5F0_ORCCI	Uncharacterized protein	NA	Orchesella cincta	GO:0016020	C:membrane	IEA:UniProtKB-KW	Success
A0A1D2MI94	A0A1D2MI94	A0A1D2MI94_ORCCI	EGF-like domain-containing protein	NA	Orchesella cincta	GO:0016020	C:membrane	IEA:UniProtKB-KW	Success
A0A1D2MIA5	A0A1D2MIA5	A0A1D2MIA5_ORCCI	Uncharacterized protein	NA	Orchesella cincta	GO:0016020	C:membrane	IEA:UniProtKB-KW	Success
A0A1D2MI27	A0A1D2MI27	A0A1D2MI27_ORCCI	Aminopeptidase	NA	Orchesella cincta	GO:0005737;GO:0005615;GO:0005886;GO:0070006;GO:0042277;GO:0008270;GO:0043171;GO:0006508	C:cytoplasm;C:extracellular space;C:plasma membrane;F:metalloaminopeptidase activity;F:peptide binding;F:zinc ion binding;P:peptide catabolic process;P:proteolysis	IEA:TreeGrafter;IEA:TreeGrafter;IEA:UniProtKB-SubCell;IEA:TreeGrafter;IEA:TreeGrafter;IEA:UniProtKB-UniRule;IEA:TreeGrafter;IEA:UniProtKB-KW	Success
A0A1D2N3E7	A0A1D2N3E7	A0A1D2N3E7_ORCCI	F-box domain-containing protein	NA	Orchesella cincta	NA	NA	NA	Success
A0A1D2N1C8	A0A1D2N1C8	A0A1D2N1C8_ORCCI	ATP-binding cassette sub-family A member 3	NA	Orchesella cincta	GO:0043231;GO:0016020;GO:0140359;GO:0005524;GO:0016887;GO:0005319	C:intracellular membrane-bounded organelle;C:membrane;F:ABC-type transporter activity;F:ATP binding;F:ATP hydrolysis activity;F:lipid transporter activity	IEA:TreeGrafter;IEA:UniProtKB-SubCell;IEA:InterPro;IEA:UniProtKB-KW;IEA:InterPro;IEA:TreeGrafter	Success
A0A1D2N7K9	A0A1D2N7K9	A0A1D2N7K9_ORCCI	Golgi-associated plant pathogenesis-related protein 1	NA	Orchesella cincta	GO:0005576	C:extracellular region	IEA:InterPro	Success
A0A1D2N7K9	A0A1D2N7K9	A0A1D2N7K9_ORCCI	Golgi-associated plant pathogenesis-related protein 1	NA	Orchesella cincta	GO:0005576	C:extracellular region	IEA:InterPro	Success
A0A1D2N7K9	A0A1D2N7K9	A0A1D2N7K9_ORCCI	Golgi-associated plant pathogenesis-related protein 1	NA	Orchesella cincta	GO:0005576	C:extracellular region	IEA:InterPro	Success
A0A1D2N8G5	A0A1D2N8G5	A0A1D2N8G5_ORCCI	Golgi-associated plant pathogenesis-related protein 1	NA	Orchesella cincta	GO:0005576	C:extracellular region	IEA:InterPro	Success
A0A1D2MR76	A0A1D2MR76	A0A1D2MR76_ORCCI	ATP-binding cassette sub-family A member 3	NA	Orchesella cincta	GO:0043231;GO:0016020;GO:0140359;GO:0005524;GO:0016887;GO:0005319	C:intracellular membrane-bounded organelle;C:membrane;F:ABC-type transporter activity;F:ATP binding;F:ATP hydrolysis activity;F:lipid transporter activity	IEA:TreeGrafter;IEA:UniProtKB-SubCell;IEA:InterPro;IEA:UniProtKB-KW;IEA:InterPro;IEA:TreeGrafter	Success
A0A1D2N6L5	A0A1D2N6L5	A0A1D2N6L5_ORCCI	Cytochrome P450 2J5	NA	Orchesella cincta	GO:0005737;GO:0043231;GO:0020037;GO:0005506;GO:0016712;GO:0008395;GO:0006082;GO:0006805	C:cytoplasm;C:intracellular membrane-bounded organelle;F:heme binding;F:iron ion binding;F:oxidoreductase activity, acting on paired donors, with incorporation or reduction of molecular oxygen, reduced flavin or flavoprotein as one donor, and incorporation of one atom of oxygen;F:steroid hydroxylase activity;P:organic acid metabolic process;P:xenobiotic metabolic process	IEA:TreeGrafter;IEA:TreeGrafter;IEA:InterPro;IEA:InterPro;IEA:TreeGrafter;IEA:TreeGrafter;IEA:TreeGrafter;IEA:TreeGrafter	Success
A0A1D2MQT6	A0A1D2MQT6	A0A1D2MQT6_ORCCI	Glutathione S-transferase D7	NA	Orchesella cincta	GO:0004364;GO:0006749	F:glutathione transferase activity;P:glutathione metabolic process	IEA:TreeGrafter;IEA:TreeGrafter	Success
A0A1D2NIR5	A0A1D2NIR5	A0A1D2NIR5_ORCCI	Alkaline phosphatase	NA	Orchesella cincta	GO:0016020;GO:0004035;GO:0046872	C:membrane;F:alkaline phosphatase activity;F:metal ion binding	IEA:UniProtKB-KW;IEA:UniProtKB-EC;IEA:UniProtKB-KW	Success
A0A1D2M7G3	A0A1D2M7G3	A0A1D2M7G3_ORCCI	Kelch-like protein 40a	NA	Orchesella cincta	NA	NA	NA	Success
A0A1D2MT93	A0A1D2MT93	A0A1D2MT93_ORCCI	N-acetyltransferase domain-containing protein	NA	Orchesella cincta	GO:0016747	F:acyltransferase activity, transferring groups other than amino-acyl groups	IEA:InterPro	Success
A0A1D2M1E8	A0A1D2M1E8	A0A1D2M1E8_ORCCI	Histone H2A	NA	Orchesella cincta	GO:0000786;GO:0005634;GO:0003677;GO:0046982;GO:0030527	C:nucleosome;C:nucleus;F:DNA binding;F:protein heterodimerization activity;F:structural constituent of chromatin	IEA:UniProtKB-KW;IEA:UniProtKB-SubCell;IEA:UniProtKB-KW;IEA:InterPro;IEA:InterPro	Success
A0A1D2M2W8	A0A1D2M2W8	A0A1D2M2W8_ORCCI	Histone H1C	NA	Orchesella cincta	GO:0000786;GO:0005634;GO:0003677;GO:0030527;GO:0006334	C:nucleosome;C:nucleus;F:DNA binding;F:structural constituent of chromatin;P:nucleosome assembly	IEA:InterPro;IEA:UniProtKB-SubCell;IEA:UniProtKB-KW;IEA:InterPro;IEA:InterPro	Success
A0A1D2NB86	A0A1D2NB86	A0A1D2NB86_ORCCI	Metalloendopeptidase	NA	Orchesella cincta	GO:0016020;GO:0004222;GO:0008270;GO:0006508	C:membrane;F:metalloendopeptidase activity;F:zinc ion binding;P:proteolysis	IEA:UniProtKB-KW;IEA:UniProtKB-UniRule;IEA:UniProtKB-UniRule;IEA:UniProtKB-KW	Success
A0A1D2NDE5	A0A1D2NDE5	A0A1D2NDE5_ORCCI	Anosmin-1	NA	Orchesella cincta	GO:0005576;GO:0016020;GO:0030414	C:extracellular region;C:membrane;F:peptidase inhibitor activity	IEA:InterPro;IEA:UniProtKB-KW;IEA:InterPro	Success
A0A1D2MAT7	A0A1D2MAT7	A0A1D2MAT7_ORCCI	Glucose 1,6-bisphosphate synthase	NA	Orchesella cincta	GO:0016020	C:membrane	IEA:UniProtKB-KW	Success
A0A1D2MF58	A0A1D2MF58	A0A1D2MF58_ORCCI	Lipocalin/cytosolic fatty-acid binding domain-containing protein	NA	Orchesella cincta	NA	NA	NA	Success
A0A1D2MT93	A0A1D2MT93	A0A1D2MT93_ORCCI	N-acetyltransferase domain-containing protein	NA	Orchesella cincta	GO:0016747	F:acyltransferase activity, transferring groups other than amino-acyl groups	IEA:InterPro	Success
A0A1D2MT93	A0A1D2MT93	A0A1D2MT93_ORCCI	N-acetyltransferase domain-containing protein	NA	Orchesella cincta	GO:0016747	F:acyltransferase activity, transferring groups other than amino-acyl groups	IEA:InterPro	Success
A0A1D2M9S7	A0A1D2M9S7	A0A1D2M9S7_ORCCI	Gustatory receptor for sugar taste 64a	NA	Orchesella cincta	GO:0005886;GO:0008527;GO:0050916	C:plasma membrane;F:taste receptor activity;P:sensory perception of sweet taste	IEA:UniProtKB-SubCell;IEA:InterPro;IEA:UniProtKB-ARBA	Success
A0A1D2MRT6	A0A1D2MRT6	A0A1D2MRT6_ORCCI	Galectin-4	NA	Orchesella cincta	GO:0016020;GO:0030246	C:membrane;F:carbohydrate binding	IEA:UniProtKB-KW;IEA:UniProtKB-KW	Success
A0A1D2NKC1	A0A1D2NKC1	A0A1D2NKC1_ORCCI	SEC14-like protein 2	NA	Orchesella cincta	GO:0005737	C:cytoplasm	IEA:TreeGrafter	Success
A0A1D2MPW4	A0A1D2MPW4	A0A1D2MPW4_ORCCI	Protein Star	NA	Orchesella cincta	GO:0005789;GO:0005794;GO:0031902;GO:0005886;GO:0006888;GO:0016197	C:endoplasmic reticulum membrane;C:Golgi apparatus;C:late endosome membrane;C:plasma membrane;P:endoplasmic reticulum to Golgi vesicle-mediated transport;P:endosomal transport	IEA:TreeGrafter;IEA:TreeGrafter;IEA:TreeGrafter;IEA:TreeGrafter;IEA:TreeGrafter;IEA:TreeGrafter	Success
A0A1D2M452	A0A1D2M452	A0A1D2M452_ORCCI	Putative RNA-directed DNA polymerase from transposon BS	NA	Orchesella cincta	GO:0003964	F:RNA-directed DNA polymerase activity	IEA:UniProtKB-KW	Success
A0A1D2MNH0	A0A1D2MNH0	A0A1D2MNH0_ORCCI	Fatty acid desaturase 1	NA	Orchesella cincta	GO:0016020;GO:0020037;GO:0046872;GO:0016717;GO:0006629	C:membrane;F:heme binding;F:metal ion binding;F:oxidoreductase activity, acting on paired donors, with oxidation of a pair of donors resulting in the reduction of molecular oxygen to two molecules of water;P:lipid metabolic process	IEA:UniProtKB-SubCell;IEA:InterPro;IEA:UniProtKB-KW;IEA:TreeGrafter;IEA:UniProtKB-KW	Success
A0A1D2MNH0	A0A1D2MNH0	A0A1D2MNH0_ORCCI	Fatty acid desaturase 1	NA	Orchesella cincta	GO:0016020;GO:0020037;GO:0046872;GO:0016717;GO:0006629	C:membrane;F:heme binding;F:metal ion binding;F:oxidoreductase activity, acting on paired donors, with oxidation of a pair of donors resulting in the reduction of molecular oxygen to two molecules of water;P:lipid metabolic process	IEA:UniProtKB-SubCell;IEA:InterPro;IEA:UniProtKB-KW;IEA:TreeGrafter;IEA:UniProtKB-KW	Success
A0A1D2ML74	A0A1D2ML74	A0A1D2ML74_ORCCI	FMRFamide receptor	NA	Orchesella cincta	GO:0016020;GO:0004930	C:membrane;F:G protein-coupled receptor activity	IEA:UniProtKB-SubCell;IEA:UniProtKB-KW	Success
A0A1D2NNL6	A0A1D2NNL6	A0A1D2NNL6_ORCCI	Family 31 glucosidase KIAA1161	NA	Orchesella cincta	GO:0004553;GO:0005975	F:hydrolase activity, hydrolyzing O-glycosyl compounds;P:carbohydrate metabolic process	IEA:InterPro;IEA:InterPro	Success
A0A1D2MEI9	A0A1D2MEI9	A0A1D2MEI9_ORCCI	Poly(A) RNA polymerase cid13	NA	Orchesella cincta	GO:0016779;GO:0031123	F:nucleotidyltransferase activity;P:RNA 3'-end processing	IEA:TreeGrafter;IEA:TreeGrafter	Success
A0A1D2MZV7	A0A1D2MZV7	A0A1D2MZV7_ORCCI	Putative sodium-coupled neutral amino acid transporter 7	NA	Orchesella cincta	GO:0016020;GO:0015179	C:membrane;F:L-amino acid transmembrane transporter activity	IEA:UniProtKB-SubCell;IEA:TreeGrafter	Success
A0A1D2M491	A0A1D2M491	A0A1D2M491_ORCCI	RNA-directed DNA polymerase	NA	Orchesella cincta	GO:0042575;GO:0004519;GO:0003676;GO:0003964;GO:0008270;GO:0015074	C:DNA polymerase complex;F:endonuclease activity;F:nucleic acid binding;F:RNA-directed DNA polymerase activity;F:zinc ion binding;P:DNA integration	IEA:UniProtKB-ARBA;IEA:UniProtKB-KW;IEA:InterPro;IEA:UniProtKB-KW;IEA:UniProtKB-KW;IEA:InterPro	Success
A0A1D2MG19	A0A1D2MG19	A0A1D2MG19_ORCCI	Matrilysin	NA	Orchesella cincta	GO:0031012;GO:0016020;GO:0004222;GO:0008270;GO:0030574;GO:0030198;GO:0006508	C:extracellular matrix;C:membrane;F:metalloendopeptidase activity;F:zinc ion binding;P:collagen catabolic process;P:extracellular matrix organization;P:proteolysis	IEA:InterPro;IEA:UniProtKB-KW;IEA:InterPro;IEA:InterPro;IEA:TreeGrafter;IEA:TreeGrafter;IEA:UniProtKB-KW	Success
A0A1D2MFV6	A0A1D2MFV6	A0A1D2MFV6_ORCCI	Uncharacterized protein	NA	Orchesella cincta	NA	NA	NA	Success
A0A1D2MG51	A0A1D2MG51	A0A1D2MG51_ORCCI	Midnolin	NA	Orchesella cincta	GO:0005634	C:nucleus	IEA:UniProtKB-SubCell	Success
A0A1D2MZA9	A0A1D2MZA9	A0A1D2MZA9_ORCCI	Opsin-5	NA	Orchesella cincta	GO:0016020;GO:0004930;GO:0007601	C:membrane;F:G protein-coupled receptor activity;P:visual perception	IEA:UniProtKB-SubCell;IEA:UniProtKB-KW;IEA:UniProtKB-KW	Success
A0A1D2MYB8	A0A1D2MYB8	A0A1D2MYB8_ORCCI	Opsin-5	NA	Orchesella cincta	GO:0016020;GO:0004930;GO:0007601	C:membrane;F:G protein-coupled receptor activity;P:visual perception	IEA:UniProtKB-SubCell;IEA:UniProtKB-KW;IEA:UniProtKB-KW	Success
A0A1D2MY81	A0A1D2MY81	A0A1D2MY81_ORCCI	Opsin-5	NA	Orchesella cincta	GO:0016020;GO:0004930;GO:0007601	C:membrane;F:G protein-coupled receptor activity;P:visual perception	IEA:UniProtKB-SubCell;IEA:UniProtKB-KW;IEA:UniProtKB-KW	Success
A0A1D2MHV0	A0A1D2MHV0	A0A1D2MHV0_ORCCI	Duodenase-1	NA	Orchesella cincta	GO:0004252;GO:0006508	F:serine-type endopeptidase activity;P:proteolysis	IEA:InterPro;IEA:InterPro	Success
A0A1D2N9X8	A0A1D2N9X8	A0A1D2N9X8_ORCCI	Putative zinc finger protein	NA	Orchesella cincta	GO:0008270	F:zinc ion binding	IEA:UniProtKB-KW	Success
A0A1D2N2V4	A0A1D2N2V4	A0A1D2N2V4_ORCCI	Trypsin-1	NA	Orchesella cincta	GO:0004252;GO:0006508	F:serine-type endopeptidase activity;P:proteolysis	IEA:InterPro;IEA:UniProtKB-KW	Success
A0A1D2NHC9	A0A1D2NHC9	A0A1D2NHC9_ORCCI	Trypsin-1	NA	Orchesella cincta	GO:0004252;GO:0006508	F:serine-type endopeptidase activity;P:proteolysis	IEA:InterPro;IEA:InterPro	Success
A0A1D2NJN6	A0A1D2NJN6	A0A1D2NJN6_ORCCI	2'-5'-oligoadenylate synthase 3	NA	Orchesella cincta	GO:0005829;GO:0016020;GO:0005654;GO:0001730;GO:0003725	C:cytosol;C:membrane;C:nucleoplasm;F:2'-5'-oligoadenylate synthetase activity;F:double-stranded RNA binding	IEA:TreeGrafter;IEA:TreeGrafter;IEA:TreeGrafter;IEA:TreeGrafter;IEA:TreeGrafter	Success
A0A1D2N2V4	A0A1D2N2V4	A0A1D2N2V4_ORCCI	Trypsin-1	NA	Orchesella cincta	GO:0004252;GO:0006508	F:serine-type endopeptidase activity;P:proteolysis	IEA:InterPro;IEA:UniProtKB-KW	Success
A0A1D2NJN6	A0A1D2NJN6	A0A1D2NJN6_ORCCI	2'-5'-oligoadenylate synthase 3	NA	Orchesella cincta	GO:0005829;GO:0016020;GO:0005654;GO:0001730;GO:0003725	C:cytosol;C:membrane;C:nucleoplasm;F:2'-5'-oligoadenylate synthetase activity;F:double-stranded RNA binding	IEA:TreeGrafter;IEA:TreeGrafter;IEA:TreeGrafter;IEA:TreeGrafter;IEA:TreeGrafter	Success
A0A1D2M4F2	A0A1D2M4F2	A0A1D2M4F2_ORCCI	Vitamin D 25-hydroxylase	NA	Orchesella cincta	GO:0005737;GO:0043231;GO:0020037;GO:0005506;GO:0016712;GO:0008395;GO:0006082;GO:0006805	C:cytoplasm;C:intracellular membrane-bounded organelle;F:heme binding;F:iron ion binding;F:oxidoreductase activity, acting on paired donors, with incorporation or reduction of molecular oxygen, reduced flavin or flavoprotein as one donor, and incorporation of one atom of oxygen;F:steroid hydroxylase activity;P:organic acid metabolic process;P:xenobiotic metabolic process	IEA:TreeGrafter;IEA:TreeGrafter;IEA:InterPro;IEA:InterPro;IEA:TreeGrafter;IEA:TreeGrafter;IEA:TreeGrafter;IEA:TreeGrafter	Success
A0A1D2MZV2	A0A1D2MZV2	A0A1D2MZV2_ORCCI	Farnesoate epoxidase	NA	Orchesella cincta	GO:0005737;GO:0043231;GO:0016020;GO:0020037;GO:0005506;GO:0016712;GO:0006082;GO:0006805	C:cytoplasm;C:intracellular membrane-bounded organelle;C:membrane;F:heme binding;F:iron ion binding;F:oxidoreductase activity, acting on paired donors, with incorporation or reduction of molecular oxygen, reduced flavin or flavoprotein as one donor, and incorporation of one atom of oxygen;P:organic acid metabolic process;P:xenobiotic metabolic process	IEA:TreeGrafter;IEA:TreeGrafter;IEA:UniProtKB-KW;IEA:InterPro;IEA:InterPro;IEA:TreeGrafter;IEA:TreeGrafter;IEA:TreeGrafter	Success
A0A1D2M4F2	A0A1D2M4F2	A0A1D2M4F2_ORCCI	Vitamin D 25-hydroxylase	NA	Orchesella cincta	GO:0005737;GO:0043231;GO:0020037;GO:0005506;GO:0016712;GO:0008395;GO:0006082;GO:0006805	C:cytoplasm;C:intracellular membrane-bounded organelle;F:heme binding;F:iron ion binding;F:oxidoreductase activity, acting on paired donors, with incorporation or reduction of molecular oxygen, reduced flavin or flavoprotein as one donor, and incorporation of one atom of oxygen;F:steroid hydroxylase activity;P:organic acid metabolic process;P:xenobiotic metabolic process	IEA:TreeGrafter;IEA:TreeGrafter;IEA:InterPro;IEA:InterPro;IEA:TreeGrafter;IEA:TreeGrafter;IEA:TreeGrafter;IEA:TreeGrafter	Success
A0A1D2MIA4	A0A1D2MIA4	A0A1D2MIA4_ORCCI	Farnesoate epoxidase	NA	Orchesella cincta	GO:0005737;GO:0043231;GO:0016020;GO:0020037;GO:0005506;GO:0016712;GO:0008395;GO:0006082;GO:0006805	C:cytoplasm;C:intracellular membrane-bounded organelle;C:membrane;F:heme binding;F:iron ion binding;F:oxidoreductase activity, acting on paired donors, with incorporation or reduction of molecular oxygen, reduced flavin or flavoprotein as one donor, and incorporation of one atom of oxygen;F:steroid hydroxylase activity;P:organic acid metabolic process;P:xenobiotic metabolic process	IEA:TreeGrafter;IEA:TreeGrafter;IEA:UniProtKB-KW;IEA:InterPro;IEA:InterPro;IEA:TreeGrafter;IEA:TreeGrafter;IEA:TreeGrafter;IEA:TreeGrafter	Success
A0A1D2M6X8	A0A1D2M6X8	A0A1D2M6X8_ORCCI	Methyl farnesoate epoxidase	NA	Orchesella cincta	GO:0005737;GO:0043231;GO:0016020;GO:0020037;GO:0005506;GO:0016712;GO:0008395;GO:0006082;GO:0006805	C:cytoplasm;C:intracellular membrane-bounded organelle;C:membrane;F:heme binding;F:iron ion binding;F:oxidoreductase activity, acting on paired donors, with incorporation or reduction of molecular oxygen, reduced flavin or flavoprotein as one donor, and incorporation of one atom of oxygen;F:steroid hydroxylase activity;P:organic acid metabolic process;P:xenobiotic metabolic process	IEA:TreeGrafter;IEA:TreeGrafter;IEA:UniProtKB-KW;IEA:InterPro;IEA:InterPro;IEA:TreeGrafter;IEA:TreeGrafter;IEA:TreeGrafter;IEA:TreeGrafter	Success
A0A1D2MXP6	A0A1D2MXP6	A0A1D2MXP6_ORCCI	Odorant receptor	NA	Orchesella cincta	GO:0016020	C:membrane	IEA:UniProtKB-KW	Success
A0A1D2MAJ4	A0A1D2MAJ4	A0A1D2MAJ4_ORCCI	Golgi-associated plant pathogenesis-related protein 1	NA	Orchesella cincta	GO:0016020	C:membrane	IEA:UniProtKB-KW	Success
A0A1D2MX46	A0A1D2MX46	A0A1D2MX46_ORCCI	Protein retinal degeneration B	NA	Orchesella cincta	GO:0005737;GO:0012505;GO:0046872;GO:0031210;GO:0008525;GO:0035091;GO:0008526	C:cytoplasm;C:endomembrane system;F:metal ion binding;F:phosphatidylcholine binding;F:phosphatidylcholine transporter activity;F:phosphatidylinositol binding;F:phosphatidylinositol transfer activity	IEA:TreeGrafter;IEA:UniProtKB-SubCell;IEA:InterPro;IEA:TreeGrafter;IEA:TreeGrafter;IEA:TreeGrafter;IEA:TreeGrafter	Success
A0A1D2MCA1	A0A1D2MCA1	A0A1D2MCA1_ORCCI	Zinc finger and BTB domain-containing protein 48	NA	Orchesella cincta	GO:0008270	F:zinc ion binding	IEA:UniProtKB-KW	Success
A0A1D2NMB8	A0A1D2NMB8	A0A1D2NMB8_ORCCI	Signal peptidase complex subunit 3	NA	Orchesella cincta	GO:0005787;GO:0045047;GO:0006465	C:signal peptidase complex;P:protein targeting to ER;P:signal peptide processing	IEA:InterPro;IEA:TreeGrafter;IEA:InterPro	Success
A0A1D2NMB8	A0A1D2NMB8	A0A1D2NMB8_ORCCI	Signal peptidase complex subunit 3	NA	Orchesella cincta	GO:0005787;GO:0045047;GO:0006465	C:signal peptidase complex;P:protein targeting to ER;P:signal peptide processing	IEA:InterPro;IEA:TreeGrafter;IEA:InterPro	Success
A0A1D2N8Y5	A0A1D2N8Y5	A0A1D2N8Y5_ORCCI	Glutamate-gated chloride channel	NA	Orchesella cincta	GO:0005886;GO:0005254;GO:0005230;GO:0099095;GO:0004888	C:plasma membrane;F:chloride channel activity;F:extracellular ligand-gated monoatomic ion channel activity;F:ligand-gated monoatomic anion channel activity;F:transmembrane signaling receptor activity	IEA:UniProtKB-SubCell;IEA:UniProtKB-ARBA;IEA:InterPro;IEA:UniProtKB-ARBA;IEA:InterPro	Success
A0A1D2MCX6	A0A1D2MCX6	A0A1D2MCX6_ORCCI	Uncharacterized protein	NA	Orchesella cincta	NA	NA	NA	Success
A0A1D2MCX6	A0A1D2MCX6	A0A1D2MCX6_ORCCI	Uncharacterized protein	NA	Orchesella cincta	NA	NA	NA	Success
A0A1D2MX06	A0A1D2MX06	A0A1D2MX06_ORCCI	Uncharacterized protein	NA	Orchesella cincta	NA	NA	NA	Success
A0A1D2MJA6	A0A1D2MJA6	A0A1D2MJA6_ORCCI	Gustatory receptor	NA	Orchesella cincta	GO:0016020;GO:0038023;GO:0051606;GO:0007606	C:membrane;F:signaling receptor activity;P:detection of stimulus;P:sensory perception of chemical stimulus	IEA:UniProtKB-SubCell;IEA:UniProtKB-ARBA;IEA:UniProtKB-ARBA;IEA:TreeGrafter	Success
