GO_ID	GO_Type	Study_Count	Study_Total	Population_Count	Population_Total	Fold_Enrichment	P_Value	Odds_Ratio	GO_Term	FDR_P_Value
GO:0005506	F	38	1080	151	8571	1.997167034584253	1.6545339782282332e-05	2.3810915020467784	iron ion binding	0.012521845335740871
GO:0004983	F	8	1080	12	8571	5.29074074074074	1.9205284257271276e-05	13.968283582089553	neuropeptide Y receptor activity	0.012521845335740871
GO:0020037	F	37	1080	150	8571	1.957574074074074	3.4209936078958925e-05	2.3162083506562925	heme binding	0.014869918882320813
GO:0099095	F	9	1080	17	8571	4.201470588235294	7.303914628385405e-05	7.860294117647059	ligand-gated monoatomic anion channel activity	0.023810761688536422
GO:0034587	P	11	1080	26	8571	3.35758547008547	0.00015346207552748866	5.128531337698784	piRNA processing	0.04002290929756904
GO:0008395	F	15	1080	44	8571	2.7054924242424243	0.0001900352338775599	3.6240893637688196	steroid hydroxylase activity	0.041300990829389685
GO:0005254	F	10	1080	27	8571	2.9393004115226335	0.0010759412215620053	4.108851017042331	chloride channel activity	0.1839191133550633
GO:0033314	P	4	1080	5	8571	6.348888888888888	0.0011283381187427196	27.843866171003718	mitotic DNA replication checkpoint signaling	0.1839191133550633
GO:0006082	P	14	1080	47	8571	2.363947990543735	0.0014224329880211052	2.9681050656660415	organic acid metabolic process	0.18548526163795212
GO:0006805	P	14	1080	47	8571	2.363947990543735	0.0014224329880211052	2.9681050656660415	xenobiotic metabolic process	0.18548526163795212
GO:0016712	F	14	1080	48	8571	2.314699074074074	0.0017796555018368624	2.8804215870213	oxidoreductase activity, acting on paired donors, with incorporation or reduction of molecular oxygen, reduced flavin or flavoprotein as one donor, and incorporation of one atom of oxygen	0.20183540328861113
GO:0004726	F	3	1080	3	8571	7.936111111111111	0.001995820601152241	inf	non-membrane spanning protein tyrosine phosphatase activity	0.20183540328861113
GO:0050661	F	7	1080	16	8571	3.472048611111111	0.0020121627628465833	5.423423423423423	NADP binding	0.20183540328861113
GO:0071880	P	5	1080	9	8571	4.40895061728395	0.002558113583269291	8.705813953488372	adenylate cyclase-activating adrenergic receptor signaling pathway	0.22238534083887704
GO:0008188	F	5	1080	9	8571	4.40895061728395	0.002558113583269291	8.705813953488372	neuropeptide receptor activity	0.22238534083887704
GO:0005230	F	10	1080	31	8571	2.5600358422939067	0.003529971546162777	3.3244325767690253	extracellular ligand-gated monoatomic ion channel activity	0.28769268101226636
GO:0043231	C	20	1080	85	8571	1.8673202614379085	0.0037713315300252326	2.155587808417997	intracellular membrane-bounded organelle	0.2892833126560531
GO:0005385	F	5	1080	10	8571	3.968055555555555	0.004588354830774167	6.963720930232558	zinc ion transmembrane transporter activity	0.3324008166294174
GO:0000290	P	3	1080	4	8571	5.952083333333333	0.007230656778754283	20.86350974930362	deadenylation-dependent decapping of nuclear-transcribed mRNA	0.38212143165297796
GO:0004500	F	8	1080	25	8571	2.5395555555555553	0.009297930613386513	3.2809482001755925	dopamine beta-monooxygenase activity	0.38212143165297796
GO:0004656	F	6	1080	16	8571	2.9760416666666667	0.010299072486500808	4.179329608938548	procollagen-proline 4-dioxygenase activity	0.38212143165297796
GO:0004499	F	4	1080	8	8571	3.9680555555555554	0.011533188738750885	6.95817843866171	N,N-dimethylaniline monooxygenase activity	0.38212143165297796
GO:0043410	P	5	1080	12	8571	3.306712962962963	0.011612887838071071	4.972757475083056	positive regulation of MAPK cascade	0.38212143165297796
GO:0031966	C	5	1080	12	8571	3.306712962962963	0.011612887838071071	4.972757475083056	mitochondrial membrane	0.38212143165297796
GO:0045211	C	8	1080	26	8571	2.4418803418803416	0.01198008029712017	3.0982587064676617	postsynaptic membrane	0.38212143165297796
GO:0030667	C	6	1080	17	8571	2.8009803921568626	0.0142517448190649	3.798882681564246	secretory granule membrane	0.38212143165297796
GO:0005789	C	37	1080	206	8571	1.4254180151024811	0.015547661069282428	1.5369524641594854	endoplasmic reticulum membrane	0.38212143165297796
GO:0008582	P	2	1080	2	8571	7.936111111111111	0.015864737227526488	inf	regulation of synaptic assembly at neuromuscular junction	0.38212143165297796
GO:0140673	P	2	1080	2	8571	7.936111111111111	0.015864737227526488	inf	transcription elongation-coupled chromatin remodeling	0.38212143165297796
GO:0045134	F	2	1080	2	8571	7.936111111111111	0.015864737227526488	inf	UDP phosphatase activity	0.38212143165297796
GO:0005068	F	2	1080	2	8571	7.936111111111111	0.015864737227526488	inf	transmembrane receptor protein tyrosine kinase adaptor activity	0.38212143165297796
GO:0042645	C	2	1080	2	8571	7.936111111111111	0.015864737227526488	inf	mitochondrial nucleoid	0.38212143165297796
GO:0140410	F	2	1080	2	8571	7.936111111111111	0.015864737227526488	inf	monoatomic cation:bicarbonate symporter activity	0.38212143165297796
GO:0045334	C	2	1080	2	8571	7.936111111111111	0.015864737227526488	inf	clathrin-coated endocytic vesicle	0.38212143165297796
GO:0071578	P	2	1080	2	8571	7.936111111111111	0.015864737227526488	inf	zinc ion import across plasma membrane	0.38212143165297796
GO:0004382	F	2	1080	2	8571	7.936111111111111	0.015864737227526488	inf	GDP phosphatase activity	0.38212143165297796
GO:0034063	P	2	1080	2	8571	7.936111111111111	0.015864737227526488	inf	stress granule assembly	0.38212143165297796
GO:0005795	C	2	1080	2	8571	7.936111111111111	0.015864737227526488	inf	Golgi stack	0.38212143165297796
GO:0007274	P	2	1080	2	8571	7.936111111111111	0.015864737227526488	inf	neuromuscular synaptic transmission	0.38212143165297796
GO:0001578	P	2	1080	2	8571	7.936111111111111	0.015864737227526488	inf	microtubule bundle formation	0.38212143165297796
GO:0033962	P	2	1080	2	8571	7.936111111111111	0.015864737227526488	inf	P-body assembly	0.38212143165297796
GO:0055129	P	2	1080	2	8571	7.936111111111111	0.015864737227526488	inf	L-proline biosynthetic process	0.38212143165297796
GO:0031047	P	3	1080	5	8571	4.761666666666666	0.01638413476877163	10.430362116991644	regulatory ncRNA-mediated gene silencing	0.38212143165297796
GO:0004890	F	3	1080	5	8571	4.761666666666666	0.01638413476877163	10.430362116991644	GABA-A receptor activity	0.38212143165297796
GO:0005759	C	6	1080	18	8571	2.64537037037037	0.019148302119829156	3.4818435754189943	mitochondrial matrix	0.38212143165297796
GO:0031418	F	6	1080	18	8571	2.64537037037037	0.019148302119829156	3.4818435754189943	L-ascorbic acid binding	0.38212143165297796
GO:0004930	F	21	1080	107	8571	1.5575545171339562	0.024665290256930532	1.707457671783385	G protein-coupled receptor activity	0.38212143165297796
GO:0006270	P	4	1080	10	8571	3.174444444444444	0.028129844884710823	4.637546468401487	DNA replication initiation	0.38212143165297796
GO:0007010	P	4	1080	10	8571	3.174444444444444	0.028129844884710823	4.637546468401487	cytoskeleton organization	0.38212143165297796
GO:0004035	F	3	1080	6	8571	3.9680555555555554	0.02972182576947984	6.952646239554317	alkaline phosphatase activity	0.38212143165297796
GO:0070679	F	3	1080	6	8571	3.9680555555555554	0.02972182576947984	6.952646239554317	inositol 1,4,5 trisphosphate binding	0.38212143165297796
GO:0019432	P	9	1080	36	8571	1.9840277777777777	0.03099753463413725	2.323062558356676	triglyceride biosynthetic process	0.38212143165297796
GO:0007229	P	6	1080	20	8571	2.380833333333333	0.03211219870348577	2.9836392657621706	integrin-mediated signaling pathway	0.38212143165297796
GO:0030154	P	11	1080	48	8571	1.8186921296296297	0.03335755815108125	2.0730159532778805	cell differentiation	0.38212143165297796
GO:0050660	F	14	1080	67	8571	1.6582918739635157	0.03727855376756934	1.8431094906014371	flavin adenine dinucleotide binding	0.38212143165297796
GO:0042393	F	7	1080	26	8571	2.136645299145299	0.03754226792894843	2.5655564820719086	histone binding	0.38212143165297796
GO:0106310	F	4	1080	11	8571	2.885858585858586	0.039891358262902014	3.9745087626128517	protein serine kinase activity	0.38212143165297796
GO:0006606	P	4	1080	11	8571	2.885858585858586	0.039891358262902014	3.9745087626128517	protein import into nucleus	0.38212143165297796
GO:0007283	P	4	1080	11	8571	2.885858585858586	0.039891358262902014	3.9745087626128517	spermatogenesis	0.38212143165297796
GO:0042420	P	5	1080	16	8571	2.4800347222222223	0.04175499044472014	3.1627906976744184	dopamine catabolic process	0.38212143165297796
GO:0042421	P	5	1080	16	8571	2.4800347222222223	0.04175499044472014	3.1627906976744184	norepinephrine biosynthetic process	0.38212143165297796
GO:0006589	P	5	1080	16	8571	2.4800347222222223	0.04175499044472014	3.1627906976744184	octopamine biosynthetic process	0.38212143165297796
GO:0016705	F	13	1080	62	8571	1.6640232974910394	0.042669531674462094	1.8504293938756384	oxidoreductase activity, acting on paired donors, with incorporation or reduction of molecular oxygen	0.38212143165297796
GO:0003682	F	9	1080	38	8571	1.8796052631578946	0.042731312476839145	2.162271805273834	chromatin binding	0.38212143165297796
GO:0030334	P	2	1080	3	8571	5.29074074074074	0.04360257048027498	13.896103896103897	regulation of cell migration	0.38212143165297796
GO:0071786	P	2	1080	3	8571	5.29074074074074	0.04360257048027498	13.896103896103897	endoplasmic reticulum tubular network organization	0.38212143165297796
GO:0099503	C	2	1080	3	8571	5.29074074074074	0.04360257048027498	13.896103896103897	secretory vesicle	0.38212143165297796
GO:0008277	P	2	1080	3	8571	5.29074074074074	0.04360257048027498	13.896103896103897	regulation of G protein-coupled receptor signaling pathway	0.38212143165297796
GO:1990837	F	2	1080	3	8571	5.29074074074074	0.04360257048027498	13.896103896103897	sequence-specific double-stranded DNA binding	0.38212143165297796
GO:0005978	P	2	1080	3	8571	5.29074074074074	0.04360257048027498	13.896103896103897	glycogen biosynthetic process	0.38212143165297796
GO:0030015	C	2	1080	3	8571	5.29074074074074	0.04360257048027498	13.896103896103897	CCR4-NOT core complex	0.38212143165297796
GO:0004993	F	2	1080	3	8571	5.29074074074074	0.04360257048027498	13.896103896103897	G protein-coupled serotonin receptor activity	0.38212143165297796
GO:0005049	F	2	1080	3	8571	5.29074074074074	0.04360257048027498	13.896103896103897	nuclear export signal receptor activity	0.38212143165297796
GO:0006207	P	2	1080	3	8571	5.29074074074074	0.04360257048027498	13.896103896103897	'de novo' pyrimidine nucleobase biosynthetic process	0.38212143165297796
GO:0071203	C	2	1080	3	8571	5.29074074074074	0.04360257048027498	13.896103896103897	WASH complex	0.38212143165297796
GO:0007417	P	2	1080	3	8571	5.29074074074074	0.04360257048027498	13.896103896103897	central nervous system development	0.38212143165297796
GO:2000036	P	2	1080	3	8571	5.29074074074074	0.04360257048027498	13.896103896103897	regulation of stem cell population maintenance	0.38212143165297796
GO:0030896	C	2	1080	3	8571	5.29074074074074	0.04360257048027498	13.896103896103897	checkpoint clamp complex	0.38212143165297796
GO:0006611	P	2	1080	3	8571	5.29074074074074	0.04360257048027498	13.896103896103897	protein export from nucleus	0.38212143165297796
GO:0006882	P	2	1080	3	8571	5.29074074074074	0.04360257048027498	13.896103896103897	intracellular zinc ion homeostasis	0.38212143165297796
GO:0034728	P	2	1080	3	8571	5.29074074074074	0.04360257048027498	13.896103896103897	nucleosome organization	0.38212143165297796
GO:0030130	C	2	1080	3	8571	5.29074074074074	0.04360257048027498	13.896103896103897	clathrin coat of trans-Golgi network vesicle	0.38212143165297796
GO:0017154	F	2	1080	3	8571	5.29074074074074	0.04360257048027498	13.896103896103897	semaphorin receptor activity	0.38212143165297796
GO:0002116	C	2	1080	3	8571	5.29074074074074	0.04360257048027498	13.896103896103897	semaphorin receptor complex	0.38212143165297796
GO:0007167	P	2	1080	3	8571	5.29074074074074	0.04360257048027498	13.896103896103897	enzyme-linked receptor protein signaling pathway	0.38212143165297796
GO:0045727	P	2	1080	3	8571	5.29074074074074	0.04360257048027498	13.896103896103897	positive regulation of translation	0.38212143165297796
GO:0016477	P	7	1080	27	8571	2.0575102880658434	0.045365583680236556	2.4369524697110903	cell migration	0.38212143165297796
GO:0048188	C	3	1080	7	8571	3.401190476190476	0.04721265417811435	5.213788300835654	Set1C/COMPASS complex	0.38212143165297796
GO:0004768	F	3	1080	7	8571	3.401190476190476	0.04721265417811435	5.213788300835654	stearoyl-CoA 9-desaturase activity	0.38212143165297796
GO:0045214	P	3	1080	7	8571	3.401190476190476	0.04721265417811435	5.213788300835654	sarcomere organization	0.38212143165297796
GO:0006730	P	3	1080	7	8571	3.401190476190476	0.04721265417811435	5.213788300835654	one-carbon metabolic process	0.38212143165297796
GO:0006636	P	3	1080	7	8571	3.401190476190476	0.04721265417811435	5.213788300835654	unsaturated fatty acid biosynthetic process	0.38212143165297796
GO:0036065	P	3	1080	7	8571	3.401190476190476	0.04721265417811435	5.213788300835654	fucosylation	0.38212143165297796
GO:0005319	F	6	1080	22	8571	2.1643939393939395	0.04972779630582322	2.609986033519553	lipid transporter activity	0.38212143165297796
GO:0005507	F	10	1080	45	8571	1.7635802469135804	0.04996637194476574	1.9909212283044058	copper ion binding	0.38212143165297796
GO:0060255	P	5	1080	17	8571	2.3341503267973858	0.053214676122076504	2.8988372093023256	regulation of macromolecule metabolic process	0.38212143165297796
GO:0004722	F	5	1080	17	8571	2.3341503267973858	0.053214676122076504	2.8988372093023256	protein serine/threonine phosphatase activity	0.38212143165297796
GO:0035861	C	4	1080	12	8571	2.64537037037037	0.054030593475317495	3.4772304832713754	site of double-strand break	0.38212143165297796
GO:0000139	C	16	1080	85	8571	1.493856209150327	0.0634276616398215	1.6175220660346519	Golgi membrane	0.38212143165297796
GO:0004888	F	8	1080	35	8571	1.8139682539682538	0.06534059793647307	2.0630182421227197	transmembrane signaling receptor activity	0.38212143165297796
GO:0008408	F	3	1080	8	8571	2.9760416666666667	0.06862033344173246	4.170473537604456	3'-5' exonuclease activity	0.38212143165297796
GO:0000932	C	4	1080	13	8571	2.4418803418803416	0.07051287677858581	3.090458488228005	P-body	0.38212143165297796
GO:0010960	P	2	1080	4	8571	3.9680555555555554	0.07997448418179567	6.947124304267161	magnesium ion homeostasis	0.38212143165297796
GO:0010506	P	2	1080	4	8571	3.9680555555555554	0.07997448418179567	6.947124304267161	regulation of autophagy	0.38212143165297796
GO:0050684	P	2	1080	4	8571	3.9680555555555554	0.07997448418179567	6.947124304267161	regulation of mRNA processing	0.38212143165297796
GO:0043186	C	2	1080	4	8571	3.9680555555555554	0.07997448418179567	6.947124304267161	P granule	0.38212143165297796
GO:0000077	P	2	1080	4	8571	3.9680555555555554	0.07997448418179567	6.947124304267161	DNA damage checkpoint signaling	0.38212143165297796
GO:0035023	P	2	1080	4	8571	3.9680555555555554	0.07997448418179567	6.947124304267161	regulation of Rho protein signal transduction	0.38212143165297796
GO:0010494	C	2	1080	4	8571	3.9680555555555554	0.07997448418179567	6.947124304267161	cytoplasmic stress granule	0.38212143165297796
GO:0006488	P	2	1080	4	8571	3.9680555555555554	0.07997448418179567	6.947124304267161	dolichol-linked oligosaccharide biosynthetic process	0.38212143165297796
GO:0030014	C	2	1080	4	8571	3.9680555555555554	0.07997448418179567	6.947124304267161	CCR4-NOT complex	0.38212143165297796
GO:0044666	C	2	1080	4	8571	3.9680555555555554	0.07997448418179567	6.947124304267161	MLL3/4 complex	0.38212143165297796
GO:0004366	F	2	1080	4	8571	3.9680555555555554	0.07997448418179567	6.947124304267161	glycerol-3-phosphate O-acyltransferase activity	0.38212143165297796
GO:0006189	P	2	1080	4	8571	3.9680555555555554	0.07997448418179567	6.947124304267161	'de novo' IMP biosynthetic process	0.38212143165297796
GO:0008417	F	2	1080	4	8571	3.9680555555555554	0.07997448418179567	6.947124304267161	fucosyltransferase activity	0.38212143165297796
GO:0048488	P	2	1080	4	8571	3.9680555555555554	0.07997448418179567	6.947124304267161	synaptic vesicle endocytosis	0.38212143165297796
GO:0001730	F	2	1080	4	8571	3.9680555555555554	0.07997448418179567	6.947124304267161	2'-5'-oligoadenylate synthetase activity	0.38212143165297796
GO:0007267	P	2	1080	4	8571	3.9680555555555554	0.07997448418179567	6.947124304267161	cell-cell signaling	0.38212143165297796
GO:0035371	C	2	1080	4	8571	3.9680555555555554	0.07997448418179567	6.947124304267161	microtubule plus-end	0.38212143165297796
GO:0006144	P	2	1080	4	8571	3.9680555555555554	0.07997448418179567	6.947124304267161	purine nucleobase metabolic process	0.38212143165297796
GO:0006913	P	2	1080	4	8571	3.9680555555555554	0.07997448418179567	6.947124304267161	nucleocytoplasmic transport	0.38212143165297796
GO:0008045	P	2	1080	4	8571	3.9680555555555554	0.07997448418179567	6.947124304267161	motor neuron axon guidance	0.38212143165297796
GO:0005861	C	2	1080	4	8571	3.9680555555555554	0.07997448418179567	6.947124304267161	troponin complex	0.38212143165297796
GO:0000811	C	2	1080	4	8571	3.9680555555555554	0.07997448418179567	6.947124304267161	GINS complex	0.38212143165297796
GO:0005523	F	2	1080	4	8571	3.9680555555555554	0.07997448418179567	6.947124304267161	tropomyosin binding	0.38212143165297796
GO:0046512	P	2	1080	4	8571	3.9680555555555554	0.07997448418179567	6.947124304267161	sphingosine biosynthetic process	0.38212143165297796
GO:0003697	F	5	1080	19	8571	2.0884502923976607	0.08104581422918504	2.4840531561461794	single-stranded DNA binding	0.38212143165297796
GO:0017171	F	6	1080	25	8571	1.9046666666666667	0.08542239476948503	2.197000882093502	serine hydrolase activity	0.38212143165297796
GO:0022857	F	13	1080	69	8571	1.4952093397745572	0.08771638569096718	1.6176027580666756	transmembrane transporter activity	0.38212143165297796
GO:0006487	P	4	1080	14	8571	2.2674603174603174	0.08924582568926226	2.7810408921933085	protein N-linked glycosylation	0.38212143165297796
GO:0019901	F	4	1080	14	8571	2.2674603174603174	0.08924582568926226	2.7810408921933085	protein kinase binding	0.38212143165297796
GO:0008380	P	4	1080	14	8571	2.2674603174603174	0.08924582568926226	2.7810408921933085	RNA splicing	0.38212143165297796
GO:0048666	P	4	1080	14	8571	2.2674603174603174	0.08924582568926226	2.7810408921933085	neuron development	0.38212143165297796
GO:0031491	F	3	1080	9	8571	2.64537037037037	0.09357387573103057	3.4749303621169916	nucleosome binding	0.38212143165297796
GO:0034707	C	3	1080	9	8571	2.64537037037037	0.09357387573103057	3.4749303621169916	chloride channel complex	0.38212143165297796
GO:0016266	P	3	1080	9	8571	2.64537037037037	0.09357387573103057	3.4749303621169916	O-glycan processing	0.38212143165297796
GO:0035591	F	3	1080	9	8571	2.64537037037037	0.09357387573103057	3.4749303621169916	signaling adaptor activity	0.38212143165297796
GO:0007266	P	3	1080	9	8571	2.64537037037037	0.09357387573103057	3.4749303621169916	Rho protein signal transduction	0.38212143165297796
GO:0032580	C	3	1080	9	8571	2.64537037037037	0.09357387573103057	3.4749303621169916	Golgi cisterna membrane	0.38212143165297796
GO:0046872	F	67	1080	459	8571	1.1584301621883322	0.10668389091883668	1.197778370973266	metal ion binding	0.38212143165297796
GO:0005525	F	23	1080	140	8571	1.3037896825396824	0.10860621504332447	1.3714188681076098	GTP binding	0.38212143165297796
GO:0004144	F	4	1080	15	8571	2.1162962962962966	0.11008975645525705	2.5278810408921935	diacylglycerol O-acyltransferase activity	0.38212143165297796
GO:0015179	F	4	1080	15	8571	2.1162962962962966	0.11008975645525705	2.5278810408921935	L-amino acid transmembrane transporter activity	0.38212143165297796
GO:0005788	C	4	1080	15	8571	2.1162962962962966	0.11008975645525705	2.5278810408921935	endoplasmic reticulum lumen	0.38212143165297796
GO:0034703	C	4	1080	15	8571	2.1162962962962966	0.11008975645525705	2.5278810408921935	cation channel complex	0.38212143165297796
GO:0015020	F	4	1080	15	8571	2.1162962962962966	0.11008975645525705	2.5278810408921935	glucuronosyltransferase activity	0.38212143165297796
GO:0005783	C	16	1080	92	8571	1.3801932367149758	0.11140497005399867	1.4671547289275821	endoplasmic reticulum	0.38212143165297796
GO:0004672	F	5	1080	21	8571	1.8895502645502646	0.11518279561334724	2.17296511627907	protein kinase activity	0.38212143165297796
GO:0007169	P	11	1080	59	8571	1.4796139359698681	0.11666770862604993	1.5955916744621141	cell surface receptor protein tyrosine kinase signaling pathway	0.38212143165297796
GO:0003777	F	3	1080	10	8571	2.380833333333333	0.12162131752231042	2.9781138081973735	microtubule motor activity	0.38212143165297796
GO:0016460	C	3	1080	10	8571	2.380833333333333	0.12162131752231042	2.9781138081973735	myosin II complex	0.38212143165297796
GO:0005635	C	3	1080	10	8571	2.380833333333333	0.12162131752231042	2.9781138081973735	nuclear envelope	0.38212143165297796
GO:0016616	F	3	1080	10	8571	2.380833333333333	0.12162131752231042	2.9781138081973735	oxidoreductase activity, acting on the CH-OH group of donors, NAD or NADP as acceptor	0.38212143165297796
GO:0005737	C	140	1080	1015	8571	1.0946360153256705	0.12186898704127398	1.126127659574468	cytoplasm	0.38212143165297796
GO:0008525	F	2	1080	5	8571	3.174444444444444	0.12236805045714504	4.630797773654916	phosphatidylcholine transporter activity	0.38212143165297796
GO:0035269	P	2	1080	5	8571	3.174444444444444	0.12236805045714504	4.630797773654916	protein O-linked mannosylation	0.38212143165297796
GO:0007095	P	2	1080	5	8571	3.174444444444444	0.12236805045714504	4.630797773654916	mitotic G2 DNA damage checkpoint signaling	0.38212143165297796
GO:0010629	P	2	1080	5	8571	3.174444444444444	0.12236805045714504	4.630797773654916	negative regulation of gene expression	0.38212143165297796
GO:0005604	C	2	1080	5	8571	3.174444444444444	0.12236805045714504	4.630797773654916	basement membrane	0.38212143165297796
GO:0016717	F	2	1080	5	8571	3.174444444444444	0.12236805045714504	4.630797773654916	oxidoreductase activity, acting on paired donors, with oxidation of a pair of donors resulting in the reduction of molecular oxygen to two molecules of water	0.38212143165297796
GO:0060090	F	2	1080	5	8571	3.174444444444444	0.12236805045714504	4.630797773654916	molecular adaptor activity	0.38212143165297796
GO:0001736	P	2	1080	5	8571	3.174444444444444	0.12236805045714504	4.630797773654916	establishment of planar polarity	0.38212143165297796
GO:0051649	P	2	1080	5	8571	3.174444444444444	0.12236805045714504	4.630797773654916	establishment of localization in cell	0.38212143165297796
GO:0098703	P	2	1080	5	8571	3.174444444444444	0.12236805045714504	4.630797773654916	calcium ion import across plasma membrane	0.38212143165297796
GO:0070828	P	2	1080	5	8571	3.174444444444444	0.12236805045714504	4.630797773654916	heterochromatin organization	0.38212143165297796
GO:0051028	P	2	1080	5	8571	3.174444444444444	0.12236805045714504	4.630797773654916	mRNA transport	0.38212143165297796
GO:0004989	F	2	1080	5	8571	3.174444444444444	0.12236805045714504	4.630797773654916	octopamine receptor activity	0.38212143165297796
GO:0019706	F	2	1080	5	8571	3.174444444444444	0.12236805045714504	4.630797773654916	protein-cysteine S-palmitoyltransferase activity	0.38212143165297796
GO:0006936	P	2	1080	5	8571	3.174444444444444	0.12236805045714504	4.630797773654916	muscle contraction	0.38212143165297796
GO:0030971	F	2	1080	5	8571	3.174444444444444	0.12236805045714504	4.630797773654916	receptor tyrosine kinase binding	0.38212143165297796
GO:0008081	F	2	1080	5	8571	3.174444444444444	0.12236805045714504	4.630797773654916	phosphoric diester hydrolase activity	0.38212143165297796
GO:0030003	P	2	1080	5	8571	3.174444444444444	0.12236805045714504	4.630797773654916	intracellular monoatomic cation homeostasis	0.38212143165297796
GO:0141101	F	1	1080	1	8571	7.936111111111111	0.12600630031501575	inf	tRNA(Ser) (uridine(44)-2'-O-)-methyltransferase activity	0.38212143165297796
GO:0030177	P	1	1080	1	8571	7.936111111111111	0.12600630031501575	inf	positive regulation of Wnt signaling pathway	0.38212143165297796
GO:0098982	C	1	1080	1	8571	7.936111111111111	0.12600630031501575	inf	GABA-ergic synapse	0.38212143165297796
GO:0071782	C	1	1080	1	8571	7.936111111111111	0.12600630031501575	inf	endoplasmic reticulum tubular network	0.38212143165297796
GO:0032541	C	1	1080	1	8571	7.936111111111111	0.12600630031501575	inf	cortical endoplasmic reticulum	0.38212143165297796
GO:0090694	C	1	1080	1	8571	7.936111111111111	0.12600630031501575	inf	Scc2-Scc4 cohesin loading complex	0.38212143165297796
GO:0008074	C	1	1080	1	8571	7.936111111111111	0.12600630031501575	inf	guanylate cyclase complex, soluble	0.38212143165297796
GO:0004587	F	1	1080	1	8571	7.936111111111111	0.12600630031501575	inf	ornithine aminotransferase activity	0.38212143165297796
GO:0004641	F	1	1080	1	8571	7.936111111111111	0.12600630031501575	inf	phosphoribosylformylglycinamidine cyclo-ligase activity	0.38212143165297796
GO:0007162	P	1	1080	1	8571	7.936111111111111	0.12600630031501575	inf	negative regulation of cell adhesion	0.38212143165297796
GO:0071797	C	1	1080	1	8571	7.936111111111111	0.12600630031501575	inf	LUBAC complex	0.38212143165297796
GO:0005587	C	1	1080	1	8571	7.936111111111111	0.12600630031501575	inf	collagen type IV trimer	0.38212143165297796
GO:1990811	C	1	1080	1	8571	7.936111111111111	0.12600630031501575	inf	MWP complex	0.38212143165297796
GO:0030513	P	1	1080	1	8571	7.936111111111111	0.12600630031501575	inf	positive regulation of BMP signaling pathway	0.38212143165297796
GO:0035694	P	1	1080	1	8571	7.936111111111111	0.12600630031501575	inf	mitochondrial protein catabolic process	0.38212143165297796
GO:0061762	P	1	1080	1	8571	7.936111111111111	0.12600630031501575	inf	CAMKK-AMPK signaling cascade	0.38212143165297796
GO:0070492	F	1	1080	1	8571	7.936111111111111	0.12600630031501575	inf	oligosaccharide binding	0.38212143165297796
GO:0042446	P	1	1080	1	8571	7.936111111111111	0.12600630031501575	inf	hormone biosynthetic process	0.38212143165297796
GO:0004644	F	1	1080	1	8571	7.936111111111111	0.12600630031501575	inf	phosphoribosylglycinamide formyltransferase activity	0.38212143165297796
GO:0006843	P	1	1080	1	8571	7.936111111111111	0.12600630031501575	inf	mitochondrial citrate transmembrane transport	0.38212143165297796
GO:0022607	P	1	1080	1	8571	7.936111111111111	0.12600630031501575	inf	cellular component assembly	0.38212143165297796
GO:0046084	P	1	1080	1	8571	7.936111111111111	0.12600630031501575	inf	adenine biosynthetic process	0.38212143165297796
GO:0051177	P	1	1080	1	8571	7.936111111111111	0.12600630031501575	inf	meiotic sister chromatid cohesion	0.38212143165297796
GO:0035255	F	1	1080	1	8571	7.936111111111111	0.12600630031501575	inf	ionotropic glutamate receptor binding	0.38212143165297796
GO:0006212	P	1	1080	1	8571	7.936111111111111	0.12600630031501575	inf	uracil catabolic process	0.38212143165297796
GO:0071947	P	1	1080	1	8571	7.936111111111111	0.12600630031501575	inf	protein deubiquitination involved in ubiquitin-dependent protein catabolic process	0.38212143165297796
GO:0043812	F	1	1080	1	8571	7.936111111111111	0.12600630031501575	inf	phosphatidylinositol-4-phosphate phosphatase activity	0.38212143165297796
GO:2001135	P	1	1080	1	8571	7.936111111111111	0.12600630031501575	inf	regulation of endocytic recycling	0.38212143165297796
GO:1904071	P	1	1080	1	8571	7.936111111111111	0.12600630031501575	inf	presynaptic active zone assembly	0.38212143165297796
GO:0048205	P	1	1080	1	8571	7.936111111111111	0.12600630031501575	inf	COPI coating of Golgi vesicle	0.38212143165297796
GO:0044389	F	1	1080	1	8571	7.936111111111111	0.12600630031501575	inf	ubiquitin-like protein ligase binding	0.38212143165297796
GO:0071858	F	1	1080	1	8571	7.936111111111111	0.12600630031501575	inf	corazonin receptor binding	0.38212143165297796
GO:0033862	F	1	1080	1	8571	7.936111111111111	0.12600630031501575	inf	UMP kinase activity	0.38212143165297796
GO:0045017	P	1	1080	1	8571	7.936111111111111	0.12600630031501575	inf	glycerolipid biosynthetic process	0.38212143165297796
GO:0046847	P	1	1080	1	8571	7.936111111111111	0.12600630031501575	inf	filopodium assembly	0.38212143165297796
GO:0046600	P	1	1080	1	8571	7.936111111111111	0.12600630031501575	inf	negative regulation of centriole replication	0.38212143165297796
GO:0072544	F	1	1080	1	8571	7.936111111111111	0.12600630031501575	inf	L-DOPA binding	0.38212143165297796
GO:0036430	F	1	1080	1	8571	7.936111111111111	0.12600630031501575	inf	CMP kinase activity	0.38212143165297796
GO:0004560	F	1	1080	1	8571	7.936111111111111	0.12600630031501575	inf	alpha-L-fucosidase activity	0.38212143165297796
GO:0004830	F	1	1080	1	8571	7.936111111111111	0.12600630031501575	inf	tryptophan-tRNA ligase activity	0.38212143165297796
GO:0042448	P	1	1080	1	8571	7.936111111111111	0.12600630031501575	inf	progesterone metabolic process	0.38212143165297796
GO:0035695	P	1	1080	1	8571	7.936111111111111	0.12600630031501575	inf	mitophagy by internal vacuole formation	0.38212143165297796
GO:0097374	P	1	1080	1	8571	7.936111111111111	0.12600630031501575	inf	sensory neuron axon guidance	0.38212143165297796
GO:0009948	P	1	1080	1	8571	7.936111111111111	0.12600630031501575	inf	anterior/posterior axis specification	0.38212143165297796
GO:0090314	P	1	1080	1	8571	7.936111111111111	0.12600630031501575	inf	positive regulation of protein targeting to membrane	0.38212143165297796
GO:0019483	P	1	1080	1	8571	7.936111111111111	0.12600630031501575	inf	beta-alanine biosynthetic process	0.38212143165297796
GO:0007004	P	1	1080	1	8571	7.936111111111111	0.12600630031501575	inf	telomere maintenance via telomerase	0.38212143165297796
GO:0008446	F	1	1080	1	8571	7.936111111111111	0.12600630031501575	inf	GDP-mannose 4,6-dehydratase activity	0.38212143165297796
GO:0035240	F	1	1080	1	8571	7.936111111111111	0.12600630031501575	inf	dopamine binding	0.38212143165297796
GO:0016597	F	1	1080	1	8571	7.936111111111111	0.12600630031501575	inf	amino acid binding	0.38212143165297796
GO:0004505	F	1	1080	1	8571	7.936111111111111	0.12600630031501575	inf	phenylalanine 4-monooxygenase activity	0.38212143165297796
GO:0005326	F	1	1080	1	8571	7.936111111111111	0.12600630031501575	inf	neurotransmitter transmembrane transporter activity	0.38212143165297796
GO:0070482	P	1	1080	1	8571	7.936111111111111	0.12600630031501575	inf	response to oxygen levels	0.38212143165297796
GO:0050848	P	1	1080	1	8571	7.936111111111111	0.12600630031501575	inf	regulation of calcium-mediated signaling	0.38212143165297796
GO:0050832	P	1	1080	1	8571	7.936111111111111	0.12600630031501575	inf	defense response to fungus	0.38212143165297796
GO:0043103	P	1	1080	1	8571	7.936111111111111	0.12600630031501575	inf	hypoxanthine salvage	0.38212143165297796
GO:0046426	P	1	1080	1	8571	7.936111111111111	0.12600630031501575	inf	negative regulation of receptor signaling pathway via JAK-STAT	0.38212143165297796
GO:0010312	P	1	1080	1	8571	7.936111111111111	0.12600630031501575	inf	detoxification of zinc ion	0.38212143165297796
GO:0005220	F	1	1080	1	8571	7.936111111111111	0.12600630031501575	inf	inositol 1,4,5-trisphosphate-gated calcium channel activity	0.38212143165297796
GO:0070260	F	1	1080	1	8571	7.936111111111111	0.12600630031501575	inf	5'-tyrosyl-DNA phosphodiesterase activity	0.38212143165297796
GO:0140949	F	1	1080	1	8571	7.936111111111111	0.12600630031501575	inf	histone H3K9 trimethyltransferase activity	0.38212143165297796
GO:0004502	F	1	1080	1	8571	7.936111111111111	0.12600630031501575	inf	kynurenine 3-monooxygenase activity	0.38212143165297796
GO:0016303	F	1	1080	1	8571	7.936111111111111	0.12600630031501575	inf	1-phosphatidylinositol-3-kinase activity	0.38212143165297796
GO:0002058	F	1	1080	1	8571	7.936111111111111	0.12600630031501575	inf	uracil binding	0.38212143165297796
GO:0004350	F	1	1080	1	8571	7.936111111111111	0.12600630031501575	inf	glutamate-5-semialdehyde dehydrogenase activity	0.38212143165297796
GO:0051898	P	1	1080	1	8571	7.936111111111111	0.12600630031501575	inf	negative regulation of phosphatidylinositol 3-kinase/protein kinase B signal transduction	0.38212143165297796
GO:0098882	F	1	1080	1	8571	7.936111111111111	0.12600630031501575	inf	structural constituent of presynaptic active zone	0.38212143165297796
GO:0060169	P	1	1080	1	8571	7.936111111111111	0.12600630031501575	inf	negative regulation of adenosine receptor signaling pathway	0.38212143165297796
GO:0000111	C	1	1080	1	8571	7.936111111111111	0.12600630031501575	inf	nucleotide-excision repair factor 2 complex	0.38212143165297796
GO:0140672	C	1	1080	1	8571	7.936111111111111	0.12600630031501575	inf	ATAC complex	0.38212143165297796
GO:0043420	P	1	1080	1	8571	7.936111111111111	0.12600630031501575	inf	anthranilate metabolic process	0.38212143165297796
GO:0019441	P	1	1080	1	8571	7.936111111111111	0.12600630031501575	inf	L-tryptophan catabolic process to kynurenine	0.38212143165297796
GO:0071932	P	1	1080	1	8571	7.936111111111111	0.12600630031501575	inf	replication fork reversal	0.38212143165297796
GO:0003844	F	1	1080	1	8571	7.936111111111111	0.12600630031501575	inf	1,4-alpha-glucan branching enzyme activity	0.38212143165297796
GO:0010828	P	1	1080	1	8571	7.936111111111111	0.12600630031501575	inf	positive regulation of D-glucose transmembrane transport	0.38212143165297796
GO:0045184	P	1	1080	1	8571	7.936111111111111	0.12600630031501575	inf	establishment of protein localization	0.38212143165297796
GO:0046785	P	1	1080	1	8571	7.936111111111111	0.12600630031501575	inf	microtubule polymerization	0.38212143165297796
GO:0017050	F	1	1080	1	8571	7.936111111111111	0.12600630031501575	inf	D-erythro-sphingosine kinase activity	0.38212143165297796
GO:0003972	F	1	1080	1	8571	7.936111111111111	0.12600630031501575	inf	RNA ligase (ATP) activity	0.38212143165297796
GO:0006809	P	1	1080	1	8571	7.936111111111111	0.12600630031501575	inf	nitric oxide biosynthetic process	0.38212143165297796
GO:0007517	P	1	1080	1	8571	7.936111111111111	0.12600630031501575	inf	muscle organ development	0.38212143165297796
GO:0051731	F	1	1080	1	8571	7.936111111111111	0.12600630031501575	inf	polynucleotide 5'-hydroxyl-kinase activity	0.38212143165297796
GO:0010314	F	1	1080	1	8571	7.936111111111111	0.12600630031501575	inf	phosphatidylinositol-5-phosphate binding	0.38212143165297796
GO:0043541	C	1	1080	1	8571	7.936111111111111	0.12600630031501575	inf	UDP-N-acetylglucosamine transferase complex	0.38212143165297796
GO:0009134	P	1	1080	1	8571	7.936111111111111	0.12600630031501575	inf	nucleoside diphosphate catabolic process	0.38212143165297796
GO:0032486	P	1	1080	1	8571	7.936111111111111	0.12600630031501575	inf	Rap protein signal transduction	0.38212143165297796
GO:0004801	F	1	1080	1	8571	7.936111111111111	0.12600630031501575	inf	transaldolase activity	0.38212143165297796
GO:0032273	P	1	1080	1	8571	7.936111111111111	0.12600630031501575	inf	positive regulation of protein polymerization	0.38212143165297796
GO:0050772	P	1	1080	1	8571	7.936111111111111	0.12600630031501575	inf	positive regulation of axonogenesis	0.38212143165297796
GO:0070189	P	1	1080	1	8571	7.936111111111111	0.12600630031501575	inf	kynurenine metabolic process	0.38212143165297796
GO:0008311	F	1	1080	1	8571	7.936111111111111	0.12600630031501575	inf	double-stranded DNA 3'-5' DNA exonuclease activity	0.38212143165297796
GO:0004152	F	1	1080	1	8571	7.936111111111111	0.12600630031501575	inf	dihydroorotate dehydrogenase activity	0.38212143165297796
GO:0072380	C	1	1080	1	8571	7.936111111111111	0.12600630031501575	inf	TRC complex	0.38212143165297796
GO:0022904	P	1	1080	1	8571	7.936111111111111	0.12600630031501575	inf	respiratory electron transport chain	0.38212143165297796
GO:0017113	F	1	1080	1	8571	7.936111111111111	0.12600630031501575	inf	dihydropyrimidine dehydrogenase (NADP+) activity	0.38212143165297796
GO:0004642	F	1	1080	1	8571	7.936111111111111	0.12600630031501575	inf	phosphoribosylformylglycinamidine synthase activity	0.38212143165297796
GO:0004679	F	1	1080	1	8571	7.936111111111111	0.12600630031501575	inf	AMP-activated protein kinase activity	0.38212143165297796
GO:0016743	F	1	1080	1	8571	7.936111111111111	0.12600630031501575	inf	carboxyl- or carbamoyltransferase activity	0.38212143165297796
GO:0043992	F	1	1080	1	8571	7.936111111111111	0.12600630031501575	inf	histone H3K9 acetyltransferase activity	0.38212143165297796
GO:0008609	F	1	1080	1	8571	7.936111111111111	0.12600630031501575	inf	alkylglycerone-phosphate synthase activity	0.38212143165297796
GO:0004326	F	1	1080	1	8571	7.936111111111111	0.12600630031501575	inf	tetrahydrofolylpolyglutamate synthase activity	0.38212143165297796
GO:0071439	C	1	1080	1	8571	7.936111111111111	0.12600630031501575	inf	clathrin complex	0.38212143165297796
GO:0019900	F	1	1080	1	8571	7.936111111111111	0.12600630031501575	inf	kinase binding	0.38212143165297796
GO:0170057	F	1	1080	1	8571	7.936111111111111	0.12600630031501575	inf	RNA ligase (GTP) activity	0.38212143165297796
GO:0004482	F	1	1080	1	8571	7.936111111111111	0.12600630031501575	inf	mRNA 5'-cap (guanine-N7-)-methyltransferase activity	0.38212143165297796
GO:0008331	F	1	1080	1	8571	7.936111111111111	0.12600630031501575	inf	high voltage-gated calcium channel activity	0.38212143165297796
GO:0001558	P	1	1080	1	8571	7.936111111111111	0.12600630031501575	inf	regulation of cell growth	0.38212143165297796
GO:0006084	P	1	1080	1	8571	7.936111111111111	0.12600630031501575	inf	acetyl-CoA metabolic process	0.38212143165297796
GO:0090266	P	1	1080	1	8571	7.936111111111111	0.12600630031501575	inf	regulation of mitotic cell cycle spindle assembly checkpoint	0.38212143165297796
GO:0008024	C	1	1080	1	8571	7.936111111111111	0.12600630031501575	inf	cyclin/CDK positive transcription elongation factor complex	0.38212143165297796
GO:0005223	F	1	1080	1	8571	7.936111111111111	0.12600630031501575	inf	intracellularly cGMP-activated cation channel activity	0.38212143165297796
GO:0042953	P	1	1080	1	8571	7.936111111111111	0.12600630031501575	inf	lipoprotein transport	0.38212143165297796
GO:0009312	P	1	1080	1	8571	7.936111111111111	0.12600630031501575	inf	oligosaccharide biosynthetic process	0.38212143165297796
GO:0008047	F	1	1080	1	8571	7.936111111111111	0.12600630031501575	inf	enzyme activator activity	0.38212143165297796
GO:0004637	F	1	1080	1	8571	7.936111111111111	0.12600630031501575	inf	phosphoribosylamine-glycine ligase activity	0.38212143165297796
GO:0019544	P	1	1080	1	8571	7.936111111111111	0.12600630031501575	inf	arginine catabolic process to glutamate	0.38212143165297796
GO:0030641	P	1	1080	1	8571	7.936111111111111	0.12600630031501575	inf	regulation of cellular pH	0.38212143165297796
GO:0033567	P	1	1080	1	8571	7.936111111111111	0.12600630031501575	inf	DNA replication, Okazaki fragment processing	0.38212143165297796
GO:0070651	P	1	1080	1	8571	7.936111111111111	0.12600630031501575	inf	nonfunctional rRNA decay	0.38212143165297796
GO:0008156	P	1	1080	1	8571	7.936111111111111	0.12600630031501575	inf	negative regulation of DNA replication	0.38212143165297796
GO:0043291	C	1	1080	1	8571	7.936111111111111	0.12600630031501575	inf	RAVE complex	0.38212143165297796
GO:0016605	C	1	1080	1	8571	7.936111111111111	0.12600630031501575	inf	PML body	0.38212143165297796
GO:0004140	F	1	1080	1	8571	7.936111111111111	0.12600630031501575	inf	dephospho-CoA kinase activity	0.38212143165297796
GO:0005520	F	1	1080	1	8571	7.936111111111111	0.12600630031501575	inf	insulin-like growth factor binding	0.38212143165297796
GO:0030553	F	1	1080	1	8571	7.936111111111111	0.12600630031501575	inf	cGMP binding	0.38212143165297796
GO:0061775	F	1	1080	1	8571	7.936111111111111	0.12600630031501575	inf	cohesin loader activity	0.38212143165297796
GO:0003906	F	1	1080	1	8571	7.936111111111111	0.12600630031501575	inf	DNA-(apurinic or apyrimidinic site) endonuclease activity	0.38212143165297796
GO:0008455	F	1	1080	1	8571	7.936111111111111	0.12600630031501575	inf	alpha-1,6-mannosylglycoprotein 2-beta-N-acetylglucosaminyltransferase activity	0.38212143165297796
GO:0006221	P	1	1080	1	8571	7.936111111111111	0.12600630031501575	inf	pyrimidine nucleotide biosynthetic process	0.38212143165297796
GO:0006665	P	1	1080	1	8571	7.936111111111111	0.12600630031501575	inf	sphingolipid metabolic process	0.38212143165297796
GO:0035330	P	1	1080	1	8571	7.936111111111111	0.12600630031501575	inf	regulation of hippo signaling	0.38212143165297796
GO:0070373	P	1	1080	1	8571	7.936111111111111	0.12600630031501575	inf	negative regulation of ERK1 and ERK2 cascade	0.38212143165297796
GO:0031087	P	1	1080	1	8571	7.936111111111111	0.12600630031501575	inf	deadenylation-independent decapping of nuclear-transcribed mRNA	0.38212143165297796
GO:0098700	P	1	1080	1	8571	7.936111111111111	0.12600630031501575	inf	neurotransmitter loading into synaptic vesicle	0.38212143165297796
GO:0017071	C	1	1080	1	8571	7.936111111111111	0.12600630031501575	inf	intracellular cyclic nucleotide activated cation channel complex	0.38212143165297796
GO:0016589	C	1	1080	1	8571	7.936111111111111	0.12600630031501575	inf	NURF complex	0.38212143165297796
GO:0008353	F	1	1080	1	8571	7.936111111111111	0.12600630031501575	inf	RNA polymerase II CTD heptapeptide repeat kinase activity	0.38212143165297796
GO:0047223	F	1	1080	1	8571	7.936111111111111	0.12600630031501575	inf	beta-1,3-galactosyl-O-glycosyl-glycoprotein beta-1,3-N-acetylglucosaminyltransferase activity	0.38212143165297796
GO:0009168	P	1	1080	1	8571	7.936111111111111	0.12600630031501575	inf	purine ribonucleoside monophosphate biosynthetic process	0.38212143165297796
GO:0019628	P	1	1080	1	8571	7.936111111111111	0.12600630031501575	inf	urate catabolic process	0.38212143165297796
GO:1901605	P	1	1080	1	8571	7.936111111111111	0.12600630031501575	inf	alpha-amino acid metabolic process	0.38212143165297796
GO:0097320	P	1	1080	1	8571	7.936111111111111	0.12600630031501575	inf	plasma membrane tubulation	0.38212143165297796
GO:0060076	C	1	1080	1	8571	7.936111111111111	0.12600630031501575	inf	excitatory synapse	0.38212143165297796
GO:0070481	P	1	1080	1	8571	7.936111111111111	0.12600630031501575	inf	nuclear-transcribed mRNA catabolic process, non-stop decay	0.38212143165297796
GO:0000417	C	1	1080	1	8571	7.936111111111111	0.12600630031501575	inf	HIR complex	0.38212143165297796
GO:1990168	P	1	1080	1	8571	7.936111111111111	0.12600630031501575	inf	protein K33-linked deubiquitination	0.38212143165297796
GO:0015054	F	1	1080	1	8571	7.936111111111111	0.12600630031501575	inf	gastrin receptor activity	0.38212143165297796
GO:0010121	P	1	1080	1	8571	7.936111111111111	0.12600630031501575	inf	arginine catabolic process to proline via ornithine	0.38212143165297796
GO:0070966	P	1	1080	1	8571	7.936111111111111	0.12600630031501575	inf	nuclear-transcribed mRNA catabolic process, no-go decay	0.38212143165297796
GO:1990414	P	1	1080	1	8571	7.936111111111111	0.12600630031501575	inf	replication-born double-strand break repair via sister chromatid exchange	0.38212143165297796
GO:0019934	P	1	1080	1	8571	7.936111111111111	0.12600630031501575	inf	cGMP-mediated signaling	0.38212143165297796
GO:1902531	P	1	1080	1	8571	7.936111111111111	0.12600630031501575	inf	regulation of intracellular signal transduction	0.38212143165297796
GO:0045663	P	1	1080	1	8571	7.936111111111111	0.12600630031501575	inf	positive regulation of myoblast differentiation	0.38212143165297796
GO:0071025	P	1	1080	1	8571	7.936111111111111	0.12600630031501575	inf	RNA surveillance	0.38212143165297796
GO:0042285	F	1	1080	1	8571	7.936111111111111	0.12600630031501575	inf	xylosyltransferase activity	0.38212143165297796
GO:0050104	F	1	1080	1	8571	7.936111111111111	0.12600630031501575	inf	L-gulonate 3-dehydrogenase activity	0.38212143165297796
GO:0036431	F	1	1080	1	8571	7.936111111111111	0.12600630031501575	inf	dCMP kinase activity	0.38212143165297796
GO:0097020	F	1	1080	1	8571	7.936111111111111	0.12600630031501575	inf	COPII receptor activity	0.38212143165297796
GO:0050633	F	1	1080	1	8571	7.936111111111111	0.12600630031501575	inf	acetyl-CoA C-myristoyltransferase activity	0.38212143165297796
GO:0120501	F	1	1080	1	8571	7.936111111111111	0.12600630031501575	inf	F-actin monooxygenase activity	0.38212143165297796
GO:0000470	P	1	1080	1	8571	7.936111111111111	0.12600630031501575	inf	maturation of LSU-rRNA	0.38212143165297796
GO:0030160	F	1	1080	1	8571	7.936111111111111	0.12600630031501575	inf	synaptic receptor adaptor activity	0.38212143165297796
GO:0017111	F	1	1080	1	8571	7.936111111111111	0.12600630031501575	inf	ribonucleoside triphosphate phosphatase activity	0.38212143165297796
GO:0004573	F	1	1080	1	8571	7.936111111111111	0.12600630031501575	inf	Glc3Man9GlcNAc2 oligosaccharide glucosidase activity	0.38212143165297796
GO:0004577	F	1	1080	1	8571	7.936111111111111	0.12600630031501575	inf	N-acetylglucosaminyldiphosphodolichol N-acetylglucosaminyltransferase activity	0.38212143165297796
GO:0106073	F	1	1080	1	8571	7.936111111111111	0.12600630031501575	inf	dolichyl pyrophosphate Glc2Man9GlcNAc2 alpha-1,2-glucosyltransferase activity	0.38212143165297796
GO:0003988	F	1	1080	1	8571	7.936111111111111	0.12600630031501575	inf	acetyl-CoA C-acyltransferase activity	0.38212143165297796
GO:0006436	P	1	1080	1	8571	7.936111111111111	0.12600630031501575	inf	tryptophanyl-tRNA aminoacylation	0.38212143165297796
GO:0016212	F	1	1080	1	8571	7.936111111111111	0.12600630031501575	inf	kynurenine-oxoglutarate transaminase activity	0.38212143165297796
GO:0071942	C	1	1080	1	8571	7.936111111111111	0.12600630031501575	inf	XPC complex	0.38212143165297796
GO:0070063	F	1	1080	1	8571	7.936111111111111	0.12600630031501575	inf	RNA polymerase binding	0.38212143165297796
GO:0019805	P	1	1080	1	8571	7.936111111111111	0.12600630031501575	inf	quinolinate biosynthetic process	0.38212143165297796
GO:2001256	P	1	1080	1	8571	7.936111111111111	0.12600630031501575	inf	regulation of store-operated calcium entry	0.38212143165297796
GO:0090324	P	1	1080	1	8571	7.936111111111111	0.12600630031501575	inf	negative regulation of oxidative phosphorylation	0.38212143165297796
GO:0030020	F	1	1080	1	8571	7.936111111111111	0.12600630031501575	inf	extracellular matrix structural constituent conferring tensile strength	0.38212143165297796
GO:0008349	F	1	1080	1	8571	7.936111111111111	0.12600630031501575	inf	MAP kinase kinase kinase kinase activity	0.38212143165297796
GO:0070530	F	1	1080	1	8571	7.936111111111111	0.12600630031501575	inf	K63-linked polyubiquitin modification-dependent protein binding	0.38212143165297796
GO:0004239	F	1	1080	1	8571	7.936111111111111	0.12600630031501575	inf	initiator methionyl aminopeptidase activity	0.38212143165297796
GO:0004373	F	1	1080	1	8571	7.936111111111111	0.12600630031501575	inf	alpha-1,4-glucan glucosyltransferase (UDP-glucose donor) activity	0.38212143165297796
GO:0006210	P	1	1080	1	8571	7.936111111111111	0.12600630031501575	inf	thymine catabolic process	0.38212143165297796
GO:0004508	F	1	1080	1	8571	7.936111111111111	0.12600630031501575	inf	steroid 17-alpha-monooxygenase activity	0.38212143165297796
GO:0005104	F	1	1080	1	8571	7.936111111111111	0.12600630031501575	inf	fibroblast growth factor receptor binding	0.38212143165297796
GO:0140581	F	1	1080	1	8571	7.936111111111111	0.12600630031501575	inf	P-type monovalent copper transporter activity	0.38212143165297796
GO:0034354	P	1	1080	1	8571	7.936111111111111	0.12600630031501575	inf	'de novo' NAD biosynthetic process from L-tryptophan	0.38212143165297796
GO:1990923	C	1	1080	1	8571	7.936111111111111	0.12600630031501575	inf	PET complex	0.38212143165297796
GO:0009235	P	1	1080	1	8571	7.936111111111111	0.12600630031501575	inf	cobalamin metabolic process	0.38212143165297796
GO:0033176	C	1	1080	1	8571	7.936111111111111	0.12600630031501575	inf	proton-transporting V-type ATPase complex	0.38212143165297796
GO:0030127	C	1	1080	1	8571	7.936111111111111	0.12600630031501575	inf	COPII vesicle coat	0.38212143165297796
GO:0005891	C	1	1080	1	8571	7.936111111111111	0.12600630031501575	inf	voltage-gated calcium channel complex	0.38212143165297796
GO:0030893	C	1	1080	1	8571	7.936111111111111	0.12600630031501575	inf	meiotic cohesin complex	0.38212143165297796
GO:0070192	P	1	1080	1	8571	7.936111111111111	0.12600630031501575	inf	chromosome organization involved in meiotic cell cycle	0.38212143165297796
GO:0042721	C	1	1080	1	8571	7.936111111111111	0.12600630031501575	inf	TIM22 mitochondrial import inner membrane insertion complex	0.38212143165297796
GO:0005222	F	1	1080	1	8571	7.936111111111111	0.12600630031501575	inf	intracellularly cAMP-activated cation channel activity	0.38212143165297796
GO:0097541	C	1	1080	1	8571	7.936111111111111	0.12600630031501575	inf	axonemal basal plate	0.38212143165297796
GO:0044778	P	1	1080	1	8571	7.936111111111111	0.12600630031501575	inf	meiotic DNA integrity checkpoint signaling	0.38212143165297796
GO:0006986	P	1	1080	1	8571	7.936111111111111	0.12600630031501575	inf	response to unfolded protein	0.38212143165297796
GO:0048788	C	1	1080	1	8571	7.936111111111111	0.12600630031501575	inf	cytoskeleton of presynaptic active zone	0.38212143165297796
GO:0004349	F	1	1080	1	8571	7.936111111111111	0.12600630031501575	inf	glutamate 5-kinase activity	0.38212143165297796
GO:1904825	P	1	1080	1	8571	7.936111111111111	0.12600630031501575	inf	protein localization to microtubule plus-end	0.38212143165297796
GO:0090114	P	1	1080	1	8571	7.936111111111111	0.12600630031501575	inf	COPII-coated vesicle budding	0.38212143165297796
GO:2001235	P	1	1080	1	8571	7.936111111111111	0.12600630031501575	inf	positive regulation of apoptotic signaling pathway	0.38212143165297796
GO:0005412	F	1	1080	1	8571	7.936111111111111	0.12600630031501575	inf	D-glucose:sodium symporter activity	0.38212143165297796
GO:0017095	F	1	1080	1	8571	7.936111111111111	0.12600630031501575	inf	heparan sulfate 6-sulfotransferase activity	0.38212143165297796
GO:0042923	F	1	1080	1	8571	7.936111111111111	0.12600630031501575	inf	neuropeptide binding	0.38212143165297796
GO:0035658	C	1	1080	1	8571	7.936111111111111	0.12600630031501575	inf	Mon1-Ccz1 complex	0.38212143165297796
GO:0048219	P	1	1080	1	8571	7.936111111111111	0.12600630031501575	inf	inter-Golgi cisterna vesicle-mediated transport	0.38212143165297796
GO:0045823	P	1	1080	1	8571	7.936111111111111	0.12600630031501575	inf	positive regulation of heart contraction	0.38212143165297796
GO:0015184	F	1	1080	1	8571	7.936111111111111	0.12600630031501575	inf	L-cystine transmembrane transporter activity	0.38212143165297796
GO:0008641	F	1	1080	1	8571	7.936111111111111	0.12600630031501575	inf	ubiquitin-like modifier activating enzyme activity	0.38212143165297796
GO:0003691	F	1	1080	1	8571	7.936111111111111	0.12600630031501575	inf	double-stranded telomeric DNA binding	0.38212143165297796
GO:0046621	P	1	1080	1	8571	7.936111111111111	0.12600630031501575	inf	negative regulation of organ growth	0.38212143165297796
GO:1990275	F	1	1080	1	8571	7.936111111111111	0.12600630031501575	inf	preribosome binding	0.38212143165297796
GO:0008543	P	1	1080	1	8571	7.936111111111111	0.12600630031501575	inf	fibroblast growth factor receptor signaling pathway	0.38212143165297796
GO:0050803	P	1	1080	1	8571	7.936111111111111	0.12600630031501575	inf	regulation of synapse structure or activity	0.38212143165297796
GO:0035523	P	1	1080	1	8571	7.936111111111111	0.12600630031501575	inf	protein K29-linked deubiquitination	0.38212143165297796
GO:0070936	P	1	1080	1	8571	7.936111111111111	0.12600630031501575	inf	protein K48-linked ubiquitination	0.38212143165297796
GO:0010142	P	1	1080	1	8571	7.936111111111111	0.12600630031501575	inf	farnesyl diphosphate biosynthetic process, mevalonate pathway	0.38212143165297796
GO:0106050	F	1	1080	1	8571	7.936111111111111	0.12600630031501575	inf	tRNA 2'-O-methyltransferase activity	0.38212143165297796
GO:0071913	F	1	1080	1	8571	7.936111111111111	0.12600630031501575	inf	citrate secondary active transmembrane transporter activity	0.38212143165297796
GO:0051880	F	1	1080	1	8571	7.936111111111111	0.12600630031501575	inf	G-quadruplex DNA binding	0.38212143165297796
GO:0051997	F	1	1080	1	8571	7.936111111111111	0.12600630031501575	inf	2-oxo-4-hydroxy-4-carboxy-5-ureidoimidazoline decarboxylase activity	0.38212143165297796
GO:0035643	F	1	1080	1	8571	7.936111111111111	0.12600630031501575	inf	L-DOPA receptor activity	0.38212143165297796
GO:0016936	F	1	1080	1	8571	7.936111111111111	0.12600630031501575	inf	galactoside binding	0.38212143165297796
GO:0035194	P	1	1080	1	8571	7.936111111111111	0.12600630031501575	inf	regulatory ncRNA-mediated post-transcriptional gene silencing	0.38212143165297796
GO:0031340	P	1	1080	1	8571	7.936111111111111	0.12600630031501575	inf	positive regulation of vesicle fusion	0.38212143165297796
GO:0070987	P	1	1080	1	8571	7.936111111111111	0.12600630031501575	inf	error-free translesion synthesis	0.38212143165297796
GO:0044539	P	1	1080	1	8571	7.936111111111111	0.12600630031501575	inf	long-chain fatty acid import into cell	0.38212143165297796
GO:0051083	P	1	1080	1	8571	7.936111111111111	0.12600630031501575	inf	'de novo' cotranslational protein folding	0.38212143165297796
GO:0043024	F	1	1080	1	8571	7.936111111111111	0.12600630031501575	inf	ribosomal small subunit binding	0.38212143165297796
GO:0006816	P	1	1080	1	8571	7.936111111111111	0.12600630031501575	inf	calcium ion transport	0.38212143165297796
GO:0034087	P	1	1080	1	8571	7.936111111111111	0.12600630031501575	inf	establishment of mitotic sister chromatid cohesion	0.38212143165297796
GO:0140588	P	1	1080	1	8571	7.936111111111111	0.12600630031501575	inf	chromatin looping	0.38212143165297796
GO:0071169	P	1	1080	1	8571	7.936111111111111	0.12600630031501575	inf	establishment of protein localization to chromatin	0.38212143165297796
GO:1902977	P	1	1080	1	8571	7.936111111111111	0.12600630031501575	inf	mitotic DNA replication preinitiation complex assembly	0.38212143165297796
GO:0004610	F	1	1080	1	8571	7.936111111111111	0.12600630031501575	inf	phosphoacetylglucosamine mutase activity	0.38212143165297796
GO:0141039	F	1	1080	1	8571	7.936111111111111	0.12600630031501575	inf	phosphatidylinositol 3-kinase inhibitor activity	0.38212143165297796
GO:0015254	F	1	1080	1	8571	7.936111111111111	0.12600630031501575	inf	glycerol channel activity	0.38212143165297796
GO:0019442	P	1	1080	1	8571	7.936111111111111	0.12600630031501575	inf	L-tryptophan catabolic process to acetyl-CoA	0.38212143165297796
GO:0000255	P	1	1080	1	8571	7.936111111111111	0.12600630031501575	inf	allantoin metabolic process	0.38212143165297796
GO:0065002	P	1	1080	1	8571	7.936111111111111	0.12600630031501575	inf	intracellular protein transmembrane transport	0.38212143165297796
GO:1905706	P	1	1080	1	8571	7.936111111111111	0.12600630031501575	inf	regulation of mitochondrial ATP synthesis coupled proton transport	0.38212143165297796
GO:0000448	P	1	1080	1	8571	7.936111111111111	0.12600630031501575	inf	cleavage in ITS2 between 5.8S rRNA and LSU-rRNA of tricistronic rRNA transcript (SSU-rRNA, 5.8S rRNA, LSU-rRNA)	0.38212143165297796
GO:0034647	F	1	1080	1	8571	7.936111111111111	0.12600630031501575	inf	histone H3K4me/H3K4me2/H3K4me3 demethylase activity	0.38212143165297796
GO:0007366	P	1	1080	1	8571	7.936111111111111	0.12600630031501575	inf	periodic partitioning by pair rule gene	0.38212143165297796
GO:0006569	P	1	1080	1	8571	7.936111111111111	0.12600630031501575	inf	L-tryptophan catabolic process	0.38212143165297796
GO:0033787	F	1	1080	1	8571	7.936111111111111	0.12600630031501575	inf	cyanocobalamin reductase (cyanide-eliminating) (NADP+) activity	0.38212143165297796
GO:0030870	C	1	1080	1	8571	7.936111111111111	0.12600630031501575	inf	Mre11 complex	0.38212143165297796
GO:0097363	F	1	1080	1	8571	7.936111111111111	0.12600630031501575	inf	protein O-acetylglucosaminyltransferase activity	0.38212143165297796
GO:0004421	F	1	1080	1	8571	7.936111111111111	0.12600630031501575	inf	hydroxymethylglutaryl-CoA synthase activity	0.38212143165297796
GO:0004609	F	1	1080	1	8571	7.936111111111111	0.12600630031501575	inf	phosphatidylserine decarboxylase activity	0.38212143165297796
GO:0005547	F	1	1080	1	8571	7.936111111111111	0.12600630031501575	inf	phosphatidylinositol-3,4,5-trisphosphate binding	0.38212143165297796
GO:0004517	F	1	1080	1	8571	7.936111111111111	0.12600630031501575	inf	nitric-oxide synthase activity	0.38212143165297796
GO:0043047	F	1	1080	1	8571	7.936111111111111	0.12600630031501575	inf	single-stranded telomeric DNA binding	0.38212143165297796
GO:0004833	F	1	1080	1	8571	7.936111111111111	0.12600630031501575	inf	tryptophan 2,3-dioxygenase activity	0.38212143165297796
GO:0072545	F	1	1080	1	8571	7.936111111111111	0.12600630031501575	inf	L-tyrosine binding	0.38212143165297796
GO:0000030	F	1	1080	1	8571	7.936111111111111	0.12600630031501575	inf	mannosyltransferase activity	0.38212143165297796
GO:0035005	F	1	1080	1	8571	7.936111111111111	0.12600630031501575	inf	1-phosphatidylinositol-4-phosphate 3-kinase activity	0.38212143165297796
GO:0000225	F	1	1080	1	8571	7.936111111111111	0.12600630031501575	inf	N-acetylglucosaminylphosphatidylinositol deacetylase activity	0.38212143165297796
GO:0006629	P	6	1080	28	8571	1.700595238095238	0.13201915212150148	1.8966480446927374	lipid metabolic process	0.3994268546785103
GO:0140662	F	5	1080	22	8571	1.8036616161616161	0.13443426599791305	2.0448700410396716	ATP-dependent protein folding chaperone	0.405792321438145
GO:0005886	C	120	1080	868	8571	1.09715821812596	0.13769528699696168	1.1268382352941178	plasma membrane	0.41467587585228183
GO:0004714	F	10	1080	55	8571	1.442929292929293	0.14755435084702065	1.546417445482866	transmembrane receptor protein tyrosine kinase activity	0.44334302650809887
GO:0003723	F	33	1080	218	8571	1.2013379204892967	0.14938357251329806	1.2447301169364207	RNA binding	0.44780730702836935
GO:0005765	C	6	1080	29	8571	1.6419540229885057	0.14977657607256167	1.8139421909157154	lysosomal membrane	0.4479556311894964
GO:0006869	P	3	1080	11	8571	2.1643939393939395	0.15227005224458864	2.60550139275766	lipid transport	0.450249768995337
GO:0004383	F	3	1080	11	8571	2.1643939393939395	0.15227005224458864	2.60550139275766	guanylate cyclase activity	0.450249768995337
GO:0006417	P	3	1080	11	8571	2.1643939393939395	0.15227005224458864	2.60550139275766	regulation of translation	0.450249768995337
GO:0007399	P	3	1080	11	8571	2.1643939393939395	0.15227005224458864	2.60550139275766	nervous system development	0.450249768995337
GO:0016055	P	3	1080	11	8571	2.1643939393939395	0.15227005224458864	2.60550139275766	Wnt signaling pathway	0.450249768995337
GO:0008194	F	5	1080	23	8571	1.7252415458937198	0.15500509801461035	1.9310077519379845	UDP-glycosyltransferase activity	0.45626782801591853
GO:0009966	P	5	1080	23	8571	1.7252415458937198	0.15500509801461035	1.9310077519379845	regulation of signal transduction	0.45626782801591853
GO:0005615	C	39	1080	263	8571	1.1768377693282637	0.15579159067082193	1.2154050020584604	extracellular space	0.45705847777190006
GO:0048513	P	4	1080	17	8571	1.8673202614379085	0.15737673045980302	2.138404346582785	animal organ development	0.45705847777190006
GO:0004181	F	4	1080	17	8571	1.8673202614379085	0.15737673045980302	2.138404346582785	metallocarboxypeptidase activity	0.45705847777190006
GO:0035091	F	4	1080	17	8571	1.8673202614379085	0.15737673045980302	2.138404346582785	phosphatidylinositol binding	0.45705847777190006
GO:0098793	C	4	1080	17	8571	1.8673202614379085	0.15737673045980302	2.138404346582785	presynapse	0.45705847777190006
GO:0007411	P	4	1080	17	8571	1.8673202614379085	0.15737673045980302	2.138404346582785	axon guidance	0.45705847777190006
GO:0006888	P	6	1080	30	8571	1.5872222222222223	0.16853565288873013	1.7381284916201116	endoplasmic reticulum to Golgi vesicle-mediated transport	0.4751042684502696
GO:0031902	C	6	1080	30	8571	1.5872222222222223	0.16853565288873013	1.7381284916201116	late endosome membrane	0.4751042684502696
GO:0001671	F	2	1080	6	8571	2.64537037037037	0.16869116280097762	3.472634508348794	ATPase activator activity	0.4751042684502696
GO:0006366	P	2	1080	6	8571	2.64537037037037	0.16869116280097762	3.472634508348794	transcription by RNA polymerase II	0.4751042684502696
GO:0051480	P	2	1080	6	8571	2.64537037037037	0.16869116280097762	3.472634508348794	regulation of cytosolic calcium ion concentration	0.4751042684502696
GO:0006491	P	2	1080	6	8571	2.64537037037037	0.16869116280097762	3.472634508348794	N-glycan processing	0.4751042684502696
GO:0001508	P	2	1080	6	8571	2.64537037037037	0.16869116280097762	3.472634508348794	action potential	0.4751042684502696
GO:0016607	C	2	1080	6	8571	2.64537037037037	0.16869116280097762	3.472634508348794	nuclear speck	0.4751042684502696
GO:0007163	P	2	1080	6	8571	2.64537037037037	0.16869116280097762	3.472634508348794	establishment or maintenance of cell polarity	0.4751042684502696
GO:0031210	F	2	1080	6	8571	2.64537037037037	0.16869116280097762	3.472634508348794	phosphatidylcholine binding	0.4751042684502696
GO:0008526	F	2	1080	6	8571	2.64537037037037	0.16869116280097762	3.472634508348794	phosphatidylinositol transfer activity	0.4751042684502696
GO:0043495	F	2	1080	6	8571	2.64537037037037	0.16869116280097762	3.472634508348794	protein-membrane adaptor activity	0.4751042684502696
GO:0046974	F	2	1080	6	8571	2.64537037037037	0.16869116280097762	3.472634508348794	histone H3K9 methyltransferase activity	0.4751042684502696
GO:0006937	P	2	1080	6	8571	2.64537037037037	0.16869116280097762	3.472634508348794	regulation of muscle contraction	0.4751042684502696
GO:0016301	F	9	1080	50	8571	1.4284999999999999	0.17123317484214728	1.526952244312359	kinase activity	0.4796523580636549
GO:0016197	P	5	1080	24	8571	1.6533564814814814	0.17677500440205648	1.8291309669522644	endosomal transport	0.4796523580636549
GO:0016614	F	8	1080	44	8571	1.442929292929293	0.18272118196213127	1.5453980099502487	oxidoreductase activity, acting on CH-OH group of donors	0.4796523580636549
GO:0008374	F	4	1080	18	8571	1.7635802469135802	0.18339375983077472	1.9853956452469463	O-acyltransferase activity	0.4796523580636549
GO:0006887	P	4	1080	18	8571	1.7635802469135802	0.18339375983077472	1.9853956452469463	exocytosis	0.4796523580636549
GO:0038023	F	4	1080	18	8571	1.7635802469135802	0.18339375983077472	1.9853956452469463	signaling receptor activity	0.4796523580636549
GO:0032991	C	4	1080	18	8571	1.7635802469135802	0.18339375983077472	1.9853956452469463	protein-containing complex	0.4796523580636549
GO:0000151	C	3	1080	12	8571	1.9840277777777777	0.18501653850101238	2.3156917363045495	ubiquitin ligase complex	0.4796523580636549
GO:0006338	P	3	1080	12	8571	1.9840277777777777	0.18501653850101238	2.3156917363045495	chromatin remodeling	0.4796523580636549
GO:0006631	P	3	1080	12	8571	1.9840277777777777	0.18501653850101238	2.3156917363045495	fatty acid metabolic process	0.4796523580636549
GO:0032589	C	3	1080	12	8571	1.9840277777777777	0.18501653850101238	2.3156917363045495	neuron projection membrane	0.4796523580636549
GO:0043171	P	6	1080	31	8571	1.5360215053763442	0.1882158814221096	1.6683798882681564	peptide catabolic process	0.4796523580636549
GO:0061630	F	16	1080	101	8571	1.2572057205720573	0.19812595087146728	1.3102167182662539	ubiquitin protein ligase activity	0.4796523580636549
GO:0003924	F	16	1080	101	8571	1.2572057205720573	0.19812595087146728	1.3102167182662539	GTPase activity	0.4796523580636549
GO:0016298	F	6	1080	32	8571	1.4880208333333333	0.20872979861332072	1.6039965620971208	lipase activity	0.4796523580636549
GO:0006139	P	2	1080	7	8571	2.2674603174603174	0.217282566250123	2.7777365491651205	nucleobase-containing compound metabolic process	0.4796523580636549
GO:0005793	C	2	1080	7	8571	2.2674603174603174	0.217282566250123	2.7777365491651205	endoplasmic reticulum-Golgi intermediate compartment	0.4796523580636549
GO:0005109	F	2	1080	7	8571	2.2674603174603174	0.217282566250123	2.7777365491651205	frizzled binding	0.4796523580636549
GO:0006520	P	2	1080	7	8571	2.2674603174603174	0.217282566250123	2.7777365491651205	amino acid metabolic process	0.4796523580636549
GO:0031177	F	2	1080	7	8571	2.2674603174603174	0.217282566250123	2.7777365491651205	phosphopantetheine binding	0.4796523580636549
GO:0000184	P	2	1080	7	8571	2.2674603174603174	0.217282566250123	2.7777365491651205	nuclear-transcribed mRNA catabolic process, nonsense-mediated decay	0.4796523580636549
GO:0007186	P	2	1080	7	8571	2.2674603174603174	0.217282566250123	2.7777365491651205	G protein-coupled receptor signaling pathway	0.4796523580636549
GO:0005313	F	2	1080	7	8571	2.2674603174603174	0.217282566250123	2.7777365491651205	L-glutamate transmembrane transporter activity	0.4796523580636549
GO:0008654	P	2	1080	7	8571	2.2674603174603174	0.217282566250123	2.7777365491651205	phospholipid biosynthetic process	0.4796523580636549
GO:0033617	P	2	1080	7	8571	2.2674603174603174	0.217282566250123	2.7777365491651205	mitochondrial cytochrome c oxidase assembly	0.4796523580636549
GO:0000727	P	2	1080	7	8571	2.2674603174603174	0.217282566250123	2.7777365491651205	double-strand break repair via break-induced replication	0.4796523580636549
GO:0015279	F	2	1080	7	8571	2.2674603174603174	0.217282566250123	2.7777365491651205	store-operated calcium channel activity	0.4796523580636549
GO:0006013	P	2	1080	7	8571	2.2674603174603174	0.217282566250123	2.7777365491651205	mannose metabolic process	0.4796523580636549
GO:0007218	P	2	1080	7	8571	2.2674603174603174	0.217282566250123	2.7777365491651205	neuropeptide signaling pathway	0.4796523580636549
GO:0031901	C	2	1080	7	8571	2.2674603174603174	0.217282566250123	2.7777365491651205	early endosome membrane	0.4796523580636549
GO:0007052	P	2	1080	7	8571	2.2674603174603174	0.217282566250123	2.7777365491651205	mitotic spindle organization	0.4796523580636549
GO:0015293	F	3	1080	13	8571	1.8314102564102563	0.2193676370177403	2.083844011142061	symporter activity	0.4796523580636549
GO:0007601	P	3	1080	13	8571	1.8314102564102563	0.2193676370177403	2.083844011142061	visual perception	0.4796523580636549
GO:0070573	F	3	1080	13	8571	1.8314102564102563	0.2193676370177403	2.083844011142061	metallodipeptidase activity	0.4796523580636549
GO:0005243	F	3	1080	13	8571	1.8314102564102563	0.2193676370177403	2.083844011142061	gap junction channel activity	0.4796523580636549
GO:0005921	C	3	1080	13	8571	1.8314102564102563	0.2193676370177403	2.083844011142061	gap junction	0.4796523580636549
GO:0006914	P	3	1080	13	8571	1.8314102564102563	0.2193676370177403	2.083844011142061	autophagy	0.4796523580636549
GO:0031267	F	6	1080	33	8571	1.442929292929293	0.2299846273886414	1.5443823711980136	small GTPase binding	0.4796523580636549
GO:0032259	P	15	1080	97	8571	1.227233676975945	0.23574955569938574	1.2725867399519066	methylation	0.4796523580636549
GO:0090141	P	1	1080	2	8571	3.9680555555555554	0.236147863402505	6.941612604263207	positive regulation of mitochondrial fission	0.4796523580636549
GO:0010992	P	1	1080	2	8571	3.9680555555555554	0.236147863402505	6.941612604263207	ubiquitin recycling	0.4796523580636549
GO:0002178	C	1	1080	2	8571	3.9680555555555554	0.236147863402505	6.941612604263207	palmitoyltransferase complex	0.4796523580636549
GO:0006072	P	1	1080	2	8571	3.9680555555555554	0.236147863402505	6.941612604263207	glycerol-3-phosphate metabolic process	0.4796523580636549
GO:0005875	C	1	1080	2	8571	3.9680555555555554	0.236147863402505	6.941612604263207	microtubule associated complex	0.4796523580636549
GO:0009898	C	1	1080	2	8571	3.9680555555555554	0.236147863402505	6.941612604263207	cytoplasmic side of plasma membrane	0.4796523580636549
GO:0004000	F	1	1080	2	8571	3.9680555555555554	0.236147863402505	6.941612604263207	adenosine deaminase activity	0.4796523580636549
GO:0032483	P	1	1080	2	8571	3.9680555555555554	0.236147863402505	6.941612604263207	regulation of Rab protein signal transduction	0.4796523580636549
GO:0008889	F	1	1080	2	8571	3.9680555555555554	0.236147863402505	6.941612604263207	glycerophosphodiester phosphodiesterase activity	0.4796523580636549
GO:0000340	F	1	1080	2	8571	3.9680555555555554	0.236147863402505	6.941612604263207	RNA 7-methylguanosine cap binding	0.4796523580636549
GO:0050614	F	1	1080	2	8571	3.9680555555555554	0.236147863402505	6.941612604263207	Delta24-sterol reductase activity	0.4796523580636549
GO:0004060	F	1	1080	2	8571	3.9680555555555554	0.236147863402505	6.941612604263207	arylamine N-acetyltransferase activity	0.4796523580636549
GO:0042134	F	1	1080	2	8571	3.9680555555555554	0.236147863402505	6.941612604263207	rRNA primary transcript binding	0.4796523580636549
GO:0140658	F	1	1080	2	8571	3.9680555555555554	0.236147863402505	6.941612604263207	ATP-dependent chromatin remodeler activity	0.4796523580636549
GO:0047390	F	1	1080	2	8571	3.9680555555555554	0.236147863402505	6.941612604263207	glycerophosphocholine cholinephosphodiesterase activity	0.4796523580636549
GO:0051378	F	1	1080	2	8571	3.9680555555555554	0.236147863402505	6.941612604263207	serotonin binding	0.4796523580636549
GO:0001006	F	1	1080	2	8571	3.9680555555555554	0.236147863402505	6.941612604263207	RNA polymerase III type 3 promoter sequence-specific DNA binding	0.4796523580636549
GO:0000722	P	1	1080	2	8571	3.9680555555555554	0.236147863402505	6.941612604263207	telomere maintenance via recombination	0.4796523580636549
GO:0008107	F	1	1080	2	8571	3.9680555555555554	0.236147863402505	6.941612604263207	galactoside 2-alpha-L-fucosyltransferase activity	0.4796523580636549
GO:0006801	P	1	1080	2	8571	3.9680555555555554	0.236147863402505	6.941612604263207	superoxide metabolic process	0.4796523580636549
GO:0097039	P	1	1080	2	8571	3.9680555555555554	0.236147863402505	6.941612604263207	protein linear polyubiquitination	0.4796523580636549
GO:1990050	F	1	1080	2	8571	3.9680555555555554	0.236147863402505	6.941612604263207	phosphatidic acid transfer activity	0.4796523580636549
GO:0043014	F	1	1080	2	8571	3.9680555555555554	0.236147863402505	6.941612604263207	alpha-tubulin binding	0.4796523580636549
GO:0030660	C	1	1080	2	8571	3.9680555555555554	0.236147863402505	6.941612604263207	Golgi-associated vesicle membrane	0.4796523580636549
GO:0006308	P	1	1080	2	8571	3.9680555555555554	0.236147863402505	6.941612604263207	DNA catabolic process	0.4796523580636549
GO:0004143	F	1	1080	2	8571	3.9680555555555554	0.236147863402505	6.941612604263207	ATP-dependent diacylglycerol kinase activity	0.4796523580636549
GO:0006104	P	1	1080	2	8571	3.9680555555555554	0.236147863402505	6.941612604263207	succinyl-CoA metabolic process	0.4796523580636549
GO:0006264	P	1	1080	2	8571	3.9680555555555554	0.236147863402505	6.941612604263207	mitochondrial DNA replication	0.4796523580636549
GO:0042256	P	1	1080	2	8571	3.9680555555555554	0.236147863402505	6.941612604263207	cytosolic ribosome assembly	0.4796523580636549
GO:0045040	P	1	1080	2	8571	3.9680555555555554	0.236147863402505	6.941612604263207	protein insertion into mitochondrial outer membrane	0.4796523580636549
GO:0042796	P	1	1080	2	8571	3.9680555555555554	0.236147863402505	6.941612604263207	snRNA transcription by RNA polymerase III	0.4796523580636549
GO:1990504	P	1	1080	2	8571	3.9680555555555554	0.236147863402505	6.941612604263207	dense core granule exocytosis	0.4796523580636549
GO:0006422	P	1	1080	2	8571	3.9680555555555554	0.236147863402505	6.941612604263207	aspartyl-tRNA aminoacylation	0.4796523580636549
GO:0015701	P	1	1080	2	8571	3.9680555555555554	0.236147863402505	6.941612604263207	bicarbonate transport	0.4796523580636549
GO:1990575	P	1	1080	2	8571	3.9680555555555554	0.236147863402505	6.941612604263207	mitochondrial L-ornithine transmembrane transport	0.4796523580636549
GO:0006012	P	1	1080	2	8571	3.9680555555555554	0.236147863402505	6.941612604263207	galactose metabolic process	0.4796523580636549
GO:0044205	P	1	1080	2	8571	3.9680555555555554	0.236147863402505	6.941612604263207	'de novo' UMP biosynthetic process	0.4796523580636549
GO:0031110	P	1	1080	2	8571	3.9680555555555554	0.236147863402505	6.941612604263207	regulation of microtubule polymerization or depolymerization	0.4796523580636549
GO:0032438	P	1	1080	2	8571	3.9680555555555554	0.236147863402505	6.941612604263207	melanosome organization	0.4796523580636549
GO:0006694	P	1	1080	2	8571	3.9680555555555554	0.236147863402505	6.941612604263207	steroid biosynthetic process	0.4796523580636549
GO:0004095	F	1	1080	2	8571	3.9680555555555554	0.236147863402505	6.941612604263207	carnitine O-palmitoyltransferase activity	0.4796523580636549
GO:0004740	F	1	1080	2	8571	3.9680555555555554	0.236147863402505	6.941612604263207	pyruvate dehydrogenase (acetyl-transferring) kinase activity	0.4796523580636549
GO:0005745	C	1	1080	2	8571	3.9680555555555554	0.236147863402505	6.941612604263207	m-AAA complex	0.4796523580636549
GO:0006154	P	1	1080	2	8571	3.9680555555555554	0.236147863402505	6.941612604263207	adenosine catabolic process	0.4796523580636549
GO:0000395	P	1	1080	2	8571	3.9680555555555554	0.236147863402505	6.941612604263207	mRNA 5'-splice site recognition	0.4796523580636549
GO:0046103	P	1	1080	2	8571	3.9680555555555554	0.236147863402505	6.941612604263207	inosine biosynthetic process	0.4796523580636549
GO:0061608	F	1	1080	2	8571	3.9680555555555554	0.236147863402505	6.941612604263207	nuclear import signal receptor activity	0.4796523580636549
GO:0004439	F	1	1080	2	8571	3.9680555555555554	0.236147863402505	6.941612604263207	phosphatidylinositol-4,5-bisphosphate 5-phosphatase activity	0.4796523580636549
GO:0005801	C	1	1080	2	8571	3.9680555555555554	0.236147863402505	6.941612604263207	cis-Golgi network	0.4796523580636549
GO:0071339	C	1	1080	2	8571	3.9680555555555554	0.236147863402505	6.941612604263207	MLL1 complex	0.4796523580636549
GO:0071819	C	1	1080	2	8571	3.9680555555555554	0.236147863402505	6.941612604263207	DUBm complex	0.4796523580636549
GO:0097730	C	1	1080	2	8571	3.9680555555555554	0.236147863402505	6.941612604263207	non-motile cilium	0.4796523580636549
GO:0004013	F	1	1080	2	8571	3.9680555555555554	0.236147863402505	6.941612604263207	adenosylhomocysteinase activity	0.4796523580636549
GO:0090522	P	1	1080	2	8571	3.9680555555555554	0.236147863402505	6.941612604263207	vesicle tethering involved in exocytosis	0.4796523580636549
GO:0004555	F	1	1080	2	8571	3.9680555555555554	0.236147863402505	6.941612604263207	alpha,alpha-trehalase activity	0.4796523580636549
GO:0000064	F	1	1080	2	8571	3.9680555555555554	0.236147863402505	6.941612604263207	L-ornithine transmembrane transporter activity	0.4796523580636549
GO:0004467	F	1	1080	2	8571	3.9680555555555554	0.236147863402505	6.941612604263207	long-chain fatty acid-CoA ligase activity	0.4796523580636549
GO:0019887	F	1	1080	2	8571	3.9680555555555554	0.236147863402505	6.941612604263207	protein kinase regulator activity	0.4796523580636549
GO:0033353	P	1	1080	2	8571	3.9680555555555554	0.236147863402505	6.941612604263207	S-adenosylmethionine cycle	0.4796523580636549
GO:0005250	F	1	1080	2	8571	3.9680555555555554	0.236147863402505	6.941612604263207	A-type (transient outward) potassium channel activity	0.4796523580636549
GO:0098887	P	1	1080	2	8571	3.9680555555555554	0.236147863402505	6.941612604263207	neurotransmitter receptor transport, endosome to postsynaptic membrane	0.4796523580636549
GO:0030100	P	1	1080	2	8571	3.9680555555555554	0.236147863402505	6.941612604263207	regulation of endocytosis	0.4796523580636549
GO:0009052	P	1	1080	2	8571	3.9680555555555554	0.236147863402505	6.941612604263207	pentose-phosphate shunt, non-oxidative branch	0.4796523580636549
GO:0000246	F	1	1080	2	8571	3.9680555555555554	0.236147863402505	6.941612604263207	Delta24(24-1) sterol reductase activity	0.4796523580636549
GO:0016702	F	1	1080	2	8571	3.9680555555555554	0.236147863402505	6.941612604263207	oxidoreductase activity, acting on single donors with incorporation of molecular oxygen, incorporation of two atoms of oxygen	0.4796523580636549
GO:0043197	C	1	1080	2	8571	3.9680555555555554	0.236147863402505	6.941612604263207	dendritic spine	0.4796523580636549
GO:0044528	P	1	1080	2	8571	3.9680555555555554	0.236147863402505	6.941612604263207	regulation of mitochondrial mRNA stability	0.4796523580636549
GO:0046839	P	1	1080	2	8571	3.9680555555555554	0.236147863402505	6.941612604263207	phospholipid dephosphorylation	0.4796523580636549
GO:0004758	F	1	1080	2	8571	3.9680555555555554	0.236147863402505	6.941612604263207	serine C-palmitoyltransferase activity	0.4796523580636549
GO:0010906	P	1	1080	2	8571	3.9680555555555554	0.236147863402505	6.941612604263207	regulation of glucose metabolic process	0.4796523580636549
GO:0098574	C	1	1080	2	8571	3.9680555555555554	0.236147863402505	6.941612604263207	cytoplasmic side of lysosomal membrane	0.4796523580636549
GO:0000775	C	1	1080	2	8571	3.9680555555555554	0.236147863402505	6.941612604263207	chromosome, centromeric region	0.4796523580636549
GO:0070300	F	1	1080	2	8571	3.9680555555555554	0.236147863402505	6.941612604263207	phosphatidic acid binding	0.4796523580636549
GO:0015937	P	1	1080	2	8571	3.9680555555555554	0.236147863402505	6.941612604263207	coenzyme A biosynthetic process	0.4796523580636549
GO:0042054	F	1	1080	2	8571	3.9680555555555554	0.236147863402505	6.941612604263207	histone methyltransferase activity	0.4796523580636549
GO:0045786	P	1	1080	2	8571	3.9680555555555554	0.236147863402505	6.941612604263207	negative regulation of cell cycle	0.4796523580636549
GO:0051764	P	1	1080	2	8571	3.9680555555555554	0.236147863402505	6.941612604263207	actin crosslink formation	0.4796523580636549
GO:0051606	P	1	1080	2	8571	3.9680555555555554	0.236147863402505	6.941612604263207	detection of stimulus	0.4796523580636549
GO:0006388	P	1	1080	2	8571	3.9680555555555554	0.236147863402505	6.941612604263207	tRNA splicing, via endonucleolytic cleavage and ligation	0.4796523580636549
GO:0008611	P	1	1080	2	8571	3.9680555555555554	0.236147863402505	6.941612604263207	ether lipid biosynthetic process	0.4796523580636549
GO:0010484	F	1	1080	2	8571	3.9680555555555554	0.236147863402505	6.941612604263207	histone H3 acetyltransferase activity	0.4796523580636549
GO:0035418	P	1	1080	2	8571	3.9680555555555554	0.236147863402505	6.941612604263207	protein localization to synapse	0.4796523580636549
GO:0045022	P	1	1080	2	8571	3.9680555555555554	0.236147863402505	6.941612604263207	early endosome to late endosome transport	0.4796523580636549
GO:0098978	C	1	1080	2	8571	3.9680555555555554	0.236147863402505	6.941612604263207	glutamatergic synapse	0.4796523580636549
GO:0009311	P	1	1080	2	8571	3.9680555555555554	0.236147863402505	6.941612604263207	oligosaccharide metabolic process	0.4796523580636549
GO:0032051	F	1	1080	2	8571	3.9680555555555554	0.236147863402505	6.941612604263207	clathrin light chain binding	0.4796523580636549
GO:0030332	F	1	1080	2	8571	3.9680555555555554	0.236147863402505	6.941612604263207	cyclin binding	0.4796523580636549
GO:0006360	P	1	1080	2	8571	3.9680555555555554	0.236147863402505	6.941612604263207	transcription by RNA polymerase I	0.4796523580636549
GO:0042351	P	1	1080	2	8571	3.9680555555555554	0.236147863402505	6.941612604263207	'de novo' GDP-L-fucose biosynthetic process	0.4796523580636549
GO:0033961	F	1	1080	2	8571	3.9680555555555554	0.236147863402505	6.941612604263207	cis-stilbene-oxide hydrolase activity	0.4796523580636549
GO:0004531	F	1	1080	2	8571	3.9680555555555554	0.236147863402505	6.941612604263207	deoxyribonuclease II activity	0.4796523580636549
GO:0140300	P	1	1080	2	8571	3.9680555555555554	0.236147863402505	6.941612604263207	serine import into mitochondrion	0.4796523580636549
GO:0004767	F	1	1080	2	8571	3.9680555555555554	0.236147863402505	6.941612604263207	sphingomyelin phosphodiesterase activity	0.4796523580636549
GO:0031261	C	1	1080	2	8571	3.9680555555555554	0.236147863402505	6.941612604263207	DNA replication preinitiation complex	0.4796523580636549
GO:0001405	C	1	1080	2	8571	3.9680555555555554	0.236147863402505	6.941612604263207	PAM complex, Tim23 associated import motor	0.4796523580636549
GO:0030166	P	1	1080	2	8571	3.9680555555555554	0.236147863402505	6.941612604263207	proteoglycan biosynthetic process	0.4796523580636549
GO:0004815	F	1	1080	2	8571	3.9680555555555554	0.236147863402505	6.941612604263207	aspartate-tRNA ligase activity	0.4796523580636549
GO:0032527	P	1	1080	2	8571	3.9680555555555554	0.236147863402505	6.941612604263207	protein exit from endoplasmic reticulum	0.4796523580636549
GO:0098968	P	1	1080	2	8571	3.9680555555555554	0.236147863402505	6.941612604263207	neurotransmitter receptor transport postsynaptic membrane to endosome	0.4796523580636549
GO:0042709	C	1	1080	2	8571	3.9680555555555554	0.236147863402505	6.941612604263207	succinate-CoA ligase complex	0.4796523580636549
GO:0016126	P	1	1080	2	8571	3.9680555555555554	0.236147863402505	6.941612604263207	sterol biosynthetic process	0.4796523580636549
GO:0042078	P	1	1080	2	8571	3.9680555555555554	0.236147863402505	6.941612604263207	germ-line stem cell division	0.4796523580636549
GO:0030132	C	1	1080	2	8571	3.9680555555555554	0.236147863402505	6.941612604263207	clathrin coat of coated pit	0.4796523580636549
GO:0032790	P	1	1080	2	8571	3.9680555555555554	0.236147863402505	6.941612604263207	ribosome disassembly	0.4796523580636549
GO:0043491	P	1	1080	2	8571	3.9680555555555554	0.236147863402505	6.941612604263207	phosphatidylinositol 3-kinase/protein kinase B signal transduction	0.4796523580636549
GO:0000812	C	1	1080	2	8571	3.9680555555555554	0.236147863402505	6.941612604263207	Swr1 complex	0.4796523580636549
GO:0071006	C	1	1080	2	8571	3.9680555555555554	0.236147863402505	6.941612604263207	U2-type catalytic step 1 spliceosome	0.4796523580636549
GO:0005993	P	1	1080	2	8571	3.9680555555555554	0.236147863402505	6.941612604263207	trehalose catabolic process	0.4796523580636549
GO:0061355	P	1	1080	2	8571	3.9680555555555554	0.236147863402505	6.941612604263207	Wnt protein secretion	0.4796523580636549
GO:0016050	P	1	1080	2	8571	3.9680555555555554	0.236147863402505	6.941612604263207	vesicle organization	0.4796523580636549
GO:0004362	F	1	1080	2	8571	3.9680555555555554	0.236147863402505	6.941612604263207	glutathione-disulfide reductase (NADPH) activity	0.4796523580636549
GO:0071558	F	1	1080	2	8571	3.9680555555555554	0.236147863402505	6.941612604263207	histone H3K27me2/H3K27me3 demethylase activity	0.4796523580636549
GO:0032451	F	1	1080	2	8571	3.9680555555555554	0.236147863402505	6.941612604263207	demethylase activity	0.4796523580636549
GO:0004530	F	1	1080	2	8571	3.9680555555555554	0.236147863402505	6.941612604263207	deoxyribonuclease I activity	0.4796523580636549
GO:0060964	P	1	1080	2	8571	3.9680555555555554	0.236147863402505	6.941612604263207	regulation of miRNA-mediated gene silencing	0.4796523580636549
GO:1903744	P	1	1080	2	8571	3.9680555555555554	0.236147863402505	6.941612604263207	positive regulation of anterograde synaptic vesicle transport	0.4796523580636549
GO:0019185	C	1	1080	2	8571	3.9680555555555554	0.236147863402505	6.941612604263207	snRNA-activating protein complex	0.4796523580636549
GO:0032783	C	1	1080	2	8571	3.9680555555555554	0.236147863402505	6.941612604263207	super elongation complex	0.4796523580636549
GO:0008375	F	1	1080	2	8571	3.9680555555555554	0.236147863402505	6.941612604263207	acetylglucosaminyltransferase activity	0.4796523580636549
GO:0004630	F	1	1080	2	8571	3.9680555555555554	0.236147863402505	6.941612604263207	phospholipase D activity	0.4796523580636549
GO:0016139	P	1	1080	2	8571	3.9680555555555554	0.236147863402505	6.941612604263207	glycoside catabolic process	0.4796523580636549
GO:0006353	P	1	1080	2	8571	3.9680555555555554	0.236147863402505	6.941612604263207	DNA-templated transcription termination	0.4796523580636549
GO:0004995	F	1	1080	2	8571	3.9680555555555554	0.236147863402505	6.941612604263207	tachykinin receptor activity	0.4796523580636549
GO:0070062	C	1	1080	2	8571	3.9680555555555554	0.236147863402505	6.941612604263207	extracellular exosome	0.4796523580636549
GO:0004335	F	1	1080	2	8571	3.9680555555555554	0.236147863402505	6.941612604263207	galactokinase activity	0.4796523580636549
GO:0033971	F	1	1080	2	8571	3.9680555555555554	0.236147863402505	6.941612604263207	hydroxyisourate hydrolase activity	0.4796523580636549
GO:0035249	P	1	1080	2	8571	3.9680555555555554	0.236147863402505	6.941612604263207	synaptic transmission, glutamatergic	0.4796523580636549
GO:0099518	P	1	1080	2	8571	3.9680555555555554	0.236147863402505	6.941612604263207	vesicle cytoskeletal trafficking	0.4796523580636549
GO:0004427	F	1	1080	2	8571	3.9680555555555554	0.236147863402505	6.941612604263207	inorganic diphosphate phosphatase activity	0.4796523580636549
GO:0015444	F	1	1080	2	8571	3.9680555555555554	0.236147863402505	6.941612604263207	P-type magnesium transporter activity	0.4796523580636549
GO:0060627	P	1	1080	2	8571	3.9680555555555554	0.236147863402505	6.941612604263207	regulation of vesicle-mediated transport	0.4796523580636549
GO:0045046	P	1	1080	2	8571	3.9680555555555554	0.236147863402505	6.941612604263207	protein import into peroxisome membrane	0.4796523580636549
GO:0031523	C	1	1080	2	8571	3.9680555555555554	0.236147863402505	6.941612604263207	Myb complex	0.4796523580636549
GO:0045494	P	1	1080	2	8571	3.9680555555555554	0.236147863402505	6.941612604263207	photoreceptor cell maintenance	0.4796523580636549
GO:0019904	F	1	1080	2	8571	3.9680555555555554	0.236147863402505	6.941612604263207	protein domain specific binding	0.4796523580636549
GO:0048495	F	1	1080	2	8571	3.9680555555555554	0.236147863402505	6.941612604263207	Roundabout binding	0.4796523580636549
GO:0000794	C	1	1080	2	8571	3.9680555555555554	0.236147863402505	6.941612604263207	condensed nuclear chromosome	0.4796523580636549
GO:1990316	C	1	1080	2	8571	3.9680555555555554	0.236147863402505	6.941612604263207	Atg1/ULK1 kinase complex	0.4796523580636549
GO:0006450	P	1	1080	2	8571	3.9680555555555554	0.236147863402505	6.941612604263207	regulation of translational fidelity	0.4796523580636549
GO:0072669	C	1	1080	2	8571	3.9680555555555554	0.236147863402505	6.941612604263207	tRNA-splicing ligase complex	0.4796523580636549
GO:0005096	F	6	1080	34	8571	1.4004901960784313	0.25188386518817146	1.4890263367916998	GTPase activator activity	0.5100257146046205
GO:0003743	F	6	1080	34	8571	1.4004901960784313	0.25188386518817146	1.4890263367916998	translation initiation factor activity	0.5100257146046205
GO:0004601	F	3	1080	14	8571	1.700595238095238	0.2548554037436888	1.894150417827298	peroxidase activity	0.5144449635940715
GO:0008234	F	3	1080	14	8571	1.700595238095238	0.2548554037436888	1.894150417827298	cysteine-type peptidase activity	0.5144449635940715
GO:0030968	P	2	1080	8	8571	1.9840277777777777	0.2668366438529198	2.3144712430426715	endoplasmic reticulum unfolded protein response	0.5240285897352521
GO:0016829	F	2	1080	8	8571	1.9840277777777777	0.2668366438529198	2.3144712430426715	lyase activity	0.5240285897352521
GO:0072659	P	2	1080	8	8571	1.9840277777777777	0.2668366438529198	2.3144712430426715	protein localization to plasma membrane	0.5240285897352521
GO:0005938	C	2	1080	8	8571	1.9840277777777777	0.2668366438529198	2.3144712430426715	cell cortex	0.5240285897352521
GO:0007265	P	2	1080	8	8571	1.9840277777777777	0.2668366438529198	2.3144712430426715	Ras protein signal transduction	0.5240285897352521
GO:0016342	C	2	1080	8	8571	1.9840277777777777	0.2668366438529198	2.3144712430426715	catenin complex	0.5240285897352521
GO:0051321	P	2	1080	8	8571	1.9840277777777777	0.2668366438529198	2.3144712430426715	meiotic cell cycle	0.5240285897352521
GO:0009897	C	2	1080	8	8571	1.9840277777777777	0.2668366438529198	2.3144712430426715	external side of plasma membrane	0.5240285897352521
GO:0009982	F	2	1080	8	8571	1.9840277777777777	0.2668366438529198	2.3144712430426715	pseudouridine synthase activity	0.5240285897352521
GO:0005643	C	2	1080	8	8571	1.9840277777777777	0.2668366438529198	2.3144712430426715	nuclear pore	0.5240285897352521
GO:0004559	F	2	1080	8	8571	1.9840277777777777	0.2668366438529198	2.3144712430426715	alpha-mannosidase activity	0.5240285897352521
GO:0014069	C	2	1080	8	8571	1.9840277777777777	0.2668366438529198	2.3144712430426715	postsynaptic density	0.5240285897352521
GO:0045735	F	2	1080	8	8571	1.9840277777777777	0.2668366438529198	2.3144712430426715	nutrient reservoir activity	0.5240285897352521
GO:1905515	P	2	1080	8	8571	1.9840277777777777	0.2668366438529198	2.3144712430426715	non-motile cilium assembly	0.5240285897352521
GO:0008076	C	2	1080	8	8571	1.9840277777777777	0.2668366438529198	2.3144712430426715	voltage-gated potassium channel complex	0.5240285897352521
GO:0006518	P	2	1080	8	8571	1.9840277777777777	0.2668366438529198	2.3144712430426715	peptide metabolic process	0.5240285897352521
GO:0070403	F	2	1080	8	8571	1.9840277777777777	0.2668366438529198	2.3144712430426715	NAD+ binding	0.5240285897352521
GO:0045332	P	2	1080	8	8571	1.9840277777777777	0.2668366438529198	2.3144712430426715	phospholipid translocation	0.5240285897352521
GO:0005741	C	4	1080	21	8571	1.5116402116402117	0.26815684002602214	1.6343756833588454	mitochondrial outer membrane	0.5250398189098091
GO:0006486	P	4	1080	21	8571	1.5116402116402117	0.26815684002602214	1.6343756833588454	protein glycosylation	0.5250398189098091
GO:0006355	P	8	1080	49	8571	1.2956916099773244	0.2715879551521436	1.3560247542773936	regulation of DNA-templated transcription	0.5309605599975942
GO:0070006	F	5	1080	28	8571	1.4171626984126984	0.2731369872972296	1.5102123356926187	metalloaminopeptidase activity	0.5331895680173465
GO:0004222	F	16	1080	108	8571	1.1757201646090534	0.28217869388952505	1.2093821510297482	metalloendopeptidase activity	0.5398211019454052
GO:0004725	F	3	1080	15	8571	1.5872222222222223	0.29104681556579676	1.7360724233983287	protein tyrosine phosphatase activity	0.5398211019454052
GO:0051539	F	3	1080	15	8571	1.5872222222222223	0.29104681556579676	1.7360724233983287	4 iron, 4 sulfur cluster binding	0.5398211019454052
GO:0050038	F	3	1080	15	8571	1.5872222222222223	0.29104681556579676	1.7360724233983287	L-xylulose reductase (NADPH) activity	0.5398211019454052
GO:0004089	F	3	1080	15	8571	1.5872222222222223	0.29104681556579676	1.7360724233983287	carbonate dehydratase activity	0.5398211019454052
GO:0004497	F	11	1080	72	8571	1.2124614197530863	0.2941712314140101	1.2533545982916467	monooxygenase activity	0.5398211019454052
GO:0050808	P	4	1080	22	8571	1.442929292929293	0.2978729675878242	1.543370508054523	synapse organization	0.5398211019454052
GO:0005802	C	4	1080	22	8571	1.442929292929293	0.2978729675878242	1.543370508054523	trans-Golgi network	0.5398211019454052
GO:0006302	P	5	1080	29	8571	1.368295019157088	0.2988370729690355	1.447093023255814	double-strand break repair	0.5398211019454052
GO:0043235	C	11	1080	73	8571	1.1958523592085235	0.3103364900761295	1.2329732339539516	receptor complex	0.5398211019454052
GO:0001653	F	2	1080	9	8571	1.7635802469135802	0.31634029188774526	1.983567452955208	peptide receptor activity	0.5398211019454052
GO:0006509	P	2	1080	9	8571	1.7635802469135802	0.31634029188774526	1.983567452955208	membrane protein ectodomain proteolysis	0.5398211019454052
GO:0030488	P	2	1080	9	8571	1.7635802469135802	0.31634029188774526	1.983567452955208	tRNA methylation	0.5398211019454052
GO:0046856	P	2	1080	9	8571	1.7635802469135802	0.31634029188774526	1.983567452955208	phosphatidylinositol dephosphorylation	0.5398211019454052
GO:0035267	C	2	1080	9	8571	1.7635802469135802	0.31634029188774526	1.983567452955208	NuA4 histone acetyltransferase complex	0.5398211019454052
GO:0035099	P	2	1080	9	8571	1.7635802469135802	0.31634029188774526	1.983567452955208	hemocyte migration	0.5398211019454052
GO:0035252	F	2	1080	9	8571	1.7635802469135802	0.31634029188774526	1.983567452955208	UDP-xylosyltransferase activity	0.5398211019454052
GO:0006635	P	2	1080	9	8571	1.7635802469135802	0.31634029188774526	1.983567452955208	fatty acid beta-oxidation	0.5398211019454052
GO:0007168	P	2	1080	9	8571	1.7635802469135802	0.31634029188774526	1.983567452955208	receptor guanylyl cyclase signaling pathway	0.5398211019454052
GO:0006352	P	2	1080	9	8571	1.7635802469135802	0.31634029188774526	1.983567452955208	DNA-templated transcription initiation	0.5398211019454052
GO:0008013	F	2	1080	9	8571	1.7635802469135802	0.31634029188774526	1.983567452955208	beta-catenin binding	0.5398211019454052
GO:0005216	F	2	1080	9	8571	1.7635802469135802	0.31634029188774526	1.983567452955208	monoatomic ion channel activity	0.5398211019454052
GO:0030544	F	2	1080	9	8571	1.7635802469135802	0.31634029188774526	1.983567452955208	Hsp70 protein binding	0.5398211019454052
GO:0005543	F	2	1080	9	8571	1.7635802469135802	0.31634029188774526	1.983567452955208	phospholipid binding	0.5398211019454052
GO:0005764	C	5	1080	30	8571	1.3226851851851853	0.32489735698509664	1.3890232558139535	lysosome	0.5398211019454052
GO:0007160	P	3	1080	16	8571	1.4880208333333333	0.32754961643664915	1.60231412041997	cell-matrix adhesion	0.5398211019454052
GO:0034220	P	3	1080	16	8571	1.4880208333333333	0.32754961643664915	1.60231412041997	monoatomic ion transmembrane transport	0.5398211019454052
GO:0003684	F	3	1080	16	8571	1.4880208333333333	0.32754961643664915	1.60231412041997	damaged DNA binding	0.5398211019454052
GO:0005997	P	3	1080	16	8571	1.4880208333333333	0.32754961643664915	1.60231412041997	xylulose metabolic process	0.5398211019454052
GO:0030198	P	3	1080	16	8571	1.4880208333333333	0.32754961643664915	1.60231412041997	extracellular matrix organization	0.5398211019454052
GO:0007155	P	3	1080	16	8571	1.4880208333333333	0.32754961643664915	1.60231412041997	cell adhesion	0.5398211019454052
GO:0009653	P	4	1080	23	8571	1.3801932367149758	0.327950413813764	1.4619448248874976	anatomical structure morphogenesis	0.5398211019454052
GO:0000209	P	4	1080	23	8571	1.3801932367149758	0.327950413813764	1.4619448248874976	protein polyubiquitination	0.5398211019454052
GO:0033108	P	1	1080	3	8571	2.64537037037037	0.33242050986361993	3.4703429101019463	mitochondrial respiratory chain complex assembly	0.5398211019454052
GO:0004301	F	1	1080	3	8571	2.64537037037037	0.33242050986361993	3.4703429101019463	epoxide hydrolase activity	0.5398211019454052
GO:0031956	F	1	1080	3	8571	2.64537037037037	0.33242050986361993	3.4703429101019463	medium-chain fatty acid-CoA ligase activity	0.5398211019454052
GO:0003688	F	1	1080	3	8571	2.64537037037037	0.33242050986361993	3.4703429101019463	DNA replication origin binding	0.5398211019454052
GO:0032008	P	1	1080	3	8571	2.64537037037037	0.33242050986361993	3.4703429101019463	positive regulation of TOR signaling	0.5398211019454052
GO:0016810	F	1	1080	3	8571	2.64537037037037	0.33242050986361993	3.4703429101019463	hydrolase activity, acting on carbon-nitrogen (but not peptide) bonds	0.5398211019454052
GO:0030991	C	1	1080	3	8571	2.64537037037037	0.33242050986361993	3.4703429101019463	intraciliary transport particle A	0.5398211019454052
GO:0016051	P	1	1080	3	8571	2.64537037037037	0.33242050986361993	3.4703429101019463	carbohydrate biosynthetic process	0.5398211019454052
GO:0033550	F	1	1080	3	8571	2.64537037037037	0.33242050986361993	3.4703429101019463	MAP kinase tyrosine phosphatase activity	0.5398211019454052
GO:1990726	C	1	1080	3	8571	2.64537037037037	0.33242050986361993	3.4703429101019463	Lsm1-7-Pat1 complex	0.5398211019454052
GO:0015075	F	1	1080	3	8571	2.64537037037037	0.33242050986361993	3.4703429101019463	monoatomic ion transmembrane transporter activity	0.5398211019454052
GO:0008093	F	1	1080	3	8571	2.64537037037037	0.33242050986361993	3.4703429101019463	cytoskeletal anchor activity	0.5398211019454052
GO:0017017	F	1	1080	3	8571	2.64537037037037	0.33242050986361993	3.4703429101019463	MAP kinase tyrosine/serine/threonine phosphatase activity	0.5398211019454052
GO:0030048	P	1	1080	3	8571	2.64537037037037	0.33242050986361993	3.4703429101019463	actin filament-based movement	0.5398211019454052
GO:0009056	P	1	1080	3	8571	2.64537037037037	0.33242050986361993	3.4703429101019463	catabolic process	0.5398211019454052
GO:0030837	P	1	1080	3	8571	2.64537037037037	0.33242050986361993	3.4703429101019463	negative regulation of actin filament polymerization	0.5398211019454052
GO:0042805	F	1	1080	3	8571	2.64537037037037	0.33242050986361993	3.4703429101019463	actinin binding	0.5398211019454052
GO:0006071	P	1	1080	3	8571	2.64537037037037	0.33242050986361993	3.4703429101019463	glycerol metabolic process	0.5398211019454052
GO:0043113	P	1	1080	3	8571	2.64537037037037	0.33242050986361993	3.4703429101019463	receptor clustering	0.5398211019454052
GO:0072384	P	1	1080	3	8571	2.64537037037037	0.33242050986361993	3.4703429101019463	organelle transport along microtubule	0.5398211019454052
GO:0007140	P	1	1080	3	8571	2.64537037037037	0.33242050986361993	3.4703429101019463	male meiotic nuclear division	0.5398211019454052
GO:0005761	C	1	1080	3	8571	2.64537037037037	0.33242050986361993	3.4703429101019463	mitochondrial ribosome	0.5398211019454052
GO:0034332	P	1	1080	3	8571	2.64537037037037	0.33242050986361993	3.4703429101019463	adherens junction organization	0.5398211019454052
GO:0019205	F	1	1080	3	8571	2.64537037037037	0.33242050986361993	3.4703429101019463	nucleobase-containing compound kinase activity	0.5398211019454052
GO:0005672	C	1	1080	3	8571	2.64537037037037	0.33242050986361993	3.4703429101019463	transcription factor TFIIA complex	0.5398211019454052
GO:0004556	F	1	1080	3	8571	2.64537037037037	0.33242050986361993	3.4703429101019463	alpha-amylase activity	0.5398211019454052
GO:0015250	F	1	1080	3	8571	2.64537037037037	0.33242050986361993	3.4703429101019463	water channel activity	0.5398211019454052
GO:0031398	P	1	1080	3	8571	2.64537037037037	0.33242050986361993	3.4703429101019463	positive regulation of protein ubiquitination	0.5398211019454052
GO:0008330	F	1	1080	3	8571	2.64537037037037	0.33242050986361993	3.4703429101019463	protein tyrosine/threonine phosphatase activity	0.5398211019454052
GO:0005121	F	1	1080	3	8571	2.64537037037037	0.33242050986361993	3.4703429101019463	Toll binding	0.5398211019454052
GO:0051879	F	1	1080	3	8571	2.64537037037037	0.33242050986361993	3.4703429101019463	Hsp90 protein binding	0.5398211019454052
GO:0015934	C	1	1080	3	8571	2.64537037037037	0.33242050986361993	3.4703429101019463	large ribosomal subunit	0.5398211019454052
GO:0031072	F	1	1080	3	8571	2.64537037037037	0.33242050986361993	3.4703429101019463	heat shock protein binding	0.5398211019454052
GO:0009395	P	1	1080	3	8571	2.64537037037037	0.33242050986361993	3.4703429101019463	phospholipid catabolic process	0.5398211019454052
GO:0061024	P	1	1080	3	8571	2.64537037037037	0.33242050986361993	3.4703429101019463	membrane organization	0.5398211019454052
GO:0004776	F	1	1080	3	8571	2.64537037037037	0.33242050986361993	3.4703429101019463	succinate-CoA ligase (GDP-forming) activity	0.5398211019454052
GO:0043169	F	1	1080	3	8571	2.64537037037037	0.33242050986361993	3.4703429101019463	cation binding	0.5398211019454052
GO:0034198	P	1	1080	3	8571	2.64537037037037	0.33242050986361993	3.4703429101019463	cellular response to amino acid starvation	0.5398211019454052
GO:0070822	C	1	1080	3	8571	2.64537037037037	0.33242050986361993	3.4703429101019463	Sin3-type complex	0.5398211019454052
GO:0009893	P	1	1080	3	8571	2.64537037037037	0.33242050986361993	3.4703429101019463	positive regulation of metabolic process	0.5398211019454052
GO:0097250	P	1	1080	3	8571	2.64537037037037	0.33242050986361993	3.4703429101019463	mitochondrial respirasome assembly	0.5398211019454052
GO:0004046	F	1	1080	3	8571	2.64537037037037	0.33242050986361993	3.4703429101019463	aminoacylase activity	0.5398211019454052
GO:0006284	P	1	1080	3	8571	2.64537037037037	0.33242050986361993	3.4703429101019463	base-excision repair	0.5398211019454052
GO:1902388	F	1	1080	3	8571	2.64537037037037	0.33242050986361993	3.4703429101019463	ceramide 1-phosphate transfer activity	0.5398211019454052
GO:0000028	P	1	1080	3	8571	2.64537037037037	0.33242050986361993	3.4703429101019463	ribosomal small subunit assembly	0.5398211019454052
GO:0017148	P	1	1080	3	8571	2.64537037037037	0.33242050986361993	3.4703429101019463	negative regulation of translation	0.5398211019454052
GO:0043232	C	1	1080	3	8571	2.64537037037037	0.33242050986361993	3.4703429101019463	intracellular membraneless organelle	0.5398211019454052
GO:0048598	P	1	1080	3	8571	2.64537037037037	0.33242050986361993	3.4703429101019463	embryonic morphogenesis	0.5398211019454052
GO:0042795	P	1	1080	3	8571	2.64537037037037	0.33242050986361993	3.4703429101019463	snRNA transcription by RNA polymerase II	0.5398211019454052
GO:0007606	P	1	1080	3	8571	2.64537037037037	0.33242050986361993	3.4703429101019463	sensory perception of chemical stimulus	0.5398211019454052
GO:0045197	P	1	1080	3	8571	2.64537037037037	0.33242050986361993	3.4703429101019463	establishment or maintenance of epithelial cell apical/basal polarity	0.5398211019454052
GO:0005797	C	1	1080	3	8571	2.64537037037037	0.33242050986361993	3.4703429101019463	Golgi medial cisterna	0.5398211019454052
GO:0003785	F	1	1080	3	8571	2.64537037037037	0.33242050986361993	3.4703429101019463	actin monomer binding	0.5398211019454052
GO:0008195	F	1	1080	3	8571	2.64537037037037	0.33242050986361993	3.4703429101019463	phosphatidate phosphatase activity	0.5398211019454052
GO:0071933	F	1	1080	3	8571	2.64537037037037	0.33242050986361993	3.4703429101019463	Arp2/3 complex binding	0.5398211019454052
GO:0061343	P	1	1080	3	8571	2.64537037037037	0.33242050986361993	3.4703429101019463	cell adhesion involved in heart morphogenesis	0.5398211019454052
GO:0008324	F	1	1080	3	8571	2.64537037037037	0.33242050986361993	3.4703429101019463	monoatomic cation transmembrane transporter activity	0.5398211019454052
GO:0008409	F	1	1080	3	8571	2.64537037037037	0.33242050986361993	3.4703429101019463	5'-3' exonuclease activity	0.5398211019454052
GO:0008509	F	1	1080	3	8571	2.64537037037037	0.33242050986361993	3.4703429101019463	monoatomic anion transmembrane transporter activity	0.5398211019454052
GO:0016891	F	1	1080	3	8571	2.64537037037037	0.33242050986361993	3.4703429101019463	RNA endonuclease activity, producing 5'-phosphomonoesters	0.5398211019454052
GO:0070180	F	1	1080	3	8571	2.64537037037037	0.33242050986361993	3.4703429101019463	large ribosomal subunit rRNA binding	0.5398211019454052
GO:0006048	P	1	1080	3	8571	2.64537037037037	0.33242050986361993	3.4703429101019463	UDP-N-acetylglucosamine biosynthetic process	0.5398211019454052
GO:0044331	P	1	1080	3	8571	2.64537037037037	0.33242050986361993	3.4703429101019463	cell-cell adhesion mediated by cadherin	0.5398211019454052
GO:0031591	P	1	1080	3	8571	2.64537037037037	0.33242050986361993	3.4703429101019463	wybutosine biosynthetic process	0.5398211019454052
GO:0005179	F	1	1080	3	8571	2.64537037037037	0.33242050986361993	3.4703429101019463	hormone activity	0.5398211019454052
GO:0036374	F	1	1080	3	8571	2.64537037037037	0.33242050986361993	3.4703429101019463	glutathione hydrolase activity	0.5398211019454052
GO:0008119	F	1	1080	3	8571	2.64537037037037	0.33242050986361993	3.4703429101019463	thiopurine S-methyltransferase activity	0.5398211019454052
GO:1990481	P	1	1080	3	8571	2.64537037037037	0.33242050986361993	3.4703429101019463	mRNA pseudouridine synthesis	0.5398211019454052
GO:0016339	P	1	1080	3	8571	2.64537037037037	0.33242050986361993	3.4703429101019463	calcium-dependent cell-cell adhesion via plasma membrane cell adhesion molecules	0.5398211019454052
GO:0005324	F	1	1080	3	8571	2.64537037037037	0.33242050986361993	3.4703429101019463	long-chain fatty acid transmembrane transporter activity	0.5398211019454052
GO:0016079	P	1	1080	3	8571	2.64537037037037	0.33242050986361993	3.4703429101019463	synaptic vesicle exocytosis	0.5398211019454052
GO:0008307	F	1	1080	3	8571	2.64537037037037	0.33242050986361993	3.4703429101019463	structural constituent of muscle	0.5398211019454052
GO:0007508	P	1	1080	3	8571	2.64537037037037	0.33242050986361993	3.4703429101019463	larval heart development	0.5398211019454052
GO:0021556	P	1	1080	3	8571	2.64537037037037	0.33242050986361993	3.4703429101019463	central nervous system formation	0.5398211019454052
GO:0097176	P	1	1080	3	8571	2.64537037037037	0.33242050986361993	3.4703429101019463	epoxide metabolic process	0.5398211019454052
GO:0036122	F	1	1080	3	8571	2.64537037037037	0.33242050986361993	3.4703429101019463	BMP binding	0.5398211019454052
GO:0033627	P	1	1080	3	8571	2.64537037037037	0.33242050986361993	3.4703429101019463	cell adhesion mediated by integrin	0.5398211019454052
GO:0090385	P	1	1080	3	8571	2.64537037037037	0.33242050986361993	3.4703429101019463	phagosome-lysosome fusion	0.5398211019454052
GO:0070534	P	1	1080	3	8571	2.64537037037037	0.33242050986361993	3.4703429101019463	protein K63-linked ubiquitination	0.5398211019454052
GO:0006811	P	1	1080	3	8571	2.64537037037037	0.33242050986361993	3.4703429101019463	monoatomic ion transport	0.5398211019454052
GO:0047555	F	1	1080	3	8571	2.64537037037037	0.33242050986361993	3.4703429101019463	3',5'-cyclic-GMP phosphodiesterase activity	0.5398211019454052
GO:0071596	P	1	1080	3	8571	2.64537037037037	0.33242050986361993	3.4703429101019463	ubiquitin-dependent protein catabolic process via the N-end rule pathway	0.5398211019454052
GO:0006620	P	1	1080	3	8571	2.64537037037037	0.33242050986361993	3.4703429101019463	post-translational protein targeting to endoplasmic reticulum membrane	0.5398211019454052
GO:0008360	P	1	1080	3	8571	2.64537037037037	0.33242050986361993	3.4703429101019463	regulation of cell shape	0.5398211019454052
GO:0031416	C	1	1080	3	8571	2.64537037037037	0.33242050986361993	3.4703429101019463	NatB complex	0.5398211019454052
GO:0030915	C	1	1080	3	8571	2.64537037037037	0.33242050986361993	3.4703429101019463	Smc5-Smc6 complex	0.5398211019454052
GO:0031573	P	1	1080	3	8571	2.64537037037037	0.33242050986361993	3.4703429101019463	mitotic intra-S DNA damage checkpoint signaling	0.5398211019454052
GO:0060537	P	1	1080	3	8571	2.64537037037037	0.33242050986361993	3.4703429101019463	muscle tissue development	0.5398211019454052
GO:0004791	F	1	1080	3	8571	2.64537037037037	0.33242050986361993	3.4703429101019463	thioredoxin-disulfide reductase (NADPH) activity	0.5398211019454052
GO:0031526	C	1	1080	3	8571	2.64537037037037	0.33242050986361993	3.4703429101019463	brush border membrane	0.5398211019454052
GO:0008305	C	1	1080	3	8571	2.64537037037037	0.33242050986361993	3.4703429101019463	integrin complex	0.5398211019454052
GO:0005901	C	1	1080	3	8571	2.64537037037037	0.33242050986361993	3.4703429101019463	caveola	0.5398211019454052
GO:0051010	F	1	1080	3	8571	2.64537037037037	0.33242050986361993	3.4703429101019463	microtubule plus-end binding	0.5398211019454052
GO:0004176	F	1	1080	3	8571	2.64537037037037	0.33242050986361993	3.4703429101019463	ATP-dependent peptidase activity	0.5398211019454052
GO:1902387	F	1	1080	3	8571	2.64537037037037	0.33242050986361993	3.4703429101019463	ceramide 1-phosphate binding	0.5398211019454052
GO:0032006	P	1	1080	3	8571	2.64537037037037	0.33242050986361993	3.4703429101019463	regulation of TOR signaling	0.5398211019454052
GO:0003993	F	1	1080	3	8571	2.64537037037037	0.33242050986361993	3.4703429101019463	acid phosphatase activity	0.5398211019454052
GO:0007043	P	1	1080	3	8571	2.64537037037037	0.33242050986361993	3.4703429101019463	cell-cell junction assembly	0.5398211019454052
GO:0035256	F	1	1080	3	8571	2.64537037037037	0.33242050986361993	3.4703429101019463	G protein-coupled glutamate receptor binding	0.5398211019454052
GO:0016279	F	1	1080	3	8571	2.64537037037037	0.33242050986361993	3.4703429101019463	protein-lysine N-methyltransferase activity	0.5398211019454052
GO:0016540	P	1	1080	3	8571	2.64537037037037	0.33242050986361993	3.4703429101019463	protein autoprocessing	0.5398211019454052
GO:0003827	F	1	1080	3	8571	2.64537037037037	0.33242050986361993	3.4703429101019463	alpha-1,3-mannosylglycoprotein 2-beta-N-acetylglucosaminyltransferase activity	0.5398211019454052
GO:0016042	P	9	1080	60	8571	1.1904166666666667	0.34160669839463964	1.225902125556105	lipid catabolic process	0.5540486750082215
GO:0004386	F	6	1080	38	8571	1.2530701754385964	0.3439454674978508	1.302199720670391	helicase activity	0.5571489312014876
GO:0005524	F	90	1080	685	8571	1.0427007299270075	0.3471429178027592	1.0536287242169595	ATP binding	0.5616307255766724
GO:0007165	P	12	1080	83	8571	1.1473895582329317	0.3513504142712789	1.1742364298148442	signal transduction	0.5677335070752759
GO:0004843	F	4	1080	24	8571	1.322685185185185	0.3581854956961057	1.3886617100371748	cysteine-type deubiquitinase activity	0.5775968326906831
GO:0008017	F	7	1080	46	8571	1.207669082125604	0.3583403662935296	1.2465409706789017	microtubule binding	0.5775968326906831
GO:0005044	F	3	1080	17	8571	1.4004901960784313	0.3640152348602592	1.4876641464385196	scavenger receptor activity	0.5790585477673376
GO:0019843	F	3	1080	17	8571	1.4004901960784313	0.3640152348602592	1.4876641464385196	rRNA binding	0.5790585477673376
GO:0006006	P	3	1080	17	8571	1.4004901960784313	0.3640152348602592	1.4876641464385196	glucose metabolic process	0.5790585477673376
GO:0035064	F	2	1080	10	8571	1.587222222222222	0.3650200354791039	1.7353896103896105	methylated histone binding	0.5790585477673376
GO:0060070	P	2	1080	10	8571	1.587222222222222	0.3650200354791039	1.7353896103896105	canonical Wnt signaling pathway	0.5790585477673376
GO:0045296	F	2	1080	10	8571	1.587222222222222	0.3650200354791039	1.7353896103896105	cadherin binding	0.5790585477673376
GO:0006950	P	2	1080	10	8571	1.587222222222222	0.3650200354791039	1.7353896103896105	response to stress	0.5790585477673376
GO:0006289	P	2	1080	10	8571	1.587222222222222	0.3650200354791039	1.7353896103896105	nucleotide-excision repair	0.5790585477673376
GO:0008146	F	2	1080	10	8571	1.587222222222222	0.3650200354791039	1.7353896103896105	sulfotransferase activity	0.5790585477673376
GO:0005758	C	2	1080	10	8571	1.587222222222222	0.3650200354791039	1.7353896103896105	mitochondrial intermembrane space	0.5790585477673376
GO:0022008	P	2	1080	10	8571	1.587222222222222	0.3650200354791039	1.7353896103896105	neurogenesis	0.5790585477673376
GO:0045165	P	2	1080	10	8571	1.587222222222222	0.3650200354791039	1.7353896103896105	cell fate commitment	0.5790585477673376
GO:0042995	C	2	1080	10	8571	1.587222222222222	0.3650200354791039	1.7353896103896105	cell projection	0.5790585477673376
GO:0008168	F	6	1080	39	8571	1.2209401709401708	0.36758759097510285	1.2625698324022345	methyltransferase activity	0.5817162847470074
GO:0042277	F	6	1080	39	8571	1.2209401709401708	0.36758759097510285	1.2625698324022345	peptide binding	0.5817162847470074
GO:0000785	C	6	1080	40	8571	1.1904166666666665	0.39129279532288797	1.225271114032205	chromatin	0.6042338346590956
GO:0007015	P	3	1080	18	8571	1.322685185185185	0.40013952986615575	1.388300835654596	actin filament organization	0.6042338346590956
GO:0007602	P	3	1080	18	8571	1.322685185185185	0.40013952986615575	1.388300835654596	phototransduction	0.6042338346590956
GO:0005777	C	7	1080	48	8571	1.157349537037037	0.40171686137376705	1.1854158616143478	peroxisome	0.6042338346590956
GO:0012505	C	11	1080	79	8571	1.105028129395218	0.41057386110534877	1.1232735376657679	endomembrane system	0.6042338346590956
GO:0005763	C	2	1080	11	8571	1.442929292929293	0.4122978095312185	1.5423623995052567	mitochondrial small ribosomal subunit	0.6042338346590956
GO:0000124	C	2	1080	11	8571	1.442929292929293	0.4122978095312185	1.5423623995052567	SAGA complex	0.6042338346590956
GO:0005770	C	2	1080	11	8571	1.442929292929293	0.4122978095312185	1.5423623995052567	late endosome	0.6042338346590956
GO:0030150	P	2	1080	11	8571	1.442929292929293	0.4122978095312185	1.5423623995052567	protein import into mitochondrial matrix	0.6042338346590956
GO:0030672	C	2	1080	11	8571	1.442929292929293	0.4122978095312185	1.5423623995052567	synaptic vesicle membrane	0.6042338346590956
GO:0043130	F	2	1080	11	8571	1.442929292929293	0.4122978095312185	1.5423623995052567	ubiquitin binding	0.6042338346590956
GO:0051209	P	2	1080	11	8571	1.442929292929293	0.4122978095312185	1.5423623995052567	release of sequestered calcium ion into cytosol	0.6042338346590956
GO:0004535	F	1	1080	4	8571	1.9840277777777777	0.41656918509089486	2.3132530120481927	poly(A)-specific ribonuclease activity	0.6042338346590956
GO:0008333	P	1	1080	4	8571	1.9840277777777777	0.41656918509089486	2.3132530120481927	endosome to lysosome transport	0.6042338346590956
GO:0050821	P	1	1080	4	8571	1.9840277777777777	0.41656918509089486	2.3132530120481927	protein stabilization	0.6042338346590956
GO:0003953	F	1	1080	4	8571	1.9840277777777777	0.41656918509089486	2.3132530120481927	NAD+ nucleosidase activity	0.6042338346590956
GO:0015501	F	1	1080	4	8571	1.9840277777777777	0.41656918509089486	2.3132530120481927	glutamate:sodium symporter activity	0.6042338346590956
GO:0000460	P	1	1080	4	8571	1.9840277777777777	0.41656918509089486	2.3132530120481927	maturation of 5.8S rRNA	0.6042338346590956
GO:0004709	F	1	1080	4	8571	1.9840277777777777	0.41656918509089486	2.3132530120481927	MAP kinase kinase kinase activity	0.6042338346590956
GO:0006004	P	1	1080	4	8571	1.9840277777777777	0.41656918509089486	2.3132530120481927	fucose metabolic process	0.6042338346590956
GO:0090374	P	1	1080	4	8571	1.9840277777777777	0.41656918509089486	2.3132530120481927	oligopeptide export from mitochondrion	0.6042338346590956
GO:0007064	P	1	1080	4	8571	1.9840277777777777	0.41656918509089486	2.3132530120481927	mitotic sister chromatid cohesion	0.6042338346590956
GO:0048678	P	1	1080	4	8571	1.9840277777777777	0.41656918509089486	2.3132530120481927	response to axon injury	0.6042338346590956
GO:0031080	C	1	1080	4	8571	1.9840277777777777	0.41656918509089486	2.3132530120481927	nuclear pore outer ring	0.6042338346590956
GO:0005787	C	1	1080	4	8571	1.9840277777777777	0.41656918509089486	2.3132530120481927	signal peptidase complex	0.6042338346590956
GO:0005335	F	1	1080	4	8571	1.9840277777777777	0.41656918509089486	2.3132530120481927	serotonin:sodium:chloride symporter activity	0.6042338346590956
GO:0045335	C	1	1080	4	8571	1.9840277777777777	0.41656918509089486	2.3132530120481927	phagocytic vesicle	0.6042338346590956
GO:0003689	F	1	1080	4	8571	1.9840277777777777	0.41656918509089486	2.3132530120481927	DNA clamp loader activity	0.6042338346590956
GO:0006893	P	1	1080	4	8571	1.9840277777777777	0.41656918509089486	2.3132530120481927	Golgi to plasma membrane transport	0.6042338346590956
GO:0051231	P	1	1080	4	8571	1.9840277777777777	0.41656918509089486	2.3132530120481927	spindle elongation	0.6042338346590956
GO:0004596	F	1	1080	4	8571	1.9840277777777777	0.41656918509089486	2.3132530120481927	protein-N-terminal amino-acid acetyltransferase activity	0.6042338346590956
GO:0004806	F	1	1080	4	8571	1.9840277777777777	0.41656918509089486	2.3132530120481927	triacylglycerol lipase activity	0.6042338346590956
GO:0004563	F	1	1080	4	8571	1.9840277777777777	0.41656918509089486	2.3132530120481927	beta-N-acetylhexosaminidase activity	0.6042338346590956
GO:0006582	P	1	1080	4	8571	1.9840277777777777	0.41656918509089486	2.3132530120481927	melanin metabolic process	0.6042338346590956
GO:0042734	C	1	1080	4	8571	1.9840277777777777	0.41656918509089486	2.3132530120481927	presynaptic membrane	0.6042338346590956
GO:0001725	C	1	1080	4	8571	1.9840277777777777	0.41656918509089486	2.3132530120481927	stress fiber	0.6042338346590956
GO:0035721	P	1	1080	4	8571	1.9840277777777777	0.41656918509089486	2.3132530120481927	intraciliary retrograde transport	0.6042338346590956
GO:0005881	C	1	1080	4	8571	1.9840277777777777	0.41656918509089486	2.3132530120481927	cytoplasmic microtubule	0.6042338346590956
GO:0032418	P	1	1080	4	8571	1.9840277777777777	0.41656918509089486	2.3132530120481927	lysosome localization	0.6042338346590956
GO:0004503	F	1	1080	4	8571	1.9840277777777777	0.41656918509089486	2.3132530120481927	tyrosinase activity	0.6042338346590956
GO:0030943	F	1	1080	4	8571	1.9840277777777777	0.41656918509089486	2.3132530120481927	mitochondrion targeting sequence binding	0.6042338346590956
GO:0042073	P	1	1080	4	8571	1.9840277777777777	0.41656918509089486	2.3132530120481927	intraciliary transport	0.6042338346590956
GO:0015175	F	1	1080	4	8571	1.9840277777777777	0.41656918509089486	2.3132530120481927	neutral L-amino acid transmembrane transporter activity	0.6042338346590956
GO:0045039	P	1	1080	4	8571	1.9840277777777777	0.41656918509089486	2.3132530120481927	protein insertion into mitochondrial inner membrane	0.6042338346590956
GO:0034128	P	1	1080	4	8571	1.9840277777777777	0.41656918509089486	2.3132530120481927	negative regulation of MyD88-independent toll-like receptor signaling pathway	0.6042338346590956
GO:0035097	C	1	1080	4	8571	1.9840277777777777	0.41656918509089486	2.3132530120481927	histone methyltransferase complex	0.6042338346590956
GO:0031640	P	1	1080	4	8571	1.9840277777777777	0.41656918509089486	2.3132530120481927	killing of cells of another organism	0.6042338346590956
GO:0006691	P	1	1080	4	8571	1.9840277777777777	0.41656918509089486	2.3132530120481927	leukotriene metabolic process	0.6042338346590956
GO:0008202	P	1	1080	4	8571	1.9840277777777777	0.41656918509089486	2.3132530120481927	steroid metabolic process	0.6042338346590956
GO:0016281	C	1	1080	4	8571	1.9840277777777777	0.41656918509089486	2.3132530120481927	eukaryotic translation initiation factor 4F complex	0.6042338346590956
GO:0031965	C	1	1080	4	8571	1.9840277777777777	0.41656918509089486	2.3132530120481927	nuclear membrane	0.6042338346590956
GO:0001654	P	1	1080	4	8571	1.9840277777777777	0.41656918509089486	2.3132530120481927	eye development	0.6042338346590956
GO:0004377	F	1	1080	4	8571	1.9840277777777777	0.41656918509089486	2.3132530120481927	GDP-Man:Man3GlcNAc2-PP-Dol alpha-1,2-mannosyltransferase activity	0.6042338346590956
GO:0140326	F	1	1080	4	8571	1.9840277777777777	0.41656918509089486	2.3132530120481927	ATPase-coupled intramembrane lipid transporter activity	0.6042338346590956
GO:0006400	P	1	1080	4	8571	1.9840277777777777	0.41656918509089486	2.3132530120481927	tRNA modification	0.6042338346590956
GO:0099078	C	1	1080	4	8571	1.9840277777777777	0.41656918509089486	2.3132530120481927	BORC complex	0.6042338346590956
GO:0007605	P	1	1080	4	8571	1.9840277777777777	0.41656918509089486	2.3132530120481927	sensory perception of sound	0.6042338346590956
GO:0006402	P	1	1080	4	8571	1.9840277777777777	0.41656918509089486	2.3132530120481927	mRNA catabolic process	0.6042338346590956
GO:0000159	C	1	1080	4	8571	1.9840277777777777	0.41656918509089486	2.3132530120481927	protein phosphatase type 2A complex	0.6042338346590956
GO:0032588	C	1	1080	4	8571	1.9840277777777777	0.41656918509089486	2.3132530120481927	trans-Golgi network membrane	0.6042338346590956
GO:0007220	P	1	1080	4	8571	1.9840277777777777	0.41656918509089486	2.3132530120481927	Notch receptor processing	0.6042338346590956
GO:0005964	C	1	1080	4	8571	1.9840277777777777	0.41656918509089486	2.3132530120481927	phosphorylase kinase complex	0.6042338346590956
GO:0002039	F	1	1080	4	8571	1.9840277777777777	0.41656918509089486	2.3132530120481927	p53 binding	0.6042338346590956
GO:0004703	F	1	1080	4	8571	1.9840277777777777	0.41656918509089486	2.3132530120481927	G protein-coupled receptor kinase activity	0.6042338346590956
GO:0030141	C	1	1080	4	8571	1.9840277777777777	0.41656918509089486	2.3132530120481927	secretory granule	0.6042338346590956
GO:0005977	P	1	1080	4	8571	1.9840277777777777	0.41656918509089486	2.3132530120481927	glycogen metabolic process	0.6042338346590956
GO:0032456	P	1	1080	4	8571	1.9840277777777777	0.41656918509089486	2.3132530120481927	endocytic recycling	0.6042338346590956
GO:0034982	P	1	1080	4	8571	1.9840277777777777	0.41656918509089486	2.3132530120481927	mitochondrial protein processing	0.6042338346590956
GO:0005744	C	1	1080	4	8571	1.9840277777777777	0.41656918509089486	2.3132530120481927	TIM23 mitochondrial import inner membrane translocase complex	0.6042338346590956
GO:0005251	F	1	1080	4	8571	1.9840277777777777	0.41656918509089486	2.3132530120481927	delayed rectifier potassium channel activity	0.6042338346590956
GO:0016998	P	1	1080	4	8571	1.9840277777777777	0.41656918509089486	2.3132530120481927	cell wall macromolecule catabolic process	0.6042338346590956
GO:0019888	F	1	1080	4	8571	1.9840277777777777	0.41656918509089486	2.3132530120481927	protein phosphatase regulator activity	0.6042338346590956
GO:0000145	C	1	1080	4	8571	1.9840277777777777	0.41656918509089486	2.3132530120481927	exocyst	0.6042338346590956
GO:0048646	P	1	1080	4	8571	1.9840277777777777	0.41656918509089486	2.3132530120481927	anatomical structure formation involved in morphogenesis	0.6042338346590956
GO:0034315	P	1	1080	4	8571	1.9840277777777777	0.41656918509089486	2.3132530120481927	regulation of Arp2/3 complex-mediated actin nucleation	0.6042338346590956
GO:0003779	F	5	1080	34	8571	1.1670751633986929	0.43012785549220806	1.1967923015236568	actin binding	0.6232074706242658
GO:0006979	P	3	1080	19	8571	1.2530701754385964	0.43566196446771044	1.301357938718663	response to oxidative stress	0.629128684015387
GO:0005544	F	3	1080	19	8571	1.2530701754385964	0.43566196446771044	1.301357938718663	calcium-dependent phospholipid binding	0.629128684015387
GO:0004090	F	3	1080	19	8571	1.2530701754385964	0.43566196446771044	1.301357938718663	carbonyl reductase (NADPH) activity	0.629128684015387
GO:0071949	F	4	1080	27	8571	1.1757201646090534	0.4480354195018795	1.207047034103766	FAD binding	0.6455670574922109
GO:0030170	F	4	1080	27	8571	1.1757201646090534	0.4480354195018795	1.207047034103766	pyridoxal phosphate binding	0.6455670574922109
GO:0030246	F	5	1080	35	8571	1.1337301587301587	0.45609436706240647	1.1567441860465115	carbohydrate binding	0.6488166294710723
GO:0000045	P	2	1080	12	8571	1.322685185185185	0.45775406373725963	1.3879406307977737	autophagosome assembly	0.6488166294710723
GO:0006506	P	2	1080	12	8571	1.322685185185185	0.45775406373725963	1.3879406307977737	GPI anchor biosynthetic process	0.6488166294710723
GO:0031123	P	2	1080	12	8571	1.322685185185185	0.45775406373725963	1.3879406307977737	RNA 3'-end processing	0.6488166294710723
GO:0005283	F	2	1080	12	8571	1.322685185185185	0.45775406373725963	1.3879406307977737	amino acid:sodium symporter activity	0.6488166294710723
GO:0015271	F	2	1080	12	8571	1.322685185185185	0.45775406373725963	1.3879406307977737	outward rectifier potassium channel activity	0.6488166294710723
GO:0030322	P	2	1080	12	8571	1.322685185185185	0.45775406373725963	1.3879406307977737	stabilization of membrane potential	0.6488166294710723
GO:0089718	P	2	1080	12	8571	1.322685185185185	0.45775406373725963	1.3879406307977737	amino acid import across plasma membrane	0.6488166294710723
GO:0022841	F	2	1080	12	8571	1.322685185185185	0.45775406373725963	1.3879406307977737	potassium ion leak channel activity	0.6488166294710723
GO:0006898	P	2	1080	12	8571	1.322685185185185	0.45775406373725963	1.3879406307977737	receptor-mediated endocytosis	0.6488166294710723
GO:0006814	P	2	1080	12	8571	1.322685185185185	0.45775406373725963	1.3879406307977737	sodium ion transport	0.6488166294710723
GO:0001664	F	2	1080	12	8571	1.322685185185185	0.45775406373725963	1.3879406307977737	G protein-coupled receptor binding	0.6488166294710723
GO:0003006	P	2	1080	12	8571	1.322685185185185	0.45775406373725963	1.3879406307977737	developmental process involved in reproduction	0.6488166294710723
GO:0007219	P	2	1080	12	8571	1.322685185185185	0.45775406373725963	1.3879406307977737	Notch signaling pathway	0.6488166294710723
GO:0048015	P	2	1080	12	8571	1.322685185185185	0.45775406373725963	1.3879406307977737	phosphatidylinositol-mediated signaling	0.6488166294710723
GO:0008289	F	3	1080	20	8571	1.1904166666666665	0.4703636769965018	1.2246436178928395	lipid binding	0.6514941766046168
GO:0009887	P	3	1080	20	8571	1.1904166666666665	0.4703636769965018	1.2246436178928395	animal organ morphogenesis	0.6514941766046168
GO:0031012	C	7	1080	52	8571	1.0683226495726494	0.48772039494533437	1.0794656725691207	extracellular matrix	0.6514941766046168
GO:0043161	P	8	1080	60	8571	1.0581481481481483	0.4899036887377263	1.0675947187141217	proteasome-mediated ubiquitin-dependent protein catabolic process	0.6514941766046168
GO:0017136	F	1	1080	5	8571	1.587222222222222	0.49011946874933215	1.734708063021316	histone deacetylase activity, NAD-dependent	0.6514941766046168
GO:0030018	C	1	1080	5	8571	1.587222222222222	0.49011946874933215	1.734708063021316	Z disc	0.6514941766046168
GO:0098554	C	1	1080	5	8571	1.587222222222222	0.49011946874933215	1.734708063021316	cytoplasmic side of endoplasmic reticulum membrane	0.6514941766046168
GO:0015421	F	1	1080	5	8571	1.587222222222222	0.49011946874933215	1.734708063021316	ABC-type oligopeptide transporter activity	0.6514941766046168
GO:0032012	P	1	1080	5	8571	1.587222222222222	0.49011946874933215	1.734708063021316	regulation of ARF protein signal transduction	0.6514941766046168
GO:0008201	F	1	1080	5	8571	1.587222222222222	0.49011946874933215	1.734708063021316	heparin binding	0.6514941766046168
GO:0042500	F	1	1080	5	8571	1.587222222222222	0.49011946874933215	1.734708063021316	aspartic endopeptidase activity, intramembrane cleaving	0.6514941766046168
GO:0006123	P	1	1080	5	8571	1.587222222222222	0.49011946874933215	1.734708063021316	mitochondrial electron transport, cytochrome c to oxygen	0.6514941766046168
GO:0004029	F	1	1080	5	8571	1.587222222222222	0.49011946874933215	1.734708063021316	aldehyde dehydrogenase (NAD+) activity	0.6514941766046168
GO:0061512	P	1	1080	5	8571	1.587222222222222	0.49011946874933215	1.734708063021316	protein localization to cilium	0.6514941766046168
GO:0030134	C	1	1080	5	8571	1.587222222222222	0.49011946874933215	1.734708063021316	COPII-coated ER to Golgi transport vesicle	0.6514941766046168
GO:0045271	C	1	1080	5	8571	1.587222222222222	0.49011946874933215	1.734708063021316	respiratory chain complex I	0.6514941766046168
GO:0015485	F	1	1080	5	8571	1.587222222222222	0.49011946874933215	1.734708063021316	cholesterol binding	0.6514941766046168
GO:0009225	P	1	1080	5	8571	1.587222222222222	0.49011946874933215	1.734708063021316	nucleotide-sugar metabolic process	0.6514941766046168
GO:0009314	P	1	1080	5	8571	1.587222222222222	0.49011946874933215	1.734708063021316	response to radiation	0.6514941766046168
GO:0009306	P	1	1080	5	8571	1.587222222222222	0.49011946874933215	1.734708063021316	protein secretion	0.6514941766046168
GO:0000987	F	1	1080	5	8571	1.587222222222222	0.49011946874933215	1.734708063021316	cis-regulatory region sequence-specific DNA binding	0.6514941766046168
GO:0032968	P	1	1080	5	8571	1.587222222222222	0.49011946874933215	1.734708063021316	positive regulation of transcription elongation by RNA polymerase II	0.6514941766046168
GO:0006906	P	1	1080	5	8571	1.587222222222222	0.49011946874933215	1.734708063021316	vesicle fusion	0.6514941766046168
GO:0048812	P	1	1080	5	8571	1.587222222222222	0.49011946874933215	1.734708063021316	neuron projection morphogenesis	0.6514941766046168
GO:0016538	F	1	1080	5	8571	1.587222222222222	0.49011946874933215	1.734708063021316	cyclin-dependent protein serine/threonine kinase regulator activity	0.6514941766046168
GO:0003841	F	1	1080	5	8571	1.587222222222222	0.49011946874933215	1.734708063021316	1-acylglycerol-3-phosphate O-acyltransferase activity	0.6514941766046168
GO:0008203	P	1	1080	5	8571	1.587222222222222	0.49011946874933215	1.734708063021316	cholesterol metabolic process	0.6514941766046168
GO:0033619	P	1	1080	5	8571	1.587222222222222	0.49011946874933215	1.734708063021316	membrane protein proteolysis	0.6514941766046168
GO:0034993	C	1	1080	5	8571	1.587222222222222	0.49011946874933215	1.734708063021316	meiotic nuclear membrane microtubule tethering complex	0.6514941766046168
GO:0008198	F	1	1080	5	8571	1.587222222222222	0.49011946874933215	1.734708063021316	ferrous iron binding	0.6514941766046168
GO:1902975	P	1	1080	5	8571	1.587222222222222	0.49011946874933215	1.734708063021316	mitotic DNA replication initiation	0.6514941766046168
GO:0042254	P	1	1080	5	8571	1.587222222222222	0.49011946874933215	1.734708063021316	ribosome biogenesis	0.6514941766046168
GO:0043015	F	1	1080	5	8571	1.587222222222222	0.49011946874933215	1.734708063021316	gamma-tubulin binding	0.6514941766046168
GO:0044782	P	1	1080	5	8571	1.587222222222222	0.49011946874933215	1.734708063021316	cilium organization	0.6514941766046168
GO:0006865	P	1	1080	5	8571	1.587222222222222	0.49011946874933215	1.734708063021316	amino acid transport	0.6514941766046168
GO:0045047	P	1	1080	5	8571	1.587222222222222	0.49011946874933215	1.734708063021316	protein targeting to ER	0.6514941766046168
GO:0015018	F	1	1080	5	8571	1.587222222222222	0.49011946874933215	1.734708063021316	galactosylgalactosylxylosylprotein 3-beta-glucuronosyltransferase activity	0.6514941766046168
GO:0000974	C	1	1080	5	8571	1.587222222222222	0.49011946874933215	1.734708063021316	Prp19 complex	0.6514941766046168
GO:0032502	P	1	1080	5	8571	1.587222222222222	0.49011946874933215	1.734708063021316	developmental process	0.6514941766046168
GO:0008253	F	1	1080	5	8571	1.587222222222222	0.49011946874933215	1.734708063021316	5'-nucleotidase activity	0.6514941766046168
GO:0098553	C	1	1080	5	8571	1.587222222222222	0.49011946874933215	1.734708063021316	lumenal side of endoplasmic reticulum membrane	0.6514941766046168
GO:0016818	F	1	1080	5	8571	1.587222222222222	0.49011946874933215	1.734708063021316	hydrolase activity, acting on acid anhydrides, in phosphorus-containing anhydrides	0.6514941766046168
GO:0000407	C	1	1080	5	8571	1.587222222222222	0.49011946874933215	1.734708063021316	phagophore assembly site	0.6514941766046168
GO:0042826	F	1	1080	5	8571	1.587222222222222	0.49011946874933215	1.734708063021316	histone deacetylase binding	0.6514941766046168
GO:0006309	P	1	1080	5	8571	1.587222222222222	0.49011946874933215	1.734708063021316	apoptotic DNA fragmentation	0.6514941766046168
GO:0030674	F	1	1080	5	8571	1.587222222222222	0.49011946874933215	1.734708063021316	protein-macromolecule adaptor activity	0.6514941766046168
GO:0033017	C	1	1080	5	8571	1.587222222222222	0.49011946874933215	1.734708063021316	sarcoplasmic reticulum membrane	0.6514941766046168
GO:1990966	P	1	1080	5	8571	1.587222222222222	0.49011946874933215	1.734708063021316	ATP generation from poly-ADP-D-ribose	0.6514941766046168
GO:0006627	P	1	1080	5	8571	1.587222222222222	0.49011946874933215	1.734708063021316	protein processing involved in protein targeting to mitochondrion	0.6514941766046168
GO:0008023	C	1	1080	5	8571	1.587222222222222	0.49011946874933215	1.734708063021316	transcription elongation factor complex	0.6514941766046168
GO:0007034	P	1	1080	5	8571	1.587222222222222	0.49011946874933215	1.734708063021316	vacuolar transport	0.6514941766046168
GO:0007200	P	1	1080	5	8571	1.587222222222222	0.49011946874933215	1.734708063021316	phospholipase C-activating G protein-coupled receptor signaling pathway	0.6514941766046168
GO:0009968	P	1	1080	5	8571	1.587222222222222	0.49011946874933215	1.734708063021316	negative regulation of signal transduction	0.6514941766046168
GO:0034314	P	1	1080	5	8571	1.587222222222222	0.49011946874933215	1.734708063021316	Arp2/3 complex-mediated actin nucleation	0.6514941766046168
GO:0005942	C	1	1080	5	8571	1.587222222222222	0.49011946874933215	1.734708063021316	phosphatidylinositol 3-kinase complex	0.6514941766046168
GO:0005902	C	1	1080	5	8571	1.587222222222222	0.49011946874933215	1.734708063021316	microvillus	0.6514941766046168
GO:0044877	F	1	1080	5	8571	1.587222222222222	0.49011946874933215	1.734708063021316	protein-containing complex binding	0.6514941766046168
GO:0005452	F	1	1080	5	8571	1.587222222222222	0.49011946874933215	1.734708063021316	solute:inorganic anion antiporter activity	0.6514941766046168
GO:0005178	F	1	1080	5	8571	1.587222222222222	0.49011946874933215	1.734708063021316	integrin binding	0.6514941766046168
GO:0071277	P	1	1080	5	8571	1.587222222222222	0.49011946874933215	1.734708063021316	cellular response to calcium ion	0.6514941766046168
GO:0034599	P	1	1080	5	8571	1.587222222222222	0.49011946874933215	1.734708063021316	cellular response to oxidative stress	0.6514941766046168
GO:0006334	P	2	1080	13	8571	1.2209401709401708	0.5010970504135358	1.261595547309833	nucleosome assembly	0.6654078958648174
GO:0005509	F	20	1080	156	8571	1.0174501424501423	0.503495553607779	1.0203940066592674	calcium ion binding	0.6673101733045915
GO:0003755	F	3	1080	21	8571	1.1337301587301587	0.5040648164915817	1.1564531104921076	peptidyl-prolyl cis-trans isomerase activity	0.6673101733045915
GO:0016324	C	3	1080	21	8571	1.1337301587301587	0.5040648164915817	1.1564531104921076	apical plasma membrane	0.6673101733045915
GO:0016192	P	4	1080	29	8571	1.0946360153256705	0.5057208518400339	1.110185873605948	vesicle-mediated transport	0.6688235200805316
GO:0004867	F	5	1080	37	8571	1.0724474474474475	0.5069163832343464	1.084156976744186	serine-type endopeptidase inhibitor activity	0.669047534147356
GO:0016485	P	5	1080	37	8571	1.0724474474474475	0.5069163832343464	1.084156976744186	protein processing	0.669047534147356
GO:0007156	P	4	1080	30	8571	1.0581481481481483	0.5335398510484852	1.067343437231913	homophilic cell adhesion via plasma membrane adhesion molecules	0.6984968980101065
GO:0030182	P	4	1080	30	8571	1.0581481481481483	0.5335398510484852	1.067343437231913	neuron differentiation	0.6984968980101065
GO:0016579	P	3	1080	22	8571	1.0821969696969698	0.5366214242132273	1.0954405512388212	protein deubiquitination	0.6984968980101065
GO:0045202	C	2	1080	14	8571	1.1337301587301587	0.5421373248585104	1.1563079777365493	synapse	0.6984968980101065
GO:0005125	F	2	1080	14	8571	1.1337301587301587	0.5421373248585104	1.1563079777365493	cytokine activity	0.6984968980101065
GO:0004016	F	2	1080	14	8571	1.1337301587301587	0.5421373248585104	1.1563079777365493	adenylate cyclase activity	0.6984968980101065
GO:0000977	F	7	1080	55	8571	1.010050505050505	0.5497744391975856	1.0115913327120223	RNA polymerase II transcription regulatory region sequence-specific DNA binding	0.6984968980101065
GO:0008131	F	1	1080	6	8571	1.322685185185185	0.5544051299390033	1.38758109360519	primary methylamine oxidase activity	0.6984968980101065
GO:0004315	F	1	1080	6	8571	1.322685185185185	0.5544051299390033	1.38758109360519	3-oxoacyl-[acyl-carrier-protein] synthase activity	0.6984968980101065
GO:0016746	F	1	1080	6	8571	1.322685185185185	0.5544051299390033	1.38758109360519	acyltransferase activity	0.6984968980101065
GO:0035167	P	1	1080	6	8571	1.322685185185185	0.5544051299390033	1.38758109360519	larval lymph gland hemopoiesis	0.6984968980101065
GO:0001522	P	1	1080	6	8571	1.322685185185185	0.5544051299390033	1.38758109360519	pseudouridine synthesis	0.6984968980101065
GO:0017116	F	1	1080	6	8571	1.322685185185185	0.5544051299390033	1.38758109360519	single-stranded DNA helicase activity	0.6984968980101065
GO:0000146	F	1	1080	6	8571	1.322685185185185	0.5544051299390033	1.38758109360519	microfilament motor activity	0.6984968980101065
GO:0017147	F	1	1080	6	8571	1.322685185185185	0.5544051299390033	1.38758109360519	Wnt-protein binding	0.6984968980101065
GO:0016199	P	1	1080	6	8571	1.322685185185185	0.5544051299390033	1.38758109360519	axon midline choice point recognition	0.6984968980101065
GO:0004653	F	1	1080	6	8571	1.322685185185185	0.5544051299390033	1.38758109360519	polypeptide N-acetylgalactosaminyltransferase activity	0.6984968980101065
GO:0042800	F	1	1080	6	8571	1.322685185185185	0.5544051299390033	1.38758109360519	histone H3K4 methyltransferase activity	0.6984968980101065
GO:0042802	F	1	1080	6	8571	1.322685185185185	0.5544051299390033	1.38758109360519	identical protein binding	0.6984968980101065
GO:0004602	F	1	1080	6	8571	1.322685185185185	0.5544051299390033	1.38758109360519	glutathione peroxidase activity	0.6984968980101065
GO:0045467	P	1	1080	6	8571	1.322685185185185	0.5544051299390033	1.38758109360519	R7 cell development	0.6984968980101065
GO:0017108	F	1	1080	6	8571	1.322685185185185	0.5544051299390033	1.38758109360519	5'-flap endonuclease activity	0.6984968980101065
GO:0000922	C	1	1080	6	8571	1.322685185185185	0.5544051299390033	1.38758109360519	spindle pole	0.6984968980101065
GO:0006282	P	1	1080	6	8571	1.322685185185185	0.5544051299390033	1.38758109360519	regulation of DNA repair	0.6984968980101065
GO:0008406	P	1	1080	6	8571	1.322685185185185	0.5544051299390033	1.38758109360519	gonad development	0.6984968980101065
GO:0004649	F	1	1080	6	8571	1.322685185185185	0.5544051299390033	1.38758109360519	poly(ADP-ribose) glycohydrolase activity	0.6984968980101065
GO:0012506	C	1	1080	6	8571	1.322685185185185	0.5544051299390033	1.38758109360519	vesicle membrane	0.6984968980101065
GO:0000902	P	1	1080	6	8571	1.322685185185185	0.5544051299390033	1.38758109360519	cell morphogenesis	0.6984968980101065
GO:0051213	F	1	1080	6	8571	1.322685185185185	0.5544051299390033	1.38758109360519	dioxygenase activity	0.6984968980101065
GO:0031683	F	1	1080	6	8571	1.322685185185185	0.5544051299390033	1.38758109360519	G-protein beta/gamma-subunit complex binding	0.6984968980101065
GO:0017053	C	1	1080	6	8571	1.322685185185185	0.5544051299390033	1.38758109360519	transcription repressor complex	0.6984968980101065
GO:0005814	C	1	1080	6	8571	1.322685185185185	0.5544051299390033	1.38758109360519	centriole	0.6984968980101065
GO:0006612	P	1	1080	6	8571	1.322685185185185	0.5544051299390033	1.38758109360519	protein targeting to membrane	0.6984968980101065
GO:0006646	P	1	1080	6	8571	1.322685185185185	0.5544051299390033	1.38758109360519	phosphatidylethanolamine biosynthetic process	0.6984968980101065
GO:0006102	P	1	1080	6	8571	1.322685185185185	0.5544051299390033	1.38758109360519	isocitrate metabolic process	0.6984968980101065
GO:0051453	P	1	1080	6	8571	1.322685185185185	0.5544051299390033	1.38758109360519	regulation of intracellular pH	0.6984968980101065
GO:0032934	F	1	1080	6	8571	1.322685185185185	0.5544051299390033	1.38758109360519	sterol binding	0.6984968980101065
GO:0005665	C	1	1080	6	8571	1.322685185185185	0.5544051299390033	1.38758109360519	RNA polymerase II, core complex	0.6984968980101065
GO:0002376	P	1	1080	6	8571	1.322685185185185	0.5544051299390033	1.38758109360519	immune system process	0.6984968980101065
GO:0007464	P	1	1080	6	8571	1.322685185185185	0.5544051299390033	1.38758109360519	R3/R4 cell fate commitment	0.6984968980101065
GO:0045476	P	1	1080	6	8571	1.322685185185185	0.5544051299390033	1.38758109360519	nurse cell apoptotic process	0.6984968980101065
GO:0043065	P	1	1080	6	8571	1.322685185185185	0.5544051299390033	1.38758109360519	positive regulation of apoptotic process	0.6984968980101065
GO:0006751	P	1	1080	6	8571	1.322685185185185	0.5544051299390033	1.38758109360519	glutathione catabolic process	0.6984968980101065
GO:0007526	P	1	1080	6	8571	1.322685185185185	0.5544051299390033	1.38758109360519	larval somatic muscle development	0.6984968980101065
GO:0009308	P	1	1080	6	8571	1.322685185185185	0.5544051299390033	1.38758109360519	amine metabolic process	0.6984968980101065
GO:0008239	F	1	1080	6	8571	1.322685185185185	0.5544051299390033	1.38758109360519	dipeptidyl-peptidase activity	0.6984968980101065
GO:0005834	C	1	1080	6	8571	1.322685185185185	0.5544051299390033	1.38758109360519	heterotrimeric G-protein complex	0.6984968980101065
GO:1902936	F	3	1080	23	8571	1.0351449275362319	0.5679220757731476	1.0405292479108634	phosphatidylinositol bisphosphate binding	0.7141469496703804
GO:0004842	F	3	1080	23	8571	1.0351449275362319	0.5679220757731476	1.0405292479108634	ubiquitin-protein transferase activity	0.7141469496703804
GO:0005829	C	30	1080	242	8571	0.9838154269972452	0.5685646695773325	0.9809973045822102	cytosol	0.7142662130335661
GO:0006099	P	2	1080	15	8571	1.0581481481481483	0.5807666339804665	1.0672184957899244	tricarboxylic acid cycle	0.7254020025962915
GO:0032543	P	2	1080	15	8571	1.0581481481481483	0.5807666339804665	1.0672184957899244	mitochondrial translation	0.7254020025962915
GO:0045893	P	2	1080	15	8571	1.0581481481481483	0.5807666339804665	1.0672184957899244	positive regulation of DNA-templated transcription	0.7254020025962915
GO:0042811	P	2	1080	15	8571	1.0581481481481483	0.5807666339804665	1.0672184957899244	pheromone biosynthetic process	0.7254020025962915
GO:0005768	C	2	1080	15	8571	1.0581481481481483	0.5807666339804665	1.0672184957899244	endosome	0.7254020025962915
GO:0032870	P	2	1080	15	8571	1.0581481481481483	0.5807666339804665	1.0672184957899244	cellular response to hormone stimulus	0.7254020025962915
GO:0016020	C	199	1080	1596	8571	0.9895276385407965	0.5838058644415319	0.985333416750829	membrane	0.7285003322791939
GO:0006749	P	3	1080	24	8571	0.9920138888888889	0.5978844443555817	0.9908475925189018	glutathione metabolic process	0.7446430902002661
GO:0098609	P	3	1080	24	8571	0.9920138888888889	0.5978844443555817	0.9908475925189018	cell-cell adhesion	0.7446430902002661
GO:0009791	P	1	1080	7	8571	1.1337301587301587	0.6105922238871498	1.1561631139944393	post-embryonic development	0.7455170973303777
GO:0008235	F	1	1080	7	8571	1.1337301587301587	0.6105922238871498	1.1561631139944393	metalloexopeptidase activity	0.7455170973303777
GO:0048813	P	1	1080	7	8571	1.1337301587301587	0.6105922238871498	1.1561631139944393	dendrite morphogenesis	0.7455170973303777
GO:0070085	P	1	1080	7	8571	1.1337301587301587	0.6105922238871498	1.1561631139944393	glycosylation	0.7455170973303777
GO:0035006	P	1	1080	7	8571	1.1337301587301587	0.6105922238871498	1.1561631139944393	melanization defense response	0.7455170973303777
GO:0016323	C	1	1080	7	8571	1.1337301587301587	0.6105922238871498	1.1561631139944393	basolateral plasma membrane	0.7455170973303777
GO:0030992	C	1	1080	7	8571	1.1337301587301587	0.6105922238871498	1.1561631139944393	intraciliary transport particle B	0.7455170973303777
GO:0000245	P	1	1080	7	8571	1.1337301587301587	0.6105922238871498	1.1561631139944393	spliceosomal complex assembly	0.7455170973303777
GO:0030414	F	1	1080	7	8571	1.1337301587301587	0.6105922238871498	1.1561631139944393	peptidase inhibitor activity	0.7455170973303777
GO:0004114	F	1	1080	7	8571	1.1337301587301587	0.6105922238871498	1.1561631139944393	3',5'-cyclic-nucleotide phosphodiesterase activity	0.7455170973303777
GO:0007420	P	1	1080	7	8571	1.1337301587301587	0.6105922238871498	1.1561631139944393	brain development	0.7455170973303777
GO:0005815	C	1	1080	7	8571	1.1337301587301587	0.6105922238871498	1.1561631139944393	microtubule organizing center	0.7455170973303777
GO:0055088	P	1	1080	7	8571	1.1337301587301587	0.6105922238871498	1.1561631139944393	lipid homeostasis	0.7455170973303777
GO:0000776	C	1	1080	7	8571	1.1337301587301587	0.6105922238871498	1.1561631139944393	kinetochore	0.7455170973303777
GO:0006120	P	1	1080	7	8571	1.1337301587301587	0.6105922238871498	1.1561631139944393	mitochondrial electron transport, NADH to ubiquinone	0.7455170973303777
GO:0001667	P	1	1080	7	8571	1.1337301587301587	0.6105922238871498	1.1561631139944393	ameboidal-type cell migration	0.7455170973303777
GO:0015631	F	1	1080	7	8571	1.1337301587301587	0.6105922238871498	1.1561631139944393	tubulin binding	0.7455170973303777
GO:0008236	F	1	1080	7	8571	1.1337301587301587	0.6105922238871498	1.1561631139944393	serine-type peptidase activity	0.7455170973303777
GO:0022412	P	1	1080	7	8571	1.1337301587301587	0.6105922238871498	1.1561631139944393	cellular process involved in reproduction in multicellular organism	0.7455170973303777
GO:0017046	F	1	1080	7	8571	1.1337301587301587	0.6105922238871498	1.1561631139944393	peptide hormone binding	0.7455170973303777
GO:0006559	P	1	1080	7	8571	1.1337301587301587	0.6105922238871498	1.1561631139944393	L-phenylalanine catabolic process	0.7455170973303777
GO:0005516	F	2	1080	16	8571	0.9920138888888889	0.6169404936295834	0.9908560826928174	calmodulin binding	0.751158173382798
GO:0060271	P	2	1080	16	8571	0.9920138888888889	0.6169404936295834	0.9908560826928174	cilium assembly	0.751158173382798
GO:0016791	F	2	1080	16	8571	0.9920138888888889	0.6169404936295834	0.9908560826928174	phosphatase activity	0.751158173382798
GO:0043005	C	3	1080	25	8571	0.9523333333333334	0.6264519025783439	0.9456824512534819	neuron projection	0.7612584665360316
GO:0004364	F	3	1080	25	8571	0.9523333333333334	0.6264519025783439	0.9456824512534819	glutathione transferase activity	0.7612584665360316
GO:0003729	F	7	1080	59	8571	0.941572504708098	0.6269874179905659	0.9332747867230626	mRNA binding	0.7612584665360316
GO:0003964	F	8	1080	68	8571	0.9336601307189543	0.6376273991010144	0.9242537313432836	RNA-directed DNA polymerase activity	0.7720205463581455
GO:0006397	P	8	1080	68	8571	0.9336601307189543	0.6376273991010144	0.9242537313432836	mRNA processing	0.7720205463581455
GO:0010468	P	8	1080	68	8571	0.9336601307189543	0.6376273991010144	0.9242537313432836	regulation of gene expression	0.7720205463581455
GO:0005576	C	20	1080	168	8571	0.9447751322751323	0.6433816176253997	0.9361295257521672	extracellular region	0.7782649623223759
GO:0005769	C	2	1080	17	8571	0.9336601307189543	0.6506638614654932	0.9246753246753247	early endosome	0.7792110631478442
GO:0016747	F	2	1080	17	8571	0.9336601307189543	0.6506638614654932	0.9246753246753247	acyltransferase activity, transferring groups other than amino-acyl groups	0.7792110631478442
GO:0008083	F	2	1080	17	8571	0.9336601307189543	0.6506638614654932	0.9246753246753247	growth factor activity	0.7792110631478442
GO:0005198	F	2	1080	17	8571	0.9336601307189543	0.6506638614654932	0.9246753246753247	structural molecule activity	0.7792110631478442
GO:0008757	F	3	1080	26	8571	0.9157051282051282	0.6535902466632719	0.9044447135763595	S-adenosylmethionine-dependent methyltransferase activity	0.7792110631478442
GO:0003713	F	4	1080	35	8571	0.9069841269841269	0.6593790834217974	0.8945916776591918	transcription coactivator activity	0.7792110631478442
GO:0009058	P	1	1080	8	8571	0.9920138888888889	0.6597001638920399	0.9908645571296174	biosynthetic process	0.7792110631478442
GO:0048038	F	1	1080	8	8571	0.9920138888888889	0.6597001638920399	0.9908645571296174	quinone binding	0.7792110631478442
GO:0048731	P	1	1080	8	8571	0.9920138888888889	0.6597001638920399	0.9908645571296174	system development	0.7792110631478442
GO:0042026	P	1	1080	8	8571	0.9920138888888889	0.6597001638920399	0.9908645571296174	protein refolding	0.7792110631478442
GO:0042276	P	1	1080	8	8571	0.9920138888888889	0.6597001638920399	0.9908645571296174	error-prone translesion synthesis	0.7792110631478442
GO:0016853	F	1	1080	8	8571	0.9920138888888889	0.6597001638920399	0.9908645571296174	isomerase activity	0.7792110631478442
GO:0030163	P	1	1080	8	8571	0.9920138888888889	0.6597001638920399	0.9908645571296174	protein catabolic process	0.7792110631478442
GO:0043409	P	1	1080	8	8571	0.9920138888888889	0.6597001638920399	0.9908645571296174	negative regulation of MAPK cascade	0.7792110631478442
GO:0050650	P	1	1080	8	8571	0.9920138888888889	0.6597001638920399	0.9908645571296174	chondroitin sulfate proteoglycan biosynthetic process	0.7792110631478442
GO:0000123	C	1	1080	8	8571	0.9920138888888889	0.6597001638920399	0.9908645571296174	histone acetyltransferase complex	0.7792110631478442
GO:0005262	F	1	1080	8	8571	0.9920138888888889	0.6597001638920399	0.9908645571296174	calcium channel activity	0.7792110631478442
GO:0008610	P	1	1080	8	8571	0.9920138888888889	0.6597001638920399	0.9908645571296174	lipid biosynthetic process	0.7792110631478442
GO:0071944	C	1	1080	8	8571	0.9920138888888889	0.6597001638920399	0.9908645571296174	cell periphery	0.7792110631478442
GO:0006261	P	1	1080	8	8571	0.9920138888888889	0.6597001638920399	0.9908645571296174	DNA-templated DNA replication	0.7792110631478442
GO:0042273	P	1	1080	8	8571	0.9920138888888889	0.6597001638920399	0.9908645571296174	ribosomal large subunit biogenesis	0.7792110631478442
GO:0051260	P	1	1080	8	8571	0.9920138888888889	0.6597001638920399	0.9908645571296174	protein homooligomerization	0.7792110631478442
GO:0016459	C	1	1080	8	8571	0.9920138888888889	0.6597001638920399	0.9908645571296174	myosin complex	0.7792110631478442
GO:0004527	F	1	1080	8	8571	0.9920138888888889	0.6597001638920399	0.9908645571296174	exonuclease activity	0.7792110631478442
GO:0042542	P	1	1080	8	8571	0.9920138888888889	0.6597001638920399	0.9908645571296174	response to hydrogen peroxide	0.7792110631478442
GO:0004096	F	1	1080	8	8571	0.9920138888888889	0.6597001638920399	0.9908645571296174	catalase activity	0.7792110631478442
GO:0005874	C	6	1080	53	8571	0.8984276729559748	0.6728908641814262	0.8848211101866159	microtubule	0.7940721148349138
GO:0007018	P	3	1080	27	8571	0.8817901234567901	0.6792846000584459	0.8666434540389972	microtubule-based movement	0.8008925121846415
GO:0006357	P	13	1080	113	8571	0.9130039331366764	0.6805118737067763	0.9004967197750703	regulation of transcription by RNA polymerase II	0.8016147094070789
GO:0005813	C	2	1080	18	8571	0.8817901234567901	0.68197940291541	0.8667671614100185	centrosome	0.8018946270529258
GO:0006633	P	2	1080	18	8571	0.8817901234567901	0.68197940291541	0.8667671614100185	fatty acid biosynthetic process	0.8018946270529258
GO:0035556	P	6	1080	54	8571	0.8817901234567901	0.6908245496883081	0.8662709497206704	intracellular signal transduction	0.8115632547689673
GO:0004674	F	16	1080	140	8571	0.9069841269841269	0.7010673707292232	0.8934028619936939	protein serine/threonine kinase activity	0.8131298531151028
GO:0030659	C	1	1080	9	8571	0.8817901234567901	0.7026201478925769	0.866890639481001	cytoplasmic vesicle membrane	0.8131298531151028
GO:0000428	C	1	1080	9	8571	0.8817901234567901	0.7026201478925769	0.866890639481001	DNA-directed RNA polymerase complex	0.8131298531151028
GO:0008320	F	1	1080	9	8571	0.8817901234567901	0.7026201478925769	0.866890639481001	protein transmembrane transporter activity	0.8131298531151028
GO:0004312	F	1	1080	9	8571	0.8817901234567901	0.7026201478925769	0.866890639481001	fatty acid synthase activity	0.8131298531151028
GO:0051536	F	1	1080	9	8571	0.8817901234567901	0.7026201478925769	0.866890639481001	iron-sulfur cluster binding	0.8131298531151028
GO:0009408	P	1	1080	9	8571	0.8817901234567901	0.7026201478925769	0.866890639481001	response to heat	0.8131298531151028
GO:0008046	F	1	1080	9	8571	0.8817901234567901	0.7026201478925769	0.866890639481001	axon guidance receptor activity	0.8131298531151028
GO:0008241	F	1	1080	9	8571	0.8817901234567901	0.7026201478925769	0.866890639481001	peptidyl-dipeptidase activity	0.8131298531151028
GO:0042562	F	1	1080	9	8571	0.8817901234567901	0.7026201478925769	0.866890639481001	hormone binding	0.8131298531151028
GO:0005657	C	1	1080	9	8571	0.8817901234567901	0.7026201478925769	0.866890639481001	replication fork	0.8131298531151028
GO:0050916	P	1	1080	9	8571	0.8817901234567901	0.7026201478925769	0.866890639481001	sensory perception of sweet taste	0.8131298531151028
GO:0045454	P	1	1080	9	8571	0.8817901234567901	0.7026201478925769	0.866890639481001	cell redox homeostasis	0.8131298531151028
GO:0010008	C	1	1080	9	8571	0.8817901234567901	0.7026201478925769	0.866890639481001	endosome membrane	0.8131298531151028
GO:0030574	P	1	1080	9	8571	0.8817901234567901	0.7026201478925769	0.866890639481001	collagen catabolic process	0.8131298531151028
GO:0006886	P	4	1080	37	8571	0.8579579579579579	0.7027586997398165	0.8401486988847584	intracellular protein transport	0.8131298531151028
GO:1990904	C	4	1080	37	8571	0.8579579579579579	0.7027586997398165	0.8401486988847584	ribonucleoprotein complex	0.8131298531151028
GO:0004553	F	3	1080	28	8571	0.850297619047619	0.7035365330811407	0.831866295264624	hydrolase activity, hydrolyzing O-glycosyl compounds	0.8133081907250067
GO:0006412	P	6	1080	55	8571	0.8657575757575757	0.7080959917892125	0.8484779386614981	translation	0.8160995900631945
GO:0046982	F	2	1080	19	8571	0.8353801169590642	0.7109579250857277	0.8156717232347485	protein heterodimerization activity	0.8160995900631945
GO:0004518	F	2	1080	19	8571	0.8353801169590642	0.7109579250857277	0.8156717232347485	nuclease activity	0.8160995900631945
GO:0006493	P	2	1080	19	8571	0.8353801169590642	0.7109579250857277	0.8156717232347485	protein O-linked glycosylation	0.8160995900631945
GO:0003724	F	2	1080	19	8571	0.8353801169590642	0.7109579250857277	0.8156717232347485	RNA helicase activity	0.8160995900631945
GO:0005762	C	2	1080	19	8571	0.8353801169590642	0.7109579250857277	0.8156717232347485	mitochondrial large ribosomal subunit	0.8160995900631945
GO:0004180	F	2	1080	19	8571	0.8353801169590642	0.7109579250857277	0.8156717232347485	carboxypeptidase activity	0.8160995900631945
GO:0008170	F	2	1080	19	8571	0.8353801169590642	0.7109579250857277	0.8156717232347485	N-methyltransferase activity	0.8160995900631945
GO:0000166	F	4	1080	38	8571	0.8353801169590642	0.7228939648592392	0.8153291056199431	nucleotide binding	0.8283424693993391
GO:0005694	C	4	1080	38	8571	0.8353801169590642	0.7228939648592392	0.8153291056199431	chromosome	0.8283424693993391
GO:0005856	C	6	1080	56	8571	0.850297619047619	0.7246985609914705	0.8313966480446927	cytoskeleton	0.8294004298328912
GO:0034626	P	3	1080	29	8571	0.8209770114942528	0.7263614193781915	0.7997643025498179	fatty acid elongation, polyunsaturated fatty acid	0.8294004298328912
GO:0019367	P	3	1080	29	8571	0.8209770114942528	0.7263614193781915	0.7997643025498179	fatty acid elongation, saturated fatty acid	0.8294004298328912
GO:0034625	P	3	1080	29	8571	0.8209770114942528	0.7263614193781915	0.7997643025498179	fatty acid elongation, monounsaturated fatty acid	0.8294004298328912
GO:0000724	P	2	1080	20	8571	0.793611111111111	0.7376906193178638	0.7702535559678417	double-strand break repair via homologous recombination	0.8347284293636814
GO:0003725	F	2	1080	20	8571	0.793611111111111	0.7376906193178638	0.7702535559678417	double-stranded RNA binding	0.8347284293636814
GO:0004435	F	1	1080	10	8571	0.793611111111111	0.7401312714940738	0.7704664813098548	phosphatidylinositol-4,5-bisphosphate phospholipase C activity	0.8347284293636814
GO:0000792	C	1	1080	10	8571	0.793611111111111	0.7401312714940738	0.7704664813098548	heterochromatin	0.8347284293636814
GO:0046513	P	1	1080	10	8571	0.793611111111111	0.7401312714940738	0.7704664813098548	ceramide biosynthetic process	0.8347284293636814
GO:0007032	P	1	1080	10	8571	0.793611111111111	0.7401312714940738	0.7704664813098548	endosome organization	0.8347284293636814
GO:0006465	P	1	1080	10	8571	0.793611111111111	0.7401312714940738	0.7704664813098548	signal peptide processing	0.8347284293636814
GO:0006644	P	1	1080	10	8571	0.793611111111111	0.7401312714940738	0.7704664813098548	phospholipid metabolic process	0.8347284293636814
GO:0030687	C	1	1080	10	8571	0.793611111111111	0.7401312714940738	0.7704664813098548	preribosome, large subunit precursor	0.8347284293636814
GO:0031410	C	1	1080	10	8571	0.793611111111111	0.7401312714940738	0.7704664813098548	cytoplasmic vesicle	0.8347284293636814
GO:0016788	F	1	1080	10	8571	0.793611111111111	0.7401312714940738	0.7704664813098548	hydrolase activity, acting on ester bonds	0.8347284293636814
GO:0010181	F	1	1080	10	8571	0.793611111111111	0.7401312714940738	0.7704664813098548	FMN binding	0.8347284293636814
GO:0030145	F	1	1080	10	8571	0.793611111111111	0.7401312714940738	0.7704664813098548	manganese ion binding	0.8347284293636814
GO:0055037	C	1	1080	10	8571	0.793611111111111	0.7401312714940738	0.7704664813098548	recycling endosome	0.8347284293636814
GO:0140359	F	6	1080	57	8571	0.8353801169590642	0.7406294423111806	0.8149852119618797	ABC-type transporter activity	0.8347284293636814
GO:0003735	F	8	1080	75	8571	0.8465185185185184	0.7446565521377787	0.8269102249944308	structural constituent of ribosome	0.8378189335527726
GO:0005794	C	8	1080	75	8571	0.8465185185185184	0.7446565521377787	0.8269102249944308	Golgi apparatus	0.8378189335527726
GO:0016887	F	21	1080	187	8571	0.8912210338680927	0.7479410871671139	0.8750298645004949	ATP hydrolysis activity	0.8407889462637212
GO:0005085	F	5	1080	49	8571	0.8098072562358276	0.7567653154091678	0.7872093023255814	guanyl-nucleotide exchange factor activity	0.8499758581339835
GO:0000786	C	2	1080	21	8571	0.7558201058201058	0.7622828090890515	0.7296162484132409	nucleosome	0.8532332901734963
GO:0003746	F	2	1080	21	8571	0.7558201058201058	0.7622828090890515	0.7296162484132409	translation elongation factor activity	0.8532332901734963
GO:0030527	F	2	1080	21	8571	0.7558201058201058	0.7622828090890515	0.7296162484132409	structural constituent of chromatin	0.8532332901734963
GO:0005912	C	2	1080	21	8571	0.7558201058201058	0.7622828090890515	0.7296162484132409	adherens junction	0.8532332901734963
GO:0009922	F	3	1080	31	8571	0.7680107526881721	0.7678464216934942	0.7424393155590927	fatty acid elongase activity	0.8555863000579189
GO:0042761	P	3	1080	31	8571	0.7680107526881721	0.7678464216934942	0.7424393155590927	very long-chain fatty acid biosynthetic process	0.8555863000579189
GO:0000398	P	3	1080	31	8571	0.7680107526881721	0.7678464216934942	0.7424393155590927	mRNA splicing, via spliceosome	0.8555863000579189
GO:0030148	P	3	1080	31	8571	0.7680107526881721	0.7678464216934942	0.7424393155590927	sphingolipid biosynthetic process	0.8555863000579189
GO:0016491	F	9	1080	86	8571	0.8305232558139535	0.7721900590079107	0.8091236494597839	oxidoreductase activity	0.8555863000579189
GO:0005884	C	1	1080	11	8571	0.7214646464646465	0.7729146176903593	0.6933271547729379	actin filament	0.8555863000579189
GO:0005911	C	1	1080	11	8571	0.7214646464646465	0.7729146176903593	0.6933271547729379	cell-cell junction	0.8555863000579189
GO:0051287	F	1	1080	11	8571	0.7214646464646465	0.7729146176903593	0.6933271547729379	NAD binding	0.8555863000579189
GO:0005669	C	1	1080	11	8571	0.7214646464646465	0.7729146176903593	0.6933271547729379	transcription factor TFIID complex	0.8555863000579189
GO:0043022	F	1	1080	11	8571	0.7214646464646465	0.7729146176903593	0.6933271547729379	ribosome binding	0.8555863000579189
GO:0031122	P	1	1080	11	8571	0.7214646464646465	0.7729146176903593	0.6933271547729379	cytoplasmic microtubule organization	0.8555863000579189
GO:0022627	C	1	1080	11	8571	0.7214646464646465	0.7729146176903593	0.6933271547729379	cytosolic small ribosomal subunit	0.8555863000579189
GO:0046488	P	1	1080	11	8571	0.7214646464646465	0.7729146176903593	0.6933271547729379	phosphatidylinositol metabolic process	0.8555863000579189
GO:0000175	F	2	1080	22	8571	0.7214646464646465	0.7848489475766339	0.6930426716141002	3'-5'-RNA exonuclease activity	0.8673245996948564
GO:0016779	F	2	1080	22	8571	0.7214646464646465	0.7848489475766339	0.6930426716141002	nucleotidyltransferase activity	0.8673245996948564
GO:0006281	P	8	1080	79	8571	0.8036568213783403	0.7949475623919181	0.7799033003994114	DNA repair	0.8777405769340061
GO:0046983	F	7	1080	70	8571	0.793611111111111	0.7956898017464269	0.7691829760795278	protein dimerization activity	0.8778168371212697
GO:0003899	F	1	1080	12	8571	0.6613425925925925	0.801565577140641	0.6302131603336423	DNA-directed RNA polymerase activity	0.878246888919495
GO:0001786	F	1	1080	12	8571	0.6613425925925925	0.801565577140641	0.6302131603336423	phosphatidylserine binding	0.878246888919495
GO:0005811	C	1	1080	12	8571	0.6613425925925925	0.801565577140641	0.6302131603336423	lipid droplet	0.878246888919495
GO:0051087	F	1	1080	12	8571	0.6613425925925925	0.801565577140641	0.6302131603336423	protein-folding chaperone binding	0.878246888919495
GO:0007005	P	1	1080	12	8571	0.6613425925925925	0.801565577140641	0.6302131603336423	mitochondrion organization	0.878246888919495
GO:0008527	F	1	1080	12	8571	0.6613425925925925	0.801565577140641	0.6302131603336423	taste receptor activity	0.878246888919495
GO:0036211	P	1	1080	12	8571	0.6613425925925925	0.801565577140641	0.6302131603336423	protein modification process	0.878246888919495
GO:0042744	P	1	1080	12	8571	0.6613425925925925	0.801565577140641	0.6302131603336423	hydrogen peroxide catabolic process	0.878246888919495
GO:0005840	C	3	1080	33	8571	0.7214646464646465	0.8040536325091797	0.6927576601671309	ribosome	0.878246888919495
GO:0004161	F	2	1080	23	8571	0.6900966183574879	0.8055086496531565	0.6599522926053538	dimethylallyltranstransferase activity	0.878246888919495
GO:0045892	P	2	1080	23	8571	0.6900966183574879	0.8055086496531565	0.6599522926053538	negative regulation of DNA-templated transcription	0.878246888919495
GO:0004337	F	2	1080	23	8571	0.6900966183574879	0.8055086496531565	0.6599522926053538	(2E,6E)-farnesyl diphosphate synthase activity	0.878246888919495
GO:0045337	P	2	1080	23	8571	0.6900966183574879	0.8055086496531565	0.6599522926053538	farnesyl diphosphate biosynthetic process	0.878246888919495
GO:0006325	P	2	1080	23	8571	0.6900966183574879	0.8055086496531565	0.6599522926053538	chromatin organization	0.878246888919495
GO:0051082	F	7	1080	71	8571	0.782433489827856	0.807644072241118	0.757062558247903	unfolded protein binding	0.8798394905617526
GO:0003677	F	27	1080	247	8571	0.8675101214574898	0.814752013123748	0.8474358974358974	DNA binding	0.8868419241346974
GO:0016567	P	7	1080	72	8571	0.7715663580246913	0.8190534660048266	0.7453150763495591	protein ubiquitination	0.8892970188761815
GO:0045944	P	7	1080	72	8571	0.7715663580246913	0.8190534660048266	0.7453150763495591	positive regulation of transcription by RNA polymerase II	0.8892970188761815
GO:0005743	C	7	1080	72	8571	0.7715663580246913	0.8190534660048266	0.7453150763495591	mitochondrial inner membrane	0.8892970188761815
GO:0003700	F	4	1080	44	8571	0.7214646464646465	0.8226836542564161	0.6924721189591078	DNA-binding transcription factor activity	0.8908201866355988
GO:0003712	F	2	1080	24	8571	0.6613425925925925	0.8243835774074815	0.6298701298701299	transcription coregulator activity	0.8908201866355988
GO:0051537	F	1	1080	13	8571	0.6104700854700854	0.8266046210345663	0.5776181649675626	2 iron, 2 sulfur cluster binding	0.8908201866355988
GO:0006298	P	1	1080	13	8571	0.6104700854700854	0.8266046210345663	0.5776181649675626	mismatch repair	0.8908201866355988
GO:0007188	P	1	1080	13	8571	0.6104700854700854	0.8266046210345663	0.5776181649675626	adenylate cyclase-modulating G protein-coupled receptor signaling pathway	0.8908201866355988
GO:0005680	C	1	1080	13	8571	0.6104700854700854	0.8266046210345663	0.5776181649675626	anaphase-promoting complex	0.8908201866355988
GO:0006260	P	1	1080	13	8571	0.6104700854700854	0.8266046210345663	0.5776181649675626	DNA replication	0.8908201866355988
GO:0005778	C	1	1080	13	8571	0.6104700854700854	0.8266046210345663	0.5776181649675626	peroxisomal membrane	0.8908201866355988
GO:0022625	C	1	1080	13	8571	0.6104700854700854	0.8266046210345663	0.5776181649675626	cytosolic large ribosomal subunit	0.8908201866355988
GO:0006457	P	2	1080	25	8571	0.6348888888888888	0.8415950273926239	0.6024038073727515	protein folding	0.9062261896944522
GO:0048468	P	1	1080	14	8571	0.5668650793650793	0.848486720740417	0.5331147073501105	cell development	0.9113893606635122
GO:0005930	C	1	1080	14	8571	0.5668650793650793	0.848486720740417	0.5331147073501105	axoneme	0.9113893606635122
GO:0006396	P	1	1080	14	8571	0.5668650793650793	0.848486720740417	0.5331147073501105	RNA processing	0.9113893606635122
GO:0006508	P	42	1080	382	8571	0.8725567190226876	0.8528574173917081	0.8510200612036722	proteolysis	0.9153301006409772
GO:0005975	P	10	1080	104	8571	0.7630876068376068	0.8598908047332832	0.7354344800159077	carbohydrate metabolic process	0.9218238959884165
GO:0005634	C	133	1080	1141	8571	0.925068166325835	0.8603218415781464	0.9032690953889475	nucleus	0.9218238959884165
GO:0005549	F	1	1080	15	8571	0.5290740740740741	0.8676095840804134	0.4949688865351516	odorant binding	0.9250718705158292
GO:0030036	P	1	1080	15	8571	0.5290740740740741	0.8676095840804134	0.4949688865351516	actin cytoskeleton organization	0.9250718705158292
GO:0005484	F	1	1080	15	8571	0.5290740740740741	0.8676095840804134	0.4949688865351516	SNAP receptor activity	0.9250718705158292
GO:0003714	F	1	1080	15	8571	0.5290740740740741	0.8676095840804134	0.4949688865351516	transcription corepressor activity	0.9250718705158292
GO:0016757	F	1	1080	15	8571	0.5290740740740741	0.8676095840804134	0.4949688865351516	glycosyltransferase activity	0.9250718705158292
GO:0008237	F	1	1080	15	8571	0.5290740740740741	0.8676095840804134	0.4949688865351516	metallopeptidase activity	0.9250718705158292
GO:0000981	F	26	1080	249	8571	0.8286702365015618	0.8742983926503419	0.803975459705074	DNA-binding transcription factor activity, RNA polymerase II-specific	0.9314420784444819
GO:0005654	C	7	1080	78	8571	0.7122150997150997	0.8767438003788183	0.6817793996035861	nucleoplasm	0.9317223330895994
GO:0051015	F	4	1080	49	8571	0.6478458049886622	0.8813028308221696	0.6151177199504337	actin filament binding	0.9317223330895994
GO:0003887	F	1	1080	16	8571	0.49600694444444443	0.8843208567771355	0.4619091751621872	DNA-directed DNA polymerase activity	0.9317223330895994
GO:0000226	P	1	1080	16	8571	0.49600694444444443	0.8843208567771355	0.4619091751621872	microtubule cytoskeleton organization	0.9317223330895994
GO:0004568	F	1	1080	16	8571	0.49600694444444443	0.8843208567771355	0.4619091751621872	chitinase activity	0.9317223330895994
GO:0006367	P	1	1080	16	8571	0.49600694444444443	0.8843208567771355	0.4619091751621872	transcription initiation at RNA polymerase II promoter	0.9317223330895994
GO:0042981	P	1	1080	16	8571	0.49600694444444443	0.8843208567771355	0.4619091751621872	regulation of apoptotic process	0.9317223330895994
GO:0030425	C	1	1080	16	8571	0.49600694444444443	0.8843208567771355	0.4619091751621872	dendrite	0.9317223330895994
GO:0006032	P	1	1080	16	8571	0.49600694444444443	0.8843208567771355	0.4619091751621872	chitin catabolic process	0.9317223330895994
GO:0031201	C	1	1080	16	8571	0.49600694444444443	0.8843208567771355	0.4619091751621872	SNARE complex	0.9317223330895994
GO:0007166	P	2	1080	28	8571	0.5668650793650793	0.8844205809806813	0.5326816041101755	cell surface receptor signaling pathway	0.9317223330895994
GO:0031624	F	2	1080	28	8571	0.5668650793650793	0.8844205809806813	0.5326816041101755	ubiquitin conjugating enzyme binding	0.9317223330895994
GO:0051301	P	3	1080	39	8571	0.6104700854700854	0.885279118633446	0.5768337975858867	cell division	0.9317223330895994
GO:0030424	C	3	1080	39	8571	0.6104700854700854	0.885279118633446	0.5768337975858867	axon	0.9317223330895994
GO:0052689	F	3	1080	39	8571	0.6104700854700854	0.885279118633446	0.5768337975858867	carboxylic ester hydrolase activity	0.9317223330895994
GO:0070059	P	3	1080	40	8571	0.5952083333333332	0.8954300042959253	0.5611684107505834	intrinsic apoptotic signaling pathway in response to endoplasmic reticulum stress	0.938508760892941
GO:0043025	C	1	1080	17	8571	0.46683006535947713	0.898924418984113	0.4329819277108434	neuronal cell body	0.938508760892941
GO:0016592	C	1	1080	17	8571	0.46683006535947713	0.898924418984113	0.4329819277108434	mediator complex	0.938508760892941
GO:0071044	P	1	1080	17	8571	0.46683006535947713	0.898924418984113	0.4329819277108434	histone mRNA catabolic process	0.938508760892941
GO:0071036	P	1	1080	17	8571	0.46683006535947713	0.898924418984113	0.4329819277108434	nuclear polyadenylation-dependent snoRNA catabolic process	0.938508760892941
GO:0045087	P	1	1080	17	8571	0.46683006535947713	0.898924418984113	0.4329819277108434	innate immune response	0.938508760892941
GO:0005681	C	1	1080	17	8571	0.46683006535947713	0.898924418984113	0.4329819277108434	spliceosomal complex	0.938508760892941
GO:0071037	P	1	1080	17	8571	0.46683006535947713	0.898924418984113	0.4329819277108434	nuclear polyadenylation-dependent snRNA catabolic process	0.938508760892941
GO:0071039	P	1	1080	17	8571	0.46683006535947713	0.898924418984113	0.4329819277108434	nuclear polyadenylation-dependent CUT catabolic process	0.938508760892941
GO:0071040	P	1	1080	17	8571	0.46683006535947713	0.898924418984113	0.4329819277108434	nuclear polyadenylation-dependent antisense transcript catabolic process	0.938508760892941
GO:0000122	P	2	1080	30	8571	0.5290740740740741	0.9067245690927258	0.49450039756162206	negative regulation of transcription by RNA polymerase II	0.9420272592986579
GO:0006897	P	2	1080	30	8571	0.5290740740740741	0.9067245690927258	0.49450039756162206	endocytosis	0.9420272592986579
GO:0071035	P	1	1080	18	8571	0.44089506172839504	0.9116858905175662	0.4074578858420106	nuclear polyadenylation-dependent rRNA catabolic process	0.9420272592986579
GO:0071051	P	1	1080	18	8571	0.44089506172839504	0.9116858905175662	0.4074578858420106	poly(A)-dependent snoRNA 3'-end processing	0.9420272592986579
GO:0008276	F	1	1080	18	8571	0.44089506172839504	0.9116858905175662	0.4074578858420106	protein methyltransferase activity	0.9420272592986579
GO:0006351	P	1	1080	18	8571	0.44089506172839504	0.9116858905175662	0.4074578858420106	DNA-templated transcription	0.9420272592986579
GO:0007264	P	1	1080	18	8571	0.44089506172839504	0.9116858905175662	0.4074578858420106	small GTPase-mediated signal transduction	0.9420272592986579
GO:0042147	P	1	1080	18	8571	0.44089506172839504	0.9116858905175662	0.4074578858420106	retrograde transport, endosome to Golgi	0.9420272592986579
GO:0071038	P	1	1080	18	8571	0.44089506172839504	0.9116858905175662	0.4074578858420106	TRAMP-dependent tRNA surveillance pathway	0.9420272592986579
GO:0031490	F	1	1080	18	8571	0.44089506172839504	0.9116858905175662	0.4074578858420106	chromatin DNA binding	0.9420272592986579
GO:0000467	P	1	1080	18	8571	0.44089506172839504	0.9116858905175662	0.4074578858420106	exonucleolytic trimming to generate mature 3'-end of 5.8S rRNA from tricistronic rRNA transcript (SSU-rRNA, 5.8S rRNA, LSU-rRNA)	0.9420272592986579
GO:0032040	C	1	1080	18	8571	0.44089506172839504	0.9116858905175662	0.4074578858420106	small-subunit processome	0.9420272592986579
GO:0001227	F	1	1080	18	8571	0.44089506172839504	0.9116858905175662	0.4074578858420106	DNA-binding transcription repressor activity, RNA polymerase II-specific	0.9420272592986579
GO:0001228	F	3	1080	42	8571	0.5668650793650793	0.9133419267054079	0.5322476965931005	DNA-binding transcription activator activity, RNA polymerase II-specific	0.9429911895675787
GO:0006364	P	2	1080	31	8571	0.5120071684587814	0.9163023723616383	0.477384684281236	rRNA processing	0.9452992828794116
GO:0036064	C	1	1080	19	8571	0.4176900584795321	0.9228374441526683	0.3847698486252703	ciliary basal body	0.9512885590316834
GO:0005730	C	9	1080	105	8571	0.6802380952380952	0.9256496427477744	0.6473214285714286	nucleolus	0.9534337552473126
GO:1990604	C	3	1080	44	8571	0.5410984848484849	0.9284185983884121	0.5061485155241524	IRE1-TRAF2-ASK1 complex	0.9547774860398182
GO:0036498	P	3	1080	44	8571	0.5410984848484849	0.9284185983884121	0.5061485155241524	IRE1-mediated unfolded protein response	0.9547774860398182
GO:0000049	F	1	1080	20	8571	0.3968055555555555	0.9325820138808159	0.36447002585239746	tRNA binding	0.9562153151114093
GO:0000176	C	1	1080	20	8571	0.3968055555555555	0.9325820138808159	0.36447002585239746	nuclear exosome (RNase complex)	0.9562153151114093
GO:0003727	F	1	1080	20	8571	0.3968055555555555	0.9325820138808159	0.36447002585239746	single-stranded RNA binding	0.9562153151114093
GO:0000723	P	2	1080	33	8571	0.48097643097643095	0.9327499086056079	0.4464659764198935	telomere maintenance	0.9562153151114093
GO:0016740	F	3	1080	45	8571	0.5290740740740741	0.9350171788118014	0.4940310385992837	transferase activity	0.9577866466383259
GO:0043565	F	3	1080	46	8571	0.5175724637681159	0.941050371810569	0.4824771652523159	sequence-specific DNA binding	0.962502317061182
GO:0071013	C	1	1080	21	8571	0.3779100529100529	0.9410969741204042	0.34620018535681185	catalytic step 2 spliceosome	0.962502317061182
GO:0000978	F	21	1080	223	8571	0.7473467862481314	0.9445707011177554	0.7155498836002581	RNA polymerase II cis-regulatory region sequence-specific DNA binding	0.9652979578820949
GO:0003678	F	2	1080	35	8571	0.45349206349206345	0.9461044384129258	0.41929499072356213	DNA helicase activity	0.966108212756817
GO:0031146	P	1	1080	22	8571	0.36073232323232324	0.948537356336774	0.32967032967032966	SCF-dependent proteasomal ubiquitin-dependent protein catabolic process	0.967834673445347
GO:0005667	C	2	1080	36	8571	0.44089506172839504	0.9517946193671951	0.40690821783258757	transcription regulator complex	0.9703988926151856
GO:1990404	F	1	1080	23	8571	0.34504830917874396	0.9550386611860295	0.314643188137164	NAD+-protein mono-ADP-ribosyltransferase activity	0.9721861156803923
GO:0070212	P	1	1080	23	8571	0.34504830917874396	0.9550386611860295	0.314643188137164	protein poly-ADP-ribosylation	0.9721861156803923
GO:0003824	F	2	1080	37	8571	0.42897897897897896	0.9569081534120039	0.395229260535383	catalytic activity	0.9733293541725844
GO:0005929	C	1	1080	24	8571	0.33067129629629627	0.960719317002488	0.3009227545634041	cilium	0.9764442629549839
GO:0000287	F	2	1080	39	8571	0.40698005698005696	0.9656198945817522	0.37376523090808805	magnesium ion binding	0.9799614078651467
GO:0019005	C	1	1080	25	8571	0.3174444444444444	0.9656828290695657	0.28834569045412417	SCF ubiquitin ligase complex	0.9799614078651467
GO:0004521	F	3	1080	53	8571	0.4492138364779874	0.9707403771497761	0.4145403899721449	RNA endonuclease activity	0.9843277230196796
GO:0008270	F	99	1080	924	8571	0.850297619047619	0.9719431268330475	0.8154128440366972	zinc ion binding	0.9847815364337948
GO:0008061	F	4	1080	67	8571	0.4737976782752902	0.9762669506351157	0.4383076650734643	chitin binding	0.9883944903945582
GO:0006915	P	1	1080	28	8571	0.2834325396825397	0.9771195421292119	0.2562043043970755	apoptotic process	0.9884902117428179
GO:0003950	F	1	1080	29	8571	0.2736590038314176	0.9800120733829226	0.2470210512379187	NAD+ poly-ADP-ribosyltransferase activity	0.9906478633266131
GO:0004252	F	13	1080	170	8571	0.6068790849673203	0.9861512001561404	0.5691414108250408	serine-type endopeptidase activity	0.9958402329868192
GO:0004190	F	1	1080	32	8571	0.24800347222222222	0.9866760590636275	0.22302609943496068	aspartic-type endopeptidase activity	0.9958402329868192
GO:0015276	F	2	1080	48	8571	0.33067129629629627	0.9878309552416462	0.30027425990158907	ligand-gated monoatomic ion channel activity	0.996234776206579
GO:0042302	F	1	1080	34	8571	0.23341503267973857	0.9898334752796506	0.20945319740500462	structural constituent of cuticle	0.9974828838985041
GO:0006511	P	2	1080	51	8571	0.3112200435729847	0.9914500343256718	0.28177653250539547	ubiquitin-dependent protein catabolic process	0.9983404206646146
GO:0015031	P	4	1080	79	8571	0.40182841068917013	0.992691732149033	0.3675836431226766	protein transport	0.9988194588906937
GO:0004519	F	2	1080	57	8571	0.27846003898635474	0.9958140367740174	0.250834879406308	endonuclease activity	0.9999998010045643
GO:0016787	F	5	1080	101	8571	0.3928767876787679	0.9971713468041227	0.35828488372093026	hydrolase activity	0.9999998010045643
GO:0005739	C	15	1080	220	8571	0.5410984848484848	0.9982840903927579	0.5005839917554105	mitochondrion	0.9999998010045643
GO:0003676	F	16	1080	232	8571	0.5473180076628352	0.998452804429857	0.5064745196324144	nucleic acid binding	0.9999998010045643
GO:0006310	P	1	1080	48	8571	0.16533564814814813	0.9984719929630055	0.14678681994754797	DNA recombination	0.9999998010045643
GO:0042575	C	2	1080	89	8571	0.17833957553058677	0.9999185206392591	0.1578913697140298	DNA polymerase complex	0.9999998010045643
GO:0071897	P	1	1080	109	8571	0.07280835881753313	0.9999996189227728	0.06335598805478324	DNA biosynthetic process	0.9999998010045643
GO:0015074	P	2	1080	136	8571	0.11670751633986928	0.9999998010045643	0.10186082574142276	DNA integration	0.9999998010045643
