GO_ID	name	namespace	observed	expected	fold_enrichment	p_value	total_study_annotations	background_size	p_fdr_bh	significant
GO:0006584	catecholamine metabolic process	biological_process	12	0.9210964607911173	13.027951480449032	0.0	39819	43230	0.0	True
GO:0042420	dopamine catabolic process	biological_process	6	0.9210964607911173	6.513975740224516	0.0	39819	43230	0.0	True
GO:0016715	oxidoreductase activity, acting on paired donors, with incorporation or reduction of molecular oxygen, reduced ascorbate as one donor, and incorporation of one atom of oxygen	molecular_function	11	0.9210964607911173	11.94228885707828	0.0	39819	43230	0.0	True
GO:0030667	secretory granule membrane	cellular_component	8	0.9210964607911173	8.685300986966022	0.0	39819	43230	0.0	True
GO:0005615	extracellular space	cellular_component	53	0.9210964607911173	57.54011903864989	0.0	39819	43230	0.0	True
GO:0038023	signaling receptor activity	molecular_function	114	0.9210964607911173	123.7655390642658	0.0	39819	43230	0.0	True
GO:0003674	molecular_function	molecular_function	2208	0.9210964607911173	2397.143072402622	0.0	39819	43230	0.0	True
GO:0004888	transmembrane signaling receptor activity	molecular_function	100	0.9210964607911173	108.56626233707526	0.0	39819	43230	0.0	True
GO:0060089	molecular transducer activity	molecular_function	114	0.9210964607911173	123.7655390642658	0.0	39819	43230	0.0	True
GO:0004930	G protein-coupled receptor activity	molecular_function	57	0.9210964607911173	61.8827695321329	0.0	39819	43230	0.0	True
GO:0005575	cellular_component	cellular_component	1588	0.9210964607911173	1724.0322459127551	0.0	39819	43230	0.0	True
GO:0110165	cellular anatomical structure	cellular_component	1381	0.9210964607911173	1499.3000828750094	0.0	39819	43230	0.0	True
GO:0035252	UDP-xylosyltransferase activity	molecular_function	7	0.9210964607911173	7.599638363595268	0.0	39819	43230	0.0	True
GO:0089718	amino acid import across plasma membrane	biological_process	2	0.9210964607911173	2.1713252467415054	0.0	39819	43230	0.0	True
GO:1902750	negative regulation of cell cycle G2/M phase transition	biological_process	6	0.9210964607911173	6.513975740224516	0.0	39819	43230	0.0	True
GO:0007346	regulation of mitotic cell cycle	biological_process	8	0.9210964607911173	8.685300986966022	0.0	39819	43230	0.0	True
GO:0009712	catechol-containing compound metabolic process	biological_process	12	0.9210964607911173	13.027951480449032	0.0	39819	43230	0.0	True
GO:0005507	copper ion binding	molecular_function	13	0.9210964607911173	14.113614103819785	0.0	39819	43230	0.0	True
GO:0031090	organelle membrane	cellular_component	121	0.9210964607911173	131.36517742786106	0.0	39819	43230	0.0	True
GO:0030659	cytoplasmic vesicle membrane	cellular_component	22	0.9210964607911173	23.88457771415656	0.0	39819	43230	0.0	True
GO:0098588	bounding membrane of organelle	cellular_component	53	0.9210964607911173	57.54011903864989	0.0	39819	43230	0.0	True
GO:0012506	vesicle membrane	cellular_component	23	0.9210964607911173	24.97024033752731	0.0	39819	43230	0.0	True
GO:0006465	signal peptide processing	biological_process	2	0.9210964607911173	2.1713252467415054	0.0	39819	43230	0.0	True
GO:0016020	membrane	cellular_component	623	0.9210964607911173	676.3678143599789	0.0	39819	43230	0.0	True
GO:0043169	cation binding	molecular_function	342	0.9210964607911173	371.2966171927974	0.0	39819	43230	0.0	True
GO:0036094	small molecule binding	molecular_function	584	0.9210964607911173	634.0269720485195	0.0	39819	43230	0.0	True
GO:0019321	pentose metabolic process	biological_process	3	0.9210964607911173	3.256987870112258	0.0	39819	43230	0.0	True
GO:0005997	xylulose metabolic process	biological_process	3	0.9210964607911173	3.256987870112258	0.0	39819	43230	0.0	True
GO:0006006	glucose metabolic process	biological_process	3	0.9210964607911173	3.256987870112258	0.0	39819	43230	0.0	True
GO:0050038	L-xylulose reductase (NADPH) activity	molecular_function	3	0.9210964607911173	3.256987870112258	0.0	39819	43230	0.0	True
GO:0018455	alcohol dehydrogenase [NAD(P)+] activity	molecular_function	3	0.9210964607911173	3.256987870112258	0.0	39819	43230	0.0	True
GO:0008152	metabolic process	biological_process	674	0.9210964607911173	731.7366081518873	0.0	39819	43230	0.0	True
GO:0006066	alcohol metabolic process	biological_process	11	0.9210964607911173	11.94228885707828	0.0	39819	43230	0.0	True
GO:0046165	alcohol biosynthetic process	biological_process	8	0.9210964607911173	8.685300986966022	0.0	39819	43230	0.0	True
GO:0006589	octopamine biosynthetic process	biological_process	6	0.9210964607911173	6.513975740224516	0.0	39819	43230	0.0	True
GO:0042401	biogenic amine biosynthetic process	biological_process	12	0.9210964607911173	13.027951480449032	0.0	39819	43230	0.0	True
GO:0009713	catechol-containing compound biosynthetic process	biological_process	6	0.9210964607911173	6.513975740224516	0.0	39819	43230	0.0	True
GO:0009309	amine biosynthetic process	biological_process	12	0.9210964607911173	13.027951480449032	0.0	39819	43230	0.0	True
GO:0009058	biosynthetic process	biological_process	179	0.9210964607911173	194.33360958336473	0.0	39819	43230	0.0	True
GO:0042415	norepinephrine metabolic process	biological_process	6	0.9210964607911173	6.513975740224516	0.0	39819	43230	0.0	True
GO:0042423	catecholamine biosynthetic process	biological_process	6	0.9210964607911173	6.513975740224516	0.0	39819	43230	0.0	True
GO:0046189	phenol-containing compound biosynthetic process	biological_process	12	0.9210964607911173	13.027951480449032	0.0	39819	43230	0.0	True
GO:0042421	norepinephrine biosynthetic process	biological_process	6	0.9210964607911173	6.513975740224516	0.0	39819	43230	0.0	True
GO:0009987	cellular process	biological_process	1154	0.9210964607911173	1252.8546673698486	0.0	39819	43230	0.0	True
GO:0016705	oxidoreductase activity, acting on paired donors, with incorporation or reduction of molecular oxygen	molecular_function	91	0.9210964607911173	98.7952987267385	0.0	39819	43230	0.0	True
GO:0016491	oxidoreductase activity	molecular_function	195	0.9210964607911173	211.70421155729676	0.0	39819	43230	0.0	True
GO:0004497	monooxygenase activity	molecular_function	83	0.9210964607911173	90.10999773977247	0.0	39819	43230	0.0	True
GO:0003824	catalytic activity	molecular_function	826	0.9210964607911173	896.7573269042417	0.0	39819	43230	0.0	True
GO:0016298	lipase activity	molecular_function	18	0.9210964607911173	19.541927220673546	0.0	39819	43230	0.0	True
GO:0043228	membraneless organelle	cellular_component	47	0.9210964607911173	51.026143298425374	0.0	39819	43230	0.0	True
GO:0043232	intracellular membraneless organelle	cellular_component	47	0.9210964607911173	51.026143298425374	0.0	39819	43230	0.0	True
GO:0005840	ribosome	cellular_component	4	0.9210964607911173	4.342650493483011	0.0	39819	43230	0.0	True
GO:0180051	translation factor activity	molecular_function	8	0.9210964607911173	8.685300986966022	0.0	39819	43230	0.0	True
GO:0003743	translation initiation factor activity	molecular_function	6	0.9210964607911173	6.513975740224516	0.0	39819	43230	0.0	True
GO:0003676	nucleic acid binding	molecular_function	162	0.9210964607911173	175.87734498606193	0.0	39819	43230	0.0	True
GO:0003723	RNA binding	molecular_function	56	0.9210964607911173	60.797106908762146	0.0	39819	43230	0.0	True
GO:0043227	membrane-bounded organelle	cellular_component	266	0.9210964607911173	288.7862578166202	0.0	39819	43230	0.0	True
GO:0043231	intracellular membrane-bounded organelle	cellular_component	262	0.9210964607911173	284.4436073231372	0.0	39819	43230	0.0	True
GO:0043229	intracellular organelle	cellular_component	309	0.9210964607911173	335.4697506215626	0.0	39819	43230	0.0	True
GO:0043226	organelle	cellular_component	315	0.9210964607911173	341.9837263617871	0.0	39819	43230	0.0	True
GO:0005634	nucleus	cellular_component	154	0.9210964607911173	167.19204399909592	0.0	39819	43230	0.0	True
GO:0044283	small molecule biosynthetic process	biological_process	56	0.9210964607911173	60.797106908762146	0.0	39819	43230	0.0	True
GO:0046333	octopamine metabolic process	biological_process	6	0.9210964607911173	6.513975740224516	0.0	39819	43230	0.0	True
GO:0044281	small molecule metabolic process	biological_process	130	0.9210964607911173	141.13614103819785	0.0	39819	43230	0.0	True
GO:0008270	zinc ion binding	molecular_function	147	0.9210964607911173	159.59240563550063	0.0	39819	43230	0.0	True
GO:0140096	catalytic activity, acting on a protein	molecular_function	232	0.9210964607911173	251.87372862201462	0.0	39819	43230	0.0	True
GO:0004175	endopeptidase activity	molecular_function	63	0.9210964607911173	68.39674527235742	0.0	39819	43230	0.0	True
GO:0008237	metallopeptidase activity	molecular_function	55	0.9210964607911173	59.711444285391394	0.0	39819	43230	0.0	True
GO:0008233	peptidase activity	molecular_function	94	0.9210964607911173	102.05228659685075	0.0	39819	43230	0.0	True
GO:0004222	metalloendopeptidase activity	molecular_function	40	0.9210964607911173	43.426504934830106	0.0	39819	43230	0.0	True
GO:0030312	external encapsulating structure	cellular_component	25	0.9210964607911173	27.141565584268815	0.0	39819	43230	0.0	True
GO:0031012	extracellular matrix	cellular_component	25	0.9210964607911173	27.141565584268815	0.0	39819	43230	0.0	True
GO:0000785	chromatin	cellular_component	10	0.9210964607911173	10.856626233707527	0.0	39819	43230	0.0	True
GO:0000792	heterochromatin	cellular_component	3	0.9210964607911173	3.256987870112258	0.0	39819	43230	0.0	True
GO:0006629	lipid metabolic process	biological_process	138	0.9210964607911173	149.82144202516386	0.0	39819	43230	0.0	True
GO:0044238	primary metabolic process	biological_process	515	0.9210964607911173	559.1162510359376	0.0	39819	43230	0.0	True
GO:0016042	lipid catabolic process	biological_process	23	0.9210964607911173	24.97024033752731	0.0	39819	43230	0.0	True
GO:0017171	serine hydrolase activity	molecular_function	31	0.9210964607911173	33.655541324493335	0.0	39819	43230	0.0	True
GO:0016787	hydrolase activity	molecular_function	263	0.9210964607911173	285.52926994650795	0.0	39819	43230	0.0	True
GO:0016788	hydrolase activity, acting on ester bonds	molecular_function	79	0.9210964607911173	85.76734724628946	0.0	39819	43230	0.0	True
GO:0098796	membrane protein complex	cellular_component	52	0.9210964607911173	56.45445641527914	0.0	39819	43230	0.0	True
GO:1990604	IRE1-TRAF2-ASK1 complex	cellular_component	5	0.9210964607911173	5.428313116853763	0.0	39819	43230	0.0	True
GO:0032259	methylation	biological_process	21	0.9210964607911173	22.798915090785805	0.0	39819	43230	0.0	True
GO:0016740	transferase activity	molecular_function	299	0.9210964607911173	324.61312438785507	0.0	39819	43230	0.0	True
GO:0016741	transferase activity, transferring one-carbon groups	molecular_function	29	0.9210964607911173	31.484216077751828	0.0	39819	43230	0.0	True
GO:0008168	methyltransferase activity	molecular_function	27	0.9210964607911173	29.31289083101032	0.0	39819	43230	0.0	True
GO:0043170	macromolecule metabolic process	biological_process	293	0.9210964607911173	318.0991486476305	0.0	39819	43230	0.0	True
GO:0019538	protein metabolic process	biological_process	168	0.9210964607911173	182.39132072628644	0.0	39819	43230	0.0	True
GO:0006508	proteolysis	biological_process	104	0.9210964607911173	112.90891283055828	0.0	39819	43230	0.0	True
GO:0016043	cellular component organization	biological_process	135	0.9210964607911173	146.5644541550516	0.0	39819	43230	0.0	True
GO:0043062	extracellular structure organization	biological_process	20	0.9210964607911173	21.713252467415053	0.0	39819	43230	0.0	True
GO:0071840	cellular component organization or biogenesis	biological_process	138	0.9210964607911173	149.82144202516386	0.0	39819	43230	0.0	True
GO:0045229	external encapsulating structure organization	biological_process	20	0.9210964607911173	21.713252467415053	0.0	39819	43230	0.0	True
GO:0030198	extracellular matrix organization	biological_process	20	0.9210964607911173	21.713252467415053	0.0	39819	43230	0.0	True
GO:0032963	collagen metabolic process	biological_process	17	0.9210964607911173	18.456264597302795	0.0	39819	43230	0.0	True
GO:0030574	collagen catabolic process	biological_process	17	0.9210964607911173	18.456264597302795	0.0	39819	43230	0.0	True
GO:0004672	protein kinase activity	molecular_function	59	0.9210964607911173	64.0540947788744	0.0	39819	43230	0.0	True
GO:0004674	protein serine/threonine kinase activity	molecular_function	24	0.9210964607911173	26.055902960898063	0.0	39819	43230	0.0	True
GO:0017076	purine nucleotide binding	molecular_function	164	0.9210964607911173	178.04867023280343	0.0	39819	43230	0.0	True
GO:1901363	heterocyclic compound binding	molecular_function	207	0.9210964607911173	224.7321630377458	0.0	39819	43230	0.0	True
GO:0030554	adenyl nucleotide binding	molecular_function	137	0.9210964607911173	148.7357794017931	0.0	39819	43230	0.0	True
GO:0035639	purine ribonucleoside triphosphate binding	molecular_function	149	0.9210964607911173	161.76373088224216	0.0	39819	43230	0.0	True
GO:0032555	purine ribonucleotide binding	molecular_function	150	0.9210964607911173	162.8493935056129	0.0	39819	43230	0.0	True
GO:0000166	nucleotide binding	molecular_function	190	0.9210964607911173	206.275898440443	0.0	39819	43230	0.0	True
GO:0043168	anion binding	molecular_function	199	0.9210964607911173	216.04686205077977	0.0	39819	43230	0.0	True
GO:0032559	adenyl ribonucleotide binding	molecular_function	123	0.9210964607911173	133.5365026746026	0.0	39819	43230	0.0	True
GO:0097367	carbohydrate derivative binding	molecular_function	162	0.9210964607911173	175.87734498606193	0.0	39819	43230	0.0	True
GO:1901265	nucleoside phosphate binding	molecular_function	190	0.9210964607911173	206.275898440443	0.0	39819	43230	0.0	True
GO:0032553	ribonucleotide binding	molecular_function	151	0.9210964607911173	163.93505612898366	0.0	39819	43230	0.0	True
GO:0005524	ATP binding	molecular_function	123	0.9210964607911173	133.5365026746026	0.0	39819	43230	0.0	True
GO:0140534	endoplasmic reticulum protein-containing complex	cellular_component	8	0.9210964607911173	8.685300986966022	0.0	39819	43230	0.0	True
GO:0032991	protein-containing complex	cellular_component	207	0.9210964607911173	224.7321630377458	0.0	39819	43230	0.0	True
GO:0050896	response to stimulus	biological_process	83	0.9210964607911173	90.10999773977247	0.0	39819	43230	0.0	True
GO:0051716	cellular response to stimulus	biological_process	49	0.9210964607911173	53.19746854516688	0.0	39819	43230	0.0	True
GO:0033554	cellular response to stress	biological_process	46	0.9210964607911173	49.94048067505462	0.0	39819	43230	0.0	True
GO:0050789	regulation of biological process	biological_process	316	0.9210964607911173	343.06938898515784	0.0	39819	43230	0.0	True
GO:0070059	intrinsic apoptotic signaling pathway in response to endoplasmic reticulum stress	biological_process	5	0.9210964607911173	5.428313116853763	0.0	39819	43230	0.0	True
GO:0005515	protein binding	molecular_function	119	0.9210964607911173	129.19385218111955	0.0	39819	43230	0.0	True
GO:0051082	unfolded protein binding	molecular_function	10	0.9210964607911173	10.856626233707527	0.0	39819	43230	0.0	True
GO:0004540	RNA nuclease activity	molecular_function	10	0.9210964607911173	10.856626233707527	0.0	39819	43230	0.0	True
GO:0004519	endonuclease activity	molecular_function	13	0.9210964607911173	14.113614103819785	0.0	39819	43230	0.0	True
GO:0004518	nuclease activity	molecular_function	26	0.9210964607911173	28.22722820763957	0.0	39819	43230	0.0	True
GO:0140640	catalytic activity, acting on a nucleic acid	molecular_function	65	0.9210964607911173	70.56807051909892	0.0	39819	43230	0.0	True
GO:0140098	catalytic activity, acting on RNA	molecular_function	22	0.9210964607911173	23.88457771415656	0.0	39819	43230	0.0	True
GO:0004521	RNA endonuclease activity	molecular_function	6	0.9210964607911173	6.513975740224516	0.0	39819	43230	0.0	True
GO:0016773	phosphotransferase activity, alcohol group as acceptor	molecular_function	86	0.9210964607911173	93.36698560988472	0.0	39819	43230	0.0	True
GO:0016772	transferase activity, transferring phosphorus-containing groups	molecular_function	124	0.9210964607911173	134.62216529797334	0.0	39819	43230	0.0	True
GO:0016301	kinase activity	molecular_function	103	0.9210964607911173	111.82325020718753	0.0	39819	43230	0.0	True
GO:0090304	nucleic acid metabolic process	biological_process	113	0.9210964607911173	122.67987644089504	0.0	39819	43230	0.0	True
GO:0016071	mRNA metabolic process	biological_process	26	0.9210964607911173	28.22722820763957	0.0	39819	43230	0.0	True
GO:0006396	RNA processing	biological_process	52	0.9210964607911173	56.45445641527914	0.0	39819	43230	0.0	True
GO:0006139	nucleobase-containing compound metabolic process	biological_process	141	0.9210964607911173	153.07842989527612	0.0	39819	43230	0.0	True
GO:0016070	RNA metabolic process	biological_process	62	0.9210964607911173	67.31108264898667	0.0	39819	43230	0.0	True
GO:0006397	mRNA processing	biological_process	14	0.9210964607911173	15.199276727190536	0.0	39819	43230	0.0	True
GO:0030968	endoplasmic reticulum unfolded protein response	biological_process	8	0.9210964607911173	8.685300986966022	0.0	39819	43230	0.0	True
GO:0036498	IRE1-mediated unfolded protein response	biological_process	5	0.9210964607911173	5.428313116853763	0.0	39819	43230	0.0	True
GO:0007165	signal transduction	biological_process	141	0.9210964607911173	153.07842989527612	0.0	39819	43230	0.0	True
GO:0097193	intrinsic apoptotic signaling pathway	biological_process	5	0.9210964607911173	5.428313116853763	0.0	39819	43230	0.0	True
GO:0034976	response to endoplasmic reticulum stress	biological_process	13	0.9210964607911173	14.113614103819785	0.0	39819	43230	0.0	True
GO:0065007	biological regulation	biological_process	358	0.9210964607911173	388.66721916672947	0.0	39819	43230	0.0	True
GO:0035556	intracellular signal transduction	biological_process	63	0.9210964607911173	68.39674527235742	0.0	39819	43230	0.0	True
GO:0050794	regulation of cellular process	biological_process	301	0.9210964607911173	326.78444963459657	0.0	39819	43230	0.0	True
GO:0006950	response to stress	biological_process	65	0.9210964607911173	70.56807051909892	0.0	39819	43230	0.0	True
GO:0097190	apoptotic signaling pathway	biological_process	5	0.9210964607911173	5.428313116853763	0.0	39819	43230	0.0	True
GO:0061695	transferase complex, transferring phosphorus-containing groups	cellular_component	20	0.9210964607911173	21.713252467415053	0.0	39819	43230	0.0	True
GO:0000428	DNA-directed RNA polymerase complex	cellular_component	2	0.9210964607911173	2.1713252467415054	0.0	39819	43230	0.0	True
GO:0030880	RNA polymerase complex	cellular_component	2	0.9210964607911173	2.1713252467415054	0.0	39819	43230	0.0	True
GO:0140535	intracellular protein-containing complex	cellular_component	31	0.9210964607911173	33.655541324493335	0.0	39819	43230	0.0	True
GO:0005739	mitochondrion	cellular_component	15	0.9210964607911173	16.284939350561288	0.0	39819	43230	0.0	True
GO:0140097	catalytic activity, acting on DNA	molecular_function	26	0.9210964607911173	28.22722820763957	0.0	39819	43230	0.0	True
GO:0034061	DNA polymerase activity	molecular_function	12	0.9210964607911173	13.027951480449032	0.0	39819	43230	0.0	True
GO:0016779	nucleotidyltransferase activity	molecular_function	21	0.9210964607911173	22.798915090785805	0.0	39819	43230	0.0	True
GO:0003964	RNA-directed DNA polymerase activity	molecular_function	11	0.9210964607911173	11.94228885707828	0.0	39819	43230	0.0	True
GO:0016746	acyltransferase activity	molecular_function	87	0.9210964607911173	94.45264823325547	0.0	39819	43230	0.0	True
GO:0004842	ubiquitin-protein transferase activity	molecular_function	24	0.9210964607911173	26.055902960898063	0.0	39819	43230	0.0	True
GO:0019787	ubiquitin-like protein transferase activity	molecular_function	24	0.9210964607911173	26.055902960898063	0.0	39819	43230	0.0	True
GO:0016755	aminoacyltransferase activity	molecular_function	24	0.9210964607911173	26.055902960898063	0.0	39819	43230	0.0	True
GO:0061659	ubiquitin-like protein ligase activity	molecular_function	18	0.9210964607911173	19.541927220673546	0.0	39819	43230	0.0	True
GO:0061630	ubiquitin protein ligase activity	molecular_function	18	0.9210964607911173	19.541927220673546	0.0	39819	43230	0.0	True
GO:0005737	cytoplasm	cellular_component	175	0.9210964607911173	189.99095908988173	0.0	39819	43230	0.0	True
GO:0001228	DNA-binding transcription activator activity, RNA polymerase II-specific	molecular_function	7	0.9210964607911173	7.599638363595268	0.0	39819	43230	0.0	True
GO:0010556	regulation of macromolecule biosynthetic process	biological_process	74	0.9210964607911173	80.33903412943569	0.0	39819	43230	0.0	True
GO:0019222	regulation of metabolic process	biological_process	97	0.9210964607911173	105.309274466963	0.0	39819	43230	0.0	True
GO:0060255	regulation of macromolecule metabolic process	biological_process	88	0.9210964607911173	95.53831085662624	0.0	39819	43230	0.0	True
GO:0009889	regulation of biosynthetic process	biological_process	75	0.9210964607911173	81.42469675280645	0.0	39819	43230	0.0	True
GO:0010468	regulation of gene expression	biological_process	74	0.9210964607911173	80.33903412943569	0.0	39819	43230	0.0	True
GO:0034654	nucleobase-containing compound biosynthetic process	biological_process	24	0.9210964607911173	26.055902960898063	0.0	39819	43230	0.0	True
GO:0032774	RNA biosynthetic process	biological_process	10	0.9210964607911173	10.856626233707527	0.0	39819	43230	0.0	True
GO:0006351	DNA-templated transcription	biological_process	6	0.9210964607911173	6.513975740224516	0.0	39819	43230	0.0	True
GO:0009059	macromolecule biosynthetic process	biological_process	47	0.9210964607911173	51.026143298425374	0.0	39819	43230	0.0	True
GO:0141187	nucleic acid biosynthetic process	biological_process	14	0.9210964607911173	15.199276727190536	0.0	39819	43230	0.0	True
GO:0006366	transcription by RNA polymerase II	biological_process	3	0.9210964607911173	3.256987870112258	0.0	39819	43230	0.0	True
GO:0003677	DNA binding	molecular_function	87	0.9210964607911173	94.45264823325547	0.0	39819	43230	0.0	True
GO:1990234	transferase complex	cellular_component	46	0.9210964607911173	49.94048067505462	0.0	39819	43230	0.0	True
GO:1902494	catalytic complex	cellular_component	64	0.9210964607911173	69.48240789572817	0.0	39819	43230	0.0	True
GO:0140513	nuclear protein-containing complex	cellular_component	38	0.9210964607911173	41.2551796880886	0.0	39819	43230	0.0	True
GO:0031966	mitochondrial membrane	cellular_component	19	0.9210964607911173	20.6275898440443	0.0	39819	43230	0.0	True
GO:0019866	organelle inner membrane	cellular_component	8	0.9210964607911173	8.685300986966022	0.0	39819	43230	0.0	True
GO:0005743	mitochondrial inner membrane	cellular_component	8	0.9210964607911173	8.685300986966022	0.0	39819	43230	0.0	True
GO:0005829	cytosol	cellular_component	33	0.9210964607911173	35.82686657123484	0.0	39819	43230	0.0	True
GO:0003690	double-stranded DNA binding	molecular_function	44	0.9210964607911173	47.76915542831312	0.0	39819	43230	0.0	True
GO:0000987	cis-regulatory region sequence-specific DNA binding	molecular_function	30	0.9210964607911173	32.569878701122576	0.0	39819	43230	0.0	True
GO:0000976	transcription cis-regulatory region binding	molecular_function	40	0.9210964607911173	43.426504934830106	0.0	39819	43230	0.0	True
GO:1990837	sequence-specific double-stranded DNA binding	molecular_function	43	0.9210964607911173	46.68349280494236	0.0	39819	43230	0.0	True
GO:0001067	transcription regulatory region nucleic acid binding	molecular_function	40	0.9210964607911173	43.426504934830106	0.0	39819	43230	0.0	True
GO:0043565	sequence-specific DNA binding	molecular_function	48	0.9210964607911173	52.111805921796126	0.0	39819	43230	0.0	True
GO:0000977	RNA polymerase II transcription regulatory region sequence-specific DNA binding	molecular_function	38	0.9210964607911173	41.2551796880886	0.0	39819	43230	0.0	True
GO:0000978	RNA polymerase II cis-regulatory region sequence-specific DNA binding	molecular_function	28	0.9210964607911173	30.398553454381073	0.0	39819	43230	0.0	True
GO:0000981	DNA-binding transcription factor activity, RNA polymerase II-specific	molecular_function	40	0.9210964607911173	43.426504934830106	0.0	39819	43230	0.0	True
GO:0001216	DNA-binding transcription activator activity	molecular_function	7	0.9210964607911173	7.599638363595268	0.0	39819	43230	0.0	True
GO:0003700	DNA-binding transcription factor activity	molecular_function	45	0.9210964607911173	48.85481805168387	0.0	39819	43230	0.0	True
GO:0140110	transcription regulator activity	molecular_function	53	0.9210964607911173	57.54011903864989	0.0	39819	43230	0.0	True
GO:0010817	regulation of hormone levels	biological_process	25	0.9210964607911173	27.141565584268815	0.0	39819	43230	0.0	True
GO:0065008	regulation of biological quality	biological_process	42	0.9210964607911173	45.59783018157161	0.0	39819	43230	0.0	True
GO:0042446	hormone biosynthetic process	biological_process	14	0.9210964607911173	15.199276727190536	0.0	39819	43230	0.0	True
GO:0016712	oxidoreductase activity, acting on paired donors, with incorporation or reduction of molecular oxygen, reduced flavin or flavoprotein as one donor, and incorporation of one atom of oxygen	molecular_function	28	0.9210964607911173	30.398553454381073	0.0	39819	43230	0.0	True
GO:0008395	steroid hydroxylase activity	molecular_function	30	0.9210964607911173	32.569878701122576	0.0	39819	43230	0.0	True
GO:0004508	steroid 17-alpha-monooxygenase activity	molecular_function	11	0.9210964607911173	11.94228885707828	0.0	39819	43230	0.0	True
GO:0005506	iron ion binding	molecular_function	66	0.9210964607911173	71.65373314246968	0.0	39819	43230	0.0	True
GO:0046906	tetrapyrrole binding	molecular_function	58	0.9210964607911173	62.968432155503656	0.0	39819	43230	0.0	True
GO:0020037	heme binding	molecular_function	58	0.9210964607911173	62.968432155503656	0.0	39819	43230	0.0	True
GO:0006730	one-carbon metabolic process	biological_process	3	0.9210964607911173	3.256987870112258	0.0	39819	43230	0.0	True
GO:0016879	ligase activity, forming carbon-nitrogen bonds	molecular_function	4	0.9210964607911173	4.342650493483011	0.0	39819	43230	0.0	True
GO:0016874	ligase activity	molecular_function	12	0.9210964607911173	13.027951480449032	0.0	39819	43230	0.0	True
GO:0031974	membrane-enclosed lumen	cellular_component	13	0.9210964607911173	14.113614103819785	0.0	39819	43230	0.0	True
GO:0070013	intracellular organelle lumen	cellular_component	13	0.9210964607911173	14.113614103819785	0.0	39819	43230	0.0	True
GO:0043233	organelle lumen	cellular_component	13	0.9210964607911173	14.113614103819785	0.0	39819	43230	0.0	True
GO:0005759	mitochondrial matrix	cellular_component	7	0.9210964607911173	7.599638363595268	0.0	39819	43230	0.0	True
GO:0006898	receptor-mediated endocytosis	biological_process	6	0.9210964607911173	6.513975740224516	0.0	39819	43230	0.0	True
GO:0042562	hormone binding	molecular_function	6	0.9210964607911173	6.513975740224516	0.0	39819	43230	0.0	True
GO:0008061	chitin binding	molecular_function	8	0.9210964607911173	8.685300986966022	0.0	39819	43230	0.0	True
GO:0005509	calcium ion binding	molecular_function	30	0.9210964607911173	32.569878701122576	0.0	39819	43230	0.0	True
GO:0043235	receptor complex	cellular_component	33	0.9210964607911173	35.82686657123484	0.0	39819	43230	0.0	True
GO:0005576	extracellular region	cellular_component	35	0.9210964607911173	37.99819181797634	0.0	39819	43230	0.0	True
GO:0098590	plasma membrane region	cellular_component	24	0.9210964607911173	26.055902960898063	0.0	39819	43230	0.0	True
GO:0016324	apical plasma membrane	cellular_component	8	0.9210964607911173	8.685300986966022	0.0	39819	43230	0.0	True
GO:0016614	oxidoreductase activity, acting on CH-OH group of donors	molecular_function	24	0.9210964607911173	26.055902960898063	0.0	39819	43230	0.0	True
GO:0050660	flavin adenine dinucleotide binding	molecular_function	21	0.9210964607911173	22.798915090785805	0.0	39819	43230	0.0	True
GO:0008202	steroid metabolic process	biological_process	16	0.9210964607911173	17.370601973932043	0.0	39819	43230	0.0	True
GO:0120254	olefinic compound metabolic process	biological_process	11	0.9210964607911173	11.94228885707828	0.0	39819	43230	0.0	True
GO:0042180	ketone metabolic process	biological_process	13	0.9210964607911173	14.113614103819785	0.0	39819	43230	0.0	True
GO:0008207	C21-steroid hormone metabolic process	biological_process	11	0.9210964607911173	11.94228885707828	0.0	39819	43230	0.0	True
GO:0042448	progesterone metabolic process	biological_process	11	0.9210964607911173	11.94228885707828	0.0	39819	43230	0.0	True
GO:0042445	hormone metabolic process	biological_process	25	0.9210964607911173	27.141565584268815	0.0	39819	43230	0.0	True
GO:0006633	fatty acid biosynthetic process	biological_process	43	0.9210964607911173	46.68349280494236	0.0	39819	43230	0.0	True
GO:0006636	unsaturated fatty acid biosynthetic process	biological_process	7	0.9210964607911173	7.599638363595268	0.0	39819	43230	0.0	True
GO:0016717	oxidoreductase activity, acting on paired donors, with oxidation of a pair of donors resulting in the reduction of molecular oxygen to two molecules of water	molecular_function	11	0.9210964607911173	11.94228885707828	0.0	39819	43230	0.0	True
GO:0016215	acyl-CoA desaturase activity	molecular_function	7	0.9210964607911173	7.599638363595268	0.0	39819	43230	0.0	True
GO:0004768	stearoyl-CoA 9-desaturase activity	molecular_function	7	0.9210964607911173	7.599638363595268	0.0	39819	43230	0.0	True
GO:0005789	endoplasmic reticulum membrane	cellular_component	49	0.9210964607911173	53.19746854516688	0.0	39819	43230	0.0	True
GO:0033619	membrane protein proteolysis	biological_process	3	0.9210964607911173	3.256987870112258	0.0	39819	43230	0.0	True
GO:0006509	membrane protein ectodomain proteolysis	biological_process	2	0.9210964607911173	2.1713252467415054	0.0	39819	43230	0.0	True
GO:0007166	cell surface receptor signaling pathway	biological_process	48	0.9210964607911173	52.111805921796126	0.0	39819	43230	0.0	True
GO:0007229	integrin-mediated signaling pathway	biological_process	7	0.9210964607911173	7.599638363595268	0.0	39819	43230	0.0	True
GO:0006810	transport	biological_process	116	0.9210964607911173	125.93686431100731	0.0	39819	43230	0.0	True
GO:0051234	establishment of localization	biological_process	126	0.9210964607911173	136.79349054471484	0.0	39819	43230	0.0	True
GO:0098657	import into cell	biological_process	19	0.9210964607911173	20.6275898440443	0.0	39819	43230	0.0	True
GO:0006897	endocytosis	biological_process	11	0.9210964607911173	11.94228885707828	0.0	39819	43230	0.0	True
GO:0016192	vesicle-mediated transport	biological_process	45	0.9210964607911173	48.85481805168387	0.0	39819	43230	0.0	True
GO:0051179	localization	biological_process	134	0.9210964607911173	145.47879153168086	0.0	39819	43230	0.0	True
GO:0022857	transmembrane transporter activity	molecular_function	130	0.9210964607911173	141.13614103819785	0.0	39819	43230	0.0	True
GO:0015291	secondary active transmembrane transporter activity	molecular_function	17	0.9210964607911173	18.456264597302795	0.0	39819	43230	0.0	True
GO:0015293	symporter activity	molecular_function	12	0.9210964607911173	13.027951480449032	0.0	39819	43230	0.0	True
GO:0005886	plasma membrane	cellular_component	176	0.9210964607911173	191.07662171325248	0.0	39819	43230	0.0	True
GO:0070085	glycosylation	biological_process	9	0.9210964607911173	9.770963610336773	0.0	39819	43230	0.0	True
GO:0016757	glycosyltransferase activity	molecular_function	40	0.9210964607911173	43.426504934830106	0.0	39819	43230	0.0	True
GO:0019752	carboxylic acid metabolic process	biological_process	66	0.9210964607911173	71.65373314246968	0.0	39819	43230	0.0	True
GO:0006082	organic acid metabolic process	biological_process	83	0.9210964607911173	90.10999773977247	0.0	39819	43230	0.0	True
GO:0033559	unsaturated fatty acid metabolic process	biological_process	7	0.9210964607911173	7.599638363595268	0.0	39819	43230	0.0	True
GO:0016053	organic acid biosynthetic process	biological_process	47	0.9210964607911173	51.026143298425374	0.0	39819	43230	0.0	True
GO:0008610	lipid biosynthetic process	biological_process	80	0.9210964607911173	86.85300986966021	0.0	39819	43230	0.0	True
GO:0043436	oxoacid metabolic process	biological_process	66	0.9210964607911173	71.65373314246968	0.0	39819	43230	0.0	True
GO:0006631	fatty acid metabolic process	biological_process	49	0.9210964607911173	53.19746854516688	0.0	39819	43230	0.0	True
GO:0032787	monocarboxylic acid metabolic process	biological_process	50	0.9210964607911173	54.28313116853763	0.0	39819	43230	0.0	True
GO:0046394	carboxylic acid biosynthetic process	biological_process	47	0.9210964607911173	51.026143298425374	0.0	39819	43230	0.0	True
GO:0072330	monocarboxylic acid biosynthetic process	biological_process	43	0.9210964607911173	46.68349280494236	0.0	39819	43230	0.0	True
GO:0004553	hydrolase activity, hydrolyzing O-glycosyl compounds	molecular_function	16	0.9210964607911173	17.370601973932043	0.0	39819	43230	0.0	True
GO:0016798	hydrolase activity, acting on glycosyl bonds	molecular_function	17	0.9210964607911173	18.456264597302795	0.0	39819	43230	0.0	True
GO:0004568	chitinase activity	molecular_function	4	0.9210964607911173	4.342650493483011	0.0	39819	43230	0.0	True
GO:0016758	hexosyltransferase activity	molecular_function	22	0.9210964607911173	23.88457771415656	0.0	39819	43230	0.0	True
GO:0008194	UDP-glycosyltransferase activity	molecular_function	28	0.9210964607911173	30.398553454381073	0.0	39819	43230	0.0	True
GO:0015020	glucuronosyltransferase activity	molecular_function	5	0.9210964607911173	5.428313116853763	0.0	39819	43230	0.0	True
GO:0031123	RNA 3'-end processing	biological_process	7	0.9210964607911173	7.599638363595268	0.0	39819	43230	0.0	True
GO:0140657	ATP-dependent activity	molecular_function	40	0.9210964607911173	43.426504934830106	0.0	39819	43230	0.0	True
GO:0044183	protein folding chaperone	molecular_function	5	0.9210964607911173	5.428313116853763	0.0	39819	43230	0.0	True
GO:0140662	ATP-dependent protein folding chaperone	molecular_function	5	0.9210964607911173	5.428313116853763	0.0	39819	43230	0.0	True
GO:0006811	monoatomic ion transport	biological_process	17	0.9210964607911173	18.456264597302795	0.0	39819	43230	0.0	True
GO:0006812	monoatomic cation transport	biological_process	11	0.9210964607911173	11.94228885707828	0.0	39819	43230	0.0	True
GO:0030001	metal ion transport	biological_process	11	0.9210964607911173	11.94228885707828	0.0	39819	43230	0.0	True
GO:0006814	sodium ion transport	biological_process	3	0.9210964607911173	3.256987870112258	0.0	39819	43230	0.0	True
GO:0005215	transporter activity	molecular_function	145	0.9210964607911173	157.42108038875912	0.0	39819	43230	0.0	True
GO:0022804	active transmembrane transporter activity	molecular_function	28	0.9210964607911173	30.398553454381073	0.0	39819	43230	0.0	True
GO:0046348	amino sugar catabolic process	biological_process	4	0.9210964607911173	4.342650493483011	0.0	39819	43230	0.0	True
GO:1901135	carbohydrate derivative metabolic process	biological_process	44	0.9210964607911173	47.76915542831312	0.0	39819	43230	0.0	True
GO:0006030	chitin metabolic process	biological_process	4	0.9210964607911173	4.342650493483011	0.0	39819	43230	0.0	True
GO:0006040	amino sugar metabolic process	biological_process	5	0.9210964607911173	5.428313116853763	0.0	39819	43230	0.0	True
GO:1901072	glucosamine-containing compound catabolic process	biological_process	4	0.9210964607911173	4.342650493483011	0.0	39819	43230	0.0	True
GO:0006026	aminoglycan catabolic process	biological_process	4	0.9210964607911173	4.342650493483011	0.0	39819	43230	0.0	True
GO:1901071	glucosamine-containing compound metabolic process	biological_process	4	0.9210964607911173	4.342650493483011	0.0	39819	43230	0.0	True
GO:0006032	chitin catabolic process	biological_process	4	0.9210964607911173	4.342650493483011	0.0	39819	43230	0.0	True
GO:0044036	cell wall macromolecule metabolic process	biological_process	4	0.9210964607911173	4.342650493483011	0.0	39819	43230	0.0	True
GO:0009057	macromolecule catabolic process	biological_process	47	0.9210964607911173	51.026143298425374	0.0	39819	43230	0.0	True
GO:0016998	cell wall macromolecule catabolic process	biological_process	4	0.9210964607911173	4.342650493483011	0.0	39819	43230	0.0	True
GO:0007167	enzyme-linked receptor protein signaling pathway	biological_process	32	0.9210964607911173	34.741203947864086	0.0	39819	43230	0.0	True
GO:0007169	cell surface receptor protein tyrosine kinase signaling pathway	biological_process	27	0.9210964607911173	29.31289083101032	0.0	39819	43230	0.0	True
GO:0019199	transmembrane receptor protein kinase activity	molecular_function	25	0.9210964607911173	27.141565584268815	0.0	39819	43230	0.0	True
GO:0004713	protein tyrosine kinase activity	molecular_function	25	0.9210964607911173	27.141565584268815	0.0	39819	43230	0.0	True
GO:0004714	transmembrane receptor protein tyrosine kinase activity	molecular_function	25	0.9210964607911173	27.141565584268815	0.0	39819	43230	0.0	True
GO:0009893	positive regulation of metabolic process	biological_process	18	0.9210964607911173	19.541927220673546	0.0	39819	43230	0.0	True
GO:0032182	ubiquitin-like protein binding	molecular_function	5	0.9210964607911173	5.428313116853763	0.0	39819	43230	0.0	True
GO:0043130	ubiquitin binding	molecular_function	5	0.9210964607911173	5.428313116853763	0.0	39819	43230	0.0	True
GO:0000151	ubiquitin ligase complex	cellular_component	9	0.9210964607911173	9.770963610336773	0.0	39819	43230	0.0	True
GO:0071797	LUBAC complex	cellular_component	4	0.9210964607911173	4.342650493483011	0.0	39819	43230	0.0	True
GO:0072341	modified amino acid binding	molecular_function	22	0.9210964607911173	23.88457771415656	0.0	39819	43230	0.0	True
GO:0019842	vitamin binding	molecular_function	35	0.9210964607911173	37.99819181797634	0.0	39819	43230	0.0	True
GO:0033218	amide binding	molecular_function	22	0.9210964607911173	23.88457771415656	0.0	39819	43230	0.0	True
GO:0031177	phosphopantetheine binding	molecular_function	20	0.9210964607911173	21.713252467415053	0.0	39819	43230	0.0	True
GO:0016747	acyltransferase activity, transferring groups other than amino-acyl groups	molecular_function	61	0.9210964607911173	66.22542002561592	0.0	39819	43230	0.0	True
GO:0004315	3-oxoacyl-[acyl-carrier-protein] synthase activity	molecular_function	19	0.9210964607911173	20.6275898440443	0.0	39819	43230	0.0	True
GO:0016791	phosphatase activity	molecular_function	27	0.9210964607911173	29.31289083101032	0.0	39819	43230	0.0	True
GO:0042578	phosphoric ester hydrolase activity	molecular_function	37	0.9210964607911173	40.169517064717844	0.0	39819	43230	0.0	True
GO:0004035	alkaline phosphatase activity	molecular_function	4	0.9210964607911173	4.342650493483011	0.0	39819	43230	0.0	True
GO:0006022	aminoglycan metabolic process	biological_process	4	0.9210964607911173	4.342650493483011	0.0	39819	43230	0.0	True
GO:1901136	carbohydrate derivative catabolic process	biological_process	6	0.9210964607911173	6.513975740224516	0.0	39819	43230	0.0	True
GO:0070647	protein modification by small protein conjugation or removal	biological_process	23	0.9210964607911173	24.97024033752731	0.0	39819	43230	0.0	True
GO:0000209	protein polyubiquitination	biological_process	10	0.9210964607911173	10.856626233707527	0.0	39819	43230	0.0	True
GO:0043687	post-translational protein modification	biological_process	24	0.9210964607911173	26.055902960898063	0.0	39819	43230	0.0	True
GO:0032446	protein modification by small protein conjugation	biological_process	17	0.9210964607911173	18.456264597302795	0.0	39819	43230	0.0	True
GO:0016567	protein ubiquitination	biological_process	17	0.9210964607911173	18.456264597302795	0.0	39819	43230	0.0	True
GO:0043412	macromolecule modification	biological_process	37	0.9210964607911173	40.169517064717844	0.0	39819	43230	0.0	True
GO:0097039	protein linear polyubiquitination	biological_process	4	0.9210964607911173	4.342650493483011	0.0	39819	43230	0.0	True
GO:0043632	modification-dependent macromolecule catabolic process	biological_process	16	0.9210964607911173	17.370601973932043	0.0	39819	43230	0.0	True
GO:0010498	proteasomal protein catabolic process	biological_process	14	0.9210964607911173	15.199276727190536	0.0	39819	43230	0.0	True
GO:0006511	ubiquitin-dependent protein catabolic process	biological_process	16	0.9210964607911173	17.370601973932043	0.0	39819	43230	0.0	True
GO:0051603	proteolysis involved in protein catabolic process	biological_process	16	0.9210964607911173	17.370601973932043	0.0	39819	43230	0.0	True
GO:0030163	protein catabolic process	biological_process	17	0.9210964607911173	18.456264597302795	0.0	39819	43230	0.0	True
GO:0019941	modification-dependent protein catabolic process	biological_process	16	0.9210964607911173	17.370601973932043	0.0	39819	43230	0.0	True
GO:0043161	proteasome-mediated ubiquitin-dependent protein catabolic process	biological_process	14	0.9210964607911173	15.199276727190536	0.0	39819	43230	0.0	True
GO:0048518	positive regulation of biological process	biological_process	37	0.9210964607911173	40.169517064717844	0.0	39819	43230	0.0	True
GO:0048522	positive regulation of cellular process	biological_process	36	0.9210964607911173	39.08385444134709	0.0	39819	43230	0.0	True
GO:0071705	nitrogen compound transport	biological_process	32	0.9210964607911173	34.741203947864086	0.0	39819	43230	0.0	True
GO:0006606	protein import into nucleus	biological_process	5	0.9210964607911173	5.428313116853763	0.0	39819	43230	0.0	True
GO:0008170	N-methyltransferase activity	molecular_function	9	0.9210964607911173	9.770963610336773	0.0	39819	43230	0.0	True
GO:0008757	S-adenosylmethionine-dependent methyltransferase activity	molecular_function	11	0.9210964607911173	11.94228885707828	0.0	39819	43230	0.0	True
GO:0008174	mRNA methyltransferase activity	molecular_function	2	0.9210964607911173	2.1713252467415054	0.0	39819	43230	0.0	True
GO:0008173	RNA methyltransferase activity	molecular_function	5	0.9210964607911173	5.428313116853763	0.0	39819	43230	0.0	True
GO:0004482	mRNA 5'-cap (guanine-N7-)-methyltransferase activity	molecular_function	2	0.9210964607911173	2.1713252467415054	0.0	39819	43230	0.0	True
GO:0016485	protein processing	biological_process	10	0.9210964607911173	10.856626233707527	0.0	39819	43230	0.0	True
GO:0051604	protein maturation	biological_process	10	0.9210964607911173	10.856626233707527	0.0	39819	43230	0.0	True
GO:0007154	cell communication	biological_process	5	0.9210964607911173	5.428313116853763	0.0	39819	43230	0.0	True
GO:0023052	signaling	biological_process	5	0.9210964607911173	5.428313116853763	0.0	39819	43230	0.0	True
GO:0007267	cell-cell signaling	biological_process	5	0.9210964607911173	5.428313116853763	0.0	39819	43230	0.0	True
GO:0032561	guanyl ribonucleotide binding	molecular_function	27	0.9210964607911173	29.31289083101032	0.0	39819	43230	0.0	True
GO:0019001	guanyl nucleotide binding	molecular_function	27	0.9210964607911173	29.31289083101032	0.0	39819	43230	0.0	True
GO:0005525	GTP binding	molecular_function	26	0.9210964607911173	28.22722820763957	0.0	39819	43230	0.0	True
GO:0036211	protein modification process	biological_process	29	0.9210964607911173	31.484216077751828	0.0	39819	43230	0.0	True
GO:0022613	ribonucleoprotein complex biogenesis	biological_process	3	0.9210964607911173	3.256987870112258	0.0	39819	43230	0.0	True
GO:0042273	ribosomal large subunit biogenesis	biological_process	2	0.9210964607911173	2.1713252467415054	0.0	39819	43230	0.0	True
GO:0051170	import into nucleus	biological_process	5	0.9210964607911173	5.428313116853763	0.0	39819	43230	0.0	True
GO:0033036	macromolecule localization	biological_process	33	0.9210964607911173	35.82686657123484	0.0	39819	43230	0.0	True
GO:0034504	protein localization to nucleus	biological_process	5	0.9210964607911173	5.428313116853763	0.0	39819	43230	0.0	True
GO:0006913	nucleocytoplasmic transport	biological_process	10	0.9210964607911173	10.856626233707527	0.0	39819	43230	0.0	True
GO:0051641	cellular localization	biological_process	52	0.9210964607911173	56.45445641527914	0.0	39819	43230	0.0	True
GO:0008104	intracellular protein localization	biological_process	33	0.9210964607911173	35.82686657123484	0.0	39819	43230	0.0	True
GO:0051169	nuclear transport	biological_process	10	0.9210964607911173	10.856626233707527	0.0	39819	43230	0.0	True
GO:0046907	intracellular transport	biological_process	43	0.9210964607911173	46.68349280494236	0.0	39819	43230	0.0	True
GO:0006886	intracellular protein transport	biological_process	16	0.9210964607911173	17.370601973932043	0.0	39819	43230	0.0	True
GO:0045184	establishment of protein localization	biological_process	34	0.9210964607911173	36.91252919460559	0.0	39819	43230	0.0	True
GO:0015031	protein transport	biological_process	26	0.9210964607911173	28.22722820763957	0.0	39819	43230	0.0	True
GO:0072594	establishment of protein localization to organelle	biological_process	15	0.9210964607911173	16.284939350561288	0.0	39819	43230	0.0	True
GO:0033365	protein localization to organelle	biological_process	11	0.9210964607911173	11.94228885707828	0.0	39819	43230	0.0	True
GO:0051649	establishment of localization in cell	biological_process	53	0.9210964607911173	57.54011903864989	0.0	39819	43230	0.0	True
GO:0019432	triglyceride biosynthetic process	biological_process	16	0.9210964607911173	17.370601973932043	0.0	39819	43230	0.0	True
GO:0016411	acylglycerol O-acyltransferase activity	molecular_function	10	0.9210964607911173	10.856626233707527	0.0	39819	43230	0.0	True
GO:0008374	O-acyltransferase activity	molecular_function	22	0.9210964607911173	23.88457771415656	0.0	39819	43230	0.0	True
GO:0004144	diacylglycerol O-acyltransferase activity	molecular_function	6	0.9210964607911173	6.513975740224516	0.0	39819	43230	0.0	True
GO:0006805	xenobiotic metabolic process	biological_process	17	0.9210964607911173	18.456264597302795	0.0	39819	43230	0.0	True
GO:0051246	regulation of protein metabolic process	biological_process	9	0.9210964607911173	9.770963610336773	0.0	39819	43230	0.0	True
GO:0010608	post-transcriptional regulation of gene expression	biological_process	9	0.9210964607911173	9.770963610336773	0.0	39819	43230	0.0	True
GO:0080090	regulation of primary metabolic process	biological_process	53	0.9210964607911173	57.54011903864989	0.0	39819	43230	0.0	True
GO:0006417	regulation of translation	biological_process	7	0.9210964607911173	7.599638363595268	0.0	39819	43230	0.0	True
GO:0042393	histone binding	molecular_function	7	0.9210964607911173	7.599638363595268	0.0	39819	43230	0.0	True
GO:0016818	hydrolase activity, acting on acid anhydrides, in phosphorus-containing anhydrides	molecular_function	50	0.9210964607911173	54.28313116853763	0.0	39819	43230	0.0	True
GO:0016462	pyrophosphatase activity	molecular_function	49	0.9210964607911173	53.19746854516688	0.0	39819	43230	0.0	True
GO:0017111	ribonucleoside triphosphate phosphatase activity	molecular_function	44	0.9210964607911173	47.76915542831312	0.0	39819	43230	0.0	True
GO:0016817	hydrolase activity, acting on acid anhydrides	molecular_function	50	0.9210964607911173	54.28313116853763	0.0	39819	43230	0.0	True
GO:0016887	ATP hydrolysis activity	molecular_function	25	0.9210964607911173	27.141565584268815	0.0	39819	43230	0.0	True
GO:0044085	cellular component biogenesis	biological_process	3	0.9210964607911173	3.256987870112258	0.0	39819	43230	0.0	True
GO:0006259	DNA metabolic process	biological_process	51	0.9210964607911173	55.36879379190839	0.0	39819	43230	0.0	True
GO:0006302	double-strand break repair	biological_process	10	0.9210964607911173	10.856626233707527	0.0	39819	43230	0.0	True
GO:0003697	single-stranded DNA binding	molecular_function	6	0.9210964607911173	6.513975740224516	0.0	39819	43230	0.0	True
GO:0008081	phosphoric diester hydrolase activity	molecular_function	10	0.9210964607911173	10.856626233707527	0.0	39819	43230	0.0	True
GO:0016604	nuclear body	cellular_component	3	0.9210964607911173	3.256987870112258	0.0	39819	43230	0.0	True
GO:0071617	lysophospholipid acyltransferase activity	molecular_function	4	0.9210964607911173	4.342650493483011	0.0	39819	43230	0.0	True
GO:0042171	lysophosphatidic acid acyltransferase activity	molecular_function	4	0.9210964607911173	4.342650493483011	0.0	39819	43230	0.0	True
GO:0003841	1-acylglycerol-3-phosphate O-acyltransferase activity	molecular_function	4	0.9210964607911173	4.342650493483011	0.0	39819	43230	0.0	True
GO:0012505	endomembrane system	cellular_component	15	0.9210964607911173	16.284939350561288	0.0	39819	43230	0.0	True
GO:0045017	glycerolipid biosynthetic process	biological_process	20	0.9210964607911173	21.713252467415053	0.0	39819	43230	0.0	True
GO:0006641	triglyceride metabolic process	biological_process	16	0.9210964607911173	17.370601973932043	0.0	39819	43230	0.0	True
GO:0046486	glycerolipid metabolic process	biological_process	24	0.9210964607911173	26.055902960898063	0.0	39819	43230	0.0	True
GO:0046463	acylglycerol biosynthetic process	biological_process	16	0.9210964607911173	17.370601973932043	0.0	39819	43230	0.0	True
GO:0006639	acylglycerol metabolic process	biological_process	16	0.9210964607911173	17.370601973932043	0.0	39819	43230	0.0	True
GO:0046460	neutral lipid biosynthetic process	biological_process	16	0.9210964607911173	17.370601973932043	0.0	39819	43230	0.0	True
GO:0006638	neutral lipid metabolic process	biological_process	16	0.9210964607911173	17.370601973932043	0.0	39819	43230	0.0	True
GO:0022803	passive transmembrane transporter activity	molecular_function	60	0.9210964607911173	65.13975740224515	0.0	39819	43230	0.0	True
GO:0005243	gap junction channel activity	molecular_function	5	0.9210964607911173	5.428313116853763	0.0	39819	43230	0.0	True
GO:0005911	cell-cell junction	cellular_component	9	0.9210964607911173	9.770963610336773	0.0	39819	43230	0.0	True
GO:0070161	anchoring junction	cellular_component	9	0.9210964607911173	9.770963610336773	0.0	39819	43230	0.0	True
GO:0030054	cell junction	cellular_component	14	0.9210964607911173	15.199276727190536	0.0	39819	43230	0.0	True
GO:0005921	gap junction	cellular_component	5	0.9210964607911173	5.428313116853763	0.0	39819	43230	0.0	True
GO:0031591	wybutosine biosynthetic process	biological_process	2	0.9210964607911173	2.1713252467415054	0.0	39819	43230	0.0	True
GO:0000049	tRNA binding	molecular_function	2	0.9210964607911173	2.1713252467415054	0.0	39819	43230	0.0	True
GO:0016197	endosomal transport	biological_process	10	0.9210964607911173	10.856626233707527	0.0	39819	43230	0.0	True
GO:0048193	Golgi vesicle transport	biological_process	9	0.9210964607911173	9.770963610336773	0.0	39819	43230	0.0	True
GO:0006888	endoplasmic reticulum to Golgi vesicle-mediated transport	biological_process	7	0.9210964607911173	7.599638363595268	0.0	39819	43230	0.0	True
GO:0010008	endosome membrane	cellular_component	10	0.9210964607911173	10.856626233707527	0.0	39819	43230	0.0	True
GO:0031902	late endosome membrane	cellular_component	7	0.9210964607911173	7.599638363595268	0.0	39819	43230	0.0	True
GO:0005794	Golgi apparatus	cellular_component	10	0.9210964607911173	10.856626233707527	0.0	39819	43230	0.0	True
GO:0006281	DNA repair	biological_process	26	0.9210964607911173	28.22722820763957	0.0	39819	43230	0.0	True
GO:0006974	DNA damage response	biological_process	31	0.9210964607911173	33.655541324493335	0.0	39819	43230	0.0	True
GO:0031418	L-ascorbic acid binding	molecular_function	11	0.9210964607911173	11.94228885707828	0.0	39819	43230	0.0	True
GO:0005783	endoplasmic reticulum	cellular_component	23	0.9210964607911173	24.97024033752731	0.0	39819	43230	0.0	True
GO:0052689	carboxylic ester hydrolase activity	molecular_function	9	0.9210964607911173	9.770963610336773	0.0	39819	43230	0.0	True
GO:0051606	detection of stimulus	biological_process	13	0.9210964607911173	14.113614103819785	0.0	39819	43230	0.0	True
GO:0009605	response to external stimulus	biological_process	15	0.9210964607911173	16.284939350561288	0.0	39819	43230	0.0	True
GO:0009581	detection of external stimulus	biological_process	5	0.9210964607911173	5.428313116853763	0.0	39819	43230	0.0	True
GO:0009583	detection of light stimulus	biological_process	5	0.9210964607911173	5.428313116853763	0.0	39819	43230	0.0	True
GO:0009314	response to radiation	biological_process	6	0.9210964607911173	6.513975740224516	0.0	39819	43230	0.0	True
GO:0009416	response to light stimulus	biological_process	5	0.9210964607911173	5.428313116853763	0.0	39819	43230	0.0	True
GO:0009582	detection of abiotic stimulus	biological_process	5	0.9210964607911173	5.428313116853763	0.0	39819	43230	0.0	True
GO:0009628	response to abiotic stimulus	biological_process	8	0.9210964607911173	8.685300986966022	0.0	39819	43230	0.0	True
GO:0007602	phototransduction	biological_process	5	0.9210964607911173	5.428313116853763	0.0	39819	43230	0.0	True
GO:0055085	transmembrane transport	biological_process	22	0.9210964607911173	23.88457771415656	0.0	39819	43230	0.0	True
GO:0034220	monoatomic ion transmembrane transport	biological_process	12	0.9210964607911173	13.027951480449032	0.0	39819	43230	0.0	True
GO:0022829	wide pore channel activity	molecular_function	5	0.9210964607911173	5.428313116853763	0.0	39819	43230	0.0	True
GO:0015267	channel activity	molecular_function	60	0.9210964607911173	65.13975740224515	0.0	39819	43230	0.0	True
GO:0003008	system process	biological_process	26	0.9210964607911173	28.22722820763957	0.0	39819	43230	0.0	True
GO:0050909	sensory perception of taste	biological_process	2	0.9210964607911173	2.1713252467415054	0.0	39819	43230	0.0	True
GO:0050877	nervous system process	biological_process	22	0.9210964607911173	23.88457771415656	0.0	39819	43230	0.0	True
GO:0007606	sensory perception of chemical stimulus	biological_process	10	0.9210964607911173	10.856626233707527	0.0	39819	43230	0.0	True
GO:0050916	sensory perception of sweet taste	biological_process	2	0.9210964607911173	2.1713252467415054	0.0	39819	43230	0.0	True
GO:0008527	taste receptor activity	molecular_function	2	0.9210964607911173	2.1713252467415054	0.0	39819	43230	0.0	True
GO:0016706	2-oxoglutarate-dependent dioxygenase activity	molecular_function	13	0.9210964607911173	14.113614103819785	0.0	39819	43230	0.0	True
GO:0019798	procollagen-proline dioxygenase activity	molecular_function	11	0.9210964607911173	11.94228885707828	0.0	39819	43230	0.0	True
GO:0031543	peptidyl-proline dioxygenase activity	molecular_function	11	0.9210964607911173	11.94228885707828	0.0	39819	43230	0.0	True
GO:0051213	dioxygenase activity	molecular_function	16	0.9210964607911173	17.370601973932043	0.0	39819	43230	0.0	True
GO:0031545	peptidyl-proline 4-dioxygenase activity	molecular_function	11	0.9210964607911173	11.94228885707828	0.0	39819	43230	0.0	True
GO:0004656	procollagen-proline 4-dioxygenase activity	molecular_function	11	0.9210964607911173	11.94228885707828	0.0	39819	43230	0.0	True
GO:0031406	carboxylic acid binding	molecular_function	13	0.9210964607911173	14.113614103819785	0.0	39819	43230	0.0	True
GO:0043177	organic acid binding	molecular_function	13	0.9210964607911173	14.113614103819785	0.0	39819	43230	0.0	True
GO:0030246	carbohydrate binding	molecular_function	22	0.9210964607911173	23.88457771415656	0.0	39819	43230	0.0	True
GO:0048029	monosaccharide binding	molecular_function	11	0.9210964607911173	11.94228885707828	0.0	39819	43230	0.0	True
GO:0015444	P-type magnesium transporter activity	molecular_function	2	0.9210964607911173	2.1713252467415054	0.0	39819	43230	0.0	True
GO:0033017	sarcoplasmic reticulum membrane	cellular_component	2	0.9210964607911173	2.1713252467415054	0.0	39819	43230	0.0	True
GO:0000038	very long-chain fatty acid metabolic process	biological_process	4	0.9210964607911173	4.342650493483011	0.0	39819	43230	0.0	True
GO:0042761	very long-chain fatty acid biosynthetic process	biological_process	4	0.9210964607911173	4.342650493483011	0.0	39819	43230	0.0	True
GO:0006643	membrane lipid metabolic process	biological_process	10	0.9210964607911173	10.856626233707527	0.0	39819	43230	0.0	True
GO:0006665	sphingolipid metabolic process	biological_process	8	0.9210964607911173	8.685300986966022	0.0	39819	43230	0.0	True
GO:0046467	membrane lipid biosynthetic process	biological_process	9	0.9210964607911173	9.770963610336773	0.0	39819	43230	0.0	True
GO:0030148	sphingolipid biosynthetic process	biological_process	7	0.9210964607911173	7.599638363595268	0.0	39819	43230	0.0	True
GO:0019367	fatty acid elongation, saturated fatty acid	biological_process	4	0.9210964607911173	4.342650493483011	0.0	39819	43230	0.0	True
GO:0034626	fatty acid elongation, polyunsaturated fatty acid	biological_process	4	0.9210964607911173	4.342650493483011	0.0	39819	43230	0.0	True
GO:0030497	fatty acid elongation	biological_process	12	0.9210964607911173	13.027951480449032	0.0	39819	43230	0.0	True
GO:0019368	fatty acid elongation, unsaturated fatty acid	biological_process	8	0.9210964607911173	8.685300986966022	0.0	39819	43230	0.0	True
GO:0034625	fatty acid elongation, monounsaturated fatty acid	biological_process	4	0.9210964607911173	4.342650493483011	0.0	39819	43230	0.0	True
GO:0009922	fatty acid elongase activity	molecular_function	4	0.9210964607911173	4.342650493483011	0.0	39819	43230	0.0	True
GO:0007600	sensory perception	biological_process	22	0.9210964607911173	23.88457771415656	0.0	39819	43230	0.0	True
GO:0032501	multicellular organismal process	biological_process	30	0.9210964607911173	32.569878701122576	0.0	39819	43230	0.0	True
GO:0009620	response to fungus	biological_process	8	0.9210964607911173	8.685300986966022	0.0	39819	43230	0.0	True
GO:0043207	response to external biotic stimulus	biological_process	10	0.9210964607911173	10.856626233707527	0.0	39819	43230	0.0	True
GO:0009607	response to biotic stimulus	biological_process	10	0.9210964607911173	10.856626233707527	0.0	39819	43230	0.0	True
GO:0050832	defense response to fungus	biological_process	8	0.9210964607911173	8.685300986966022	0.0	39819	43230	0.0	True
GO:0042626	ATPase-coupled transmembrane transporter activity	molecular_function	11	0.9210964607911173	11.94228885707828	0.0	39819	43230	0.0	True
GO:0015095	magnesium ion transmembrane transporter activity	molecular_function	2	0.9210964607911173	2.1713252467415054	0.0	39819	43230	0.0	True
GO:0046873	metal ion transmembrane transporter activity	molecular_function	26	0.9210964607911173	28.22722820763957	0.0	39819	43230	0.0	True
GO:0140358	P-type transmembrane transporter activity	molecular_function	3	0.9210964607911173	3.256987870112258	0.0	39819	43230	0.0	True
GO:0022890	inorganic cation transmembrane transporter activity	molecular_function	26	0.9210964607911173	28.22722820763957	0.0	39819	43230	0.0	True
GO:0019829	ATPase-coupled monoatomic cation transmembrane transporter activity	molecular_function	3	0.9210964607911173	3.256987870112258	0.0	39819	43230	0.0	True
GO:0008324	monoatomic cation transmembrane transporter activity	molecular_function	31	0.9210964607911173	33.655541324493335	0.0	39819	43230	0.0	True
GO:0022853	active monoatomic ion transmembrane transporter activity	molecular_function	3	0.9210964607911173	3.256987870112258	0.0	39819	43230	0.0	True
GO:0015399	primary active transmembrane transporter activity	molecular_function	11	0.9210964607911173	11.94228885707828	0.0	39819	43230	0.0	True
GO:0015075	monoatomic ion transmembrane transporter activity	molecular_function	75	0.9210964607911173	81.42469675280645	0.0	39819	43230	0.0	True
GO:0015318	inorganic molecular entity transmembrane transporter activity	molecular_function	43	0.9210964607911173	46.68349280494236	0.0	39819	43230	0.0	True
GO:0015662	P-type ion transporter activity	molecular_function	3	0.9210964607911173	3.256987870112258	0.0	39819	43230	0.0	True
GO:0006357	regulation of transcription by RNA polymerase II	biological_process	24	0.9210964607911173	26.055902960898063	0.0	39819	43230	0.0	True
GO:0140352	export from cell	biological_process	10	0.9210964607911173	10.856626233707527	0.0	39819	43230	0.0	True
GO:0032940	secretion by cell	biological_process	10	0.9210964607911173	10.856626233707527	0.0	39819	43230	0.0	True
GO:0046903	secretion	biological_process	10	0.9210964607911173	10.856626233707527	0.0	39819	43230	0.0	True
GO:0006887	exocytosis	biological_process	8	0.9210964607911173	8.685300986966022	0.0	39819	43230	0.0	True
GO:0097708	intracellular vesicle	cellular_component	16	0.9210964607911173	17.370601973932043	0.0	39819	43230	0.0	True
GO:0031410	cytoplasmic vesicle	cellular_component	16	0.9210964607911173	17.370601973932043	0.0	39819	43230	0.0	True
GO:0031982	vesicle	cellular_component	17	0.9210964607911173	18.456264597302795	0.0	39819	43230	0.0	True
GO:0099503	secretory vesicle	cellular_component	4	0.9210964607911173	4.342650493483011	0.0	39819	43230	0.0	True
GO:0141060	disruption of anatomical structure in another organism	biological_process	8	0.9210964607911173	8.685300986966022	0.0	39819	43230	0.0	True
GO:0141061	disruption of cell in another organism	biological_process	8	0.9210964607911173	8.685300986966022	0.0	39819	43230	0.0	True
GO:0001906	cell killing	biological_process	8	0.9210964607911173	8.685300986966022	0.0	39819	43230	0.0	True
GO:0031640	killing of cells of another organism	biological_process	8	0.9210964607911173	8.685300986966022	0.0	39819	43230	0.0	True
GO:0044419	biological process involved in interspecies interaction between organisms	biological_process	18	0.9210964607911173	19.541927220673546	0.0	39819	43230	0.0	True
GO:0006952	defense response	biological_process	10	0.9210964607911173	10.856626233707527	0.0	39819	43230	0.0	True
GO:0051707	response to other organism	biological_process	10	0.9210964607911173	10.856626233707527	0.0	39819	43230	0.0	True
GO:0009101	glycoprotein biosynthetic process	biological_process	22	0.9210964607911173	23.88457771415656	0.0	39819	43230	0.0	True
GO:1901137	carbohydrate derivative biosynthetic process	biological_process	34	0.9210964607911173	36.91252919460559	0.0	39819	43230	0.0	True
GO:0006491	N-glycan processing	biological_process	2	0.9210964607911173	2.1713252467415054	0.0	39819	43230	0.0	True
GO:0005996	monosaccharide metabolic process	biological_process	10	0.9210964607911173	10.856626233707527	0.0	39819	43230	0.0	True
GO:0005975	carbohydrate metabolic process	biological_process	29	0.9210964607911173	31.484216077751828	0.0	39819	43230	0.0	True
GO:0019318	hexose metabolic process	biological_process	7	0.9210964607911173	7.599638363595268	0.0	39819	43230	0.0	True
GO:0006013	mannose metabolic process	biological_process	2	0.9210964607911173	2.1713252467415054	0.0	39819	43230	0.0	True
GO:0015923	mannosidase activity	molecular_function	2	0.9210964607911173	2.1713252467415054	0.0	39819	43230	0.0	True
GO:0004559	alpha-mannosidase activity	molecular_function	2	0.9210964607911173	2.1713252467415054	0.0	39819	43230	0.0	True
GO:0000139	Golgi membrane	cellular_component	17	0.9210964607911173	18.456264597302795	0.0	39819	43230	0.0	True
GO:0005319	lipid transporter activity	molecular_function	16	0.9210964607911173	17.370601973932043	0.0	39819	43230	0.0	True
GO:0140359	ABC-type transporter activity	molecular_function	8	0.9210964607911173	8.685300986966022	0.0	39819	43230	0.0	True
GO:0019219	regulation of nucleobase-containing compound metabolic process	biological_process	43	0.9210964607911173	46.68349280494236	0.0	39819	43230	0.0	True
GO:0006355	regulation of DNA-templated transcription	biological_process	37	0.9210964607911173	40.169517064717844	0.0	39819	43230	0.0	True
GO:2001141	regulation of RNA biosynthetic process	biological_process	37	0.9210964607911173	40.169517064717844	0.0	39819	43230	0.0	True
GO:0051252	regulation of RNA metabolic process	biological_process	40	0.9210964607911173	43.426504934830106	0.0	39819	43230	0.0	True
GO:0004866	endopeptidase inhibitor activity	molecular_function	7	0.9210964607911173	7.599638363595268	0.0	39819	43230	0.0	True
GO:0004867	serine-type endopeptidase inhibitor activity	molecular_function	7	0.9210964607911173	7.599638363595268	0.0	39819	43230	0.0	True
GO:0006520	amino acid metabolic process	biological_process	18	0.9210964607911173	19.541927220673546	0.0	39819	43230	0.0	True
GO:0016597	amino acid binding	molecular_function	3	0.9210964607911173	3.256987870112258	0.0	39819	43230	0.0	True
GO:0006518	peptide metabolic process	biological_process	9	0.9210964607911173	9.770963610336773	0.0	39819	43230	0.0	True
GO:0043171	peptide catabolic process	biological_process	7	0.9210964607911173	7.599638363595268	0.0	39819	43230	0.0	True
GO:0008235	metalloexopeptidase activity	molecular_function	14	0.9210964607911173	15.199276727190536	0.0	39819	43230	0.0	True
GO:0016805	dipeptidase activity	molecular_function	4	0.9210964607911173	4.342650493483011	0.0	39819	43230	0.0	True
GO:0070573	metallodipeptidase activity	molecular_function	4	0.9210964607911173	4.342650493483011	0.0	39819	43230	0.0	True
GO:0008238	exopeptidase activity	molecular_function	20	0.9210964607911173	21.713252467415053	0.0	39819	43230	0.0	True
GO:0004180	carboxypeptidase activity	molecular_function	7	0.9210964607911173	7.599638363595268	0.0	39819	43230	0.0	True
GO:0005773	vacuole	cellular_component	6	0.9210964607911173	6.513975740224516	0.0	39819	43230	0.0	True
GO:0000323	lytic vacuole	cellular_component	6	0.9210964607911173	6.513975740224516	0.0	39819	43230	0.0	True
GO:0005764	lysosome	cellular_component	6	0.9210964607911173	6.513975740224516	0.0	39819	43230	0.0	True
GO:0009100	glycoprotein metabolic process	biological_process	22	0.9210964607911173	23.88457771415656	0.0	39819	43230	0.0	True
GO:0006487	protein N-linked glycosylation	biological_process	6	0.9210964607911173	6.513975740224516	0.0	39819	43230	0.0	True
GO:0006493	protein O-linked glycosylation	biological_process	15	0.9210964607911173	16.284939350561288	0.0	39819	43230	0.0	True
GO:0008376	acetylgalactosaminyltransferase activity	molecular_function	2	0.9210964607911173	2.1713252467415054	0.0	39819	43230	0.0	True
GO:0004653	polypeptide N-acetylgalactosaminyltransferase activity	molecular_function	2	0.9210964607911173	2.1713252467415054	0.0	39819	43230	0.0	True
GO:0003924	GTPase activity	molecular_function	18	0.9210964607911173	19.541927220673546	0.0	39819	43230	0.0	True
GO:0016853	isomerase activity	molecular_function	25	0.9210964607911173	27.141565584268815	0.0	39819	43230	0.0	True
GO:0016859	cis-trans isomerase activity	molecular_function	4	0.9210964607911173	4.342650493483011	0.0	39819	43230	0.0	True
GO:0008452	RNA ligase activity	molecular_function	2	0.9210964607911173	2.1713252467415054	0.0	39819	43230	0.0	True
GO:0016886	ligase activity, forming phosphoric ester bonds	molecular_function	2	0.9210964607911173	2.1713252467415054	0.0	39819	43230	0.0	True
GO:0003755	peptidyl-prolyl cis-trans isomerase activity	molecular_function	4	0.9210964607911173	4.342650493483011	0.0	39819	43230	0.0	True
GO:0030234	enzyme regulator activity	molecular_function	27	0.9210964607911173	29.31289083101032	0.0	39819	43230	0.0	True
GO:0098772	molecular function regulator activity	molecular_function	36	0.9210964607911173	39.08385444134709	0.0	39819	43230	0.0	True
GO:0061135	endopeptidase regulator activity	molecular_function	7	0.9210964607911173	7.599638363595268	0.0	39819	43230	0.0	True
GO:0140678	molecular function inhibitor activity	molecular_function	9	0.9210964607911173	9.770963610336773	0.0	39819	43230	0.0	True
GO:0030414	peptidase inhibitor activity	molecular_function	9	0.9210964607911173	9.770963610336773	0.0	39819	43230	0.0	True
GO:0004857	enzyme inhibitor activity	molecular_function	9	0.9210964607911173	9.770963610336773	0.0	39819	43230	0.0	True
GO:0061134	peptidase regulator activity	molecular_function	9	0.9210964607911173	9.770963610336773	0.0	39819	43230	0.0	True
GO:0000422	autophagy of mitochondrion	biological_process	2	0.9210964607911173	2.1713252467415054	0.0	39819	43230	0.0	True
GO:0071495	cellular response to endogenous stimulus	biological_process	2	0.9210964607911173	2.1713252467415054	0.0	39819	43230	0.0	True
GO:0009725	response to hormone	biological_process	2	0.9210964607911173	2.1713252467415054	0.0	39819	43230	0.0	True
GO:0009719	response to endogenous stimulus	biological_process	2	0.9210964607911173	2.1713252467415054	0.0	39819	43230	0.0	True
GO:0032870	cellular response to hormone stimulus	biological_process	2	0.9210964607911173	2.1713252467415054	0.0	39819	43230	0.0	True
GO:0005811	lipid droplet	cellular_component	5	0.9210964607911173	5.428313116853763	0.0	39819	43230	0.0	True
GO:0051453	regulation of intracellular pH	biological_process	4	0.9210964607911173	4.342650493483011	0.0	39819	43230	0.0	True
GO:0042162	telomeric DNA binding	molecular_function	2	0.9210964607911173	2.1713252467415054	0.0	39819	43230	0.0	True
GO:0050614	Delta24-sterol reductase activity	molecular_function	2	0.9210964607911173	2.1713252467415054	0.0	39819	43230	0.0	True
GO:0000246	Delta24(24-1) sterol reductase activity	molecular_function	2	0.9210964607911173	2.1713252467415054	0.0	39819	43230	0.0	True
GO:0061919	process utilizing autophagic mechanism	biological_process	5	0.9210964607911173	5.428313116853763	0.0	39819	43230	0.0	True
GO:0035695	mitophagy by internal vacuole formation	biological_process	2	0.9210964607911173	2.1713252467415054	0.0	39819	43230	0.0	True
GO:0035694	mitochondrial protein catabolic process	biological_process	2	0.9210964607911173	2.1713252467415054	0.0	39819	43230	0.0	True
GO:0019867	outer membrane	cellular_component	5	0.9210964607911173	5.428313116853763	0.0	39819	43230	0.0	True
GO:0031968	organelle outer membrane	cellular_component	5	0.9210964607911173	5.428313116853763	0.0	39819	43230	0.0	True
GO:0005741	mitochondrial outer membrane	cellular_component	5	0.9210964607911173	5.428313116853763	0.0	39819	43230	0.0	True
GO:0000175	3'-5'-RNA exonuclease activity	molecular_function	4	0.9210964607911173	4.342650493483011	0.0	39819	43230	0.0	True
GO:0005730	nucleolus	cellular_component	9	0.9210964607911173	9.770963610336773	0.0	39819	43230	0.0	True
GO:0015701	bicarbonate transport	biological_process	4	0.9210964607911173	4.342650493483011	0.0	39819	43230	0.0	True
GO:0015297	antiporter activity	molecular_function	4	0.9210964607911173	4.342650493483011	0.0	39819	43230	0.0	True
GO:0005452	solute:inorganic anion antiporter activity	molecular_function	4	0.9210964607911173	4.342650493483011	0.0	39819	43230	0.0	True
GO:0004499	N,N-dimethylaniline monooxygenase activity	molecular_function	5	0.9210964607911173	5.428313116853763	0.0	39819	43230	0.0	True
GO:0016668	oxidoreductase activity, acting on a sulfur group of donors, NAD(P) as acceptor	molecular_function	2	0.9210964607911173	2.1713252467415054	0.0	39819	43230	0.0	True
GO:0016667	oxidoreductase activity, acting on a sulfur group of donors	molecular_function	2	0.9210964607911173	2.1713252467415054	0.0	39819	43230	0.0	True
GO:0015036	disulfide oxidoreductase activity	molecular_function	2	0.9210964607911173	2.1713252467415054	0.0	39819	43230	0.0	True
GO:0016073	snRNA metabolic process	biological_process	3	0.9210964607911173	3.256987870112258	0.0	39819	43230	0.0	True
GO:0009301	snRNA transcription	biological_process	2	0.9210964607911173	2.1713252467415054	0.0	39819	43230	0.0	True
GO:0005667	transcription regulator complex	cellular_component	6	0.9210964607911173	6.513975740224516	0.0	39819	43230	0.0	True
GO:0005774	vacuolar membrane	cellular_component	6	0.9210964607911173	6.513975740224516	0.0	39819	43230	0.0	True
GO:0098852	lytic vacuole membrane	cellular_component	6	0.9210964607911173	6.513975740224516	0.0	39819	43230	0.0	True
GO:0005765	lysosomal membrane	cellular_component	6	0.9210964607911173	6.513975740224516	0.0	39819	43230	0.0	True
GO:0006914	autophagy	biological_process	5	0.9210964607911173	5.428313116853763	0.0	39819	43230	0.0	True
GO:0010558	negative regulation of macromolecule biosynthetic process	biological_process	23	0.9210964607911173	24.97024033752731	0.0	39819	43230	0.0	True
GO:0010605	negative regulation of macromolecule metabolic process	biological_process	24	0.9210964607911173	26.055902960898063	0.0	39819	43230	0.0	True
GO:0048519	negative regulation of biological process	biological_process	49	0.9210964607911173	53.19746854516688	0.0	39819	43230	0.0	True
GO:0141188	nucleic acid catabolic process	biological_process	20	0.9210964607911173	21.713252467415053	0.0	39819	43230	0.0	True
GO:1990811	MWP complex	cellular_component	3	0.9210964607911173	3.256987870112258	0.0	39819	43230	0.0	True
GO:0045333	cellular respiration	biological_process	2	0.9210964607911173	2.1713252467415054	0.0	39819	43230	0.0	True
GO:0019646	aerobic electron transport chain	biological_process	2	0.9210964607911173	2.1713252467415054	0.0	39819	43230	0.0	True
GO:0009060	aerobic respiration	biological_process	2	0.9210964607911173	2.1713252467415054	0.0	39819	43230	0.0	True
GO:0050953	sensory perception of light stimulus	biological_process	11	0.9210964607911173	11.94228885707828	0.0	39819	43230	0.0	True
GO:0034655	nucleobase-containing compound catabolic process	biological_process	22	0.9210964607911173	23.88457771415656	0.0	39819	43230	0.0	True
GO:0006364	rRNA processing	biological_process	7	0.9210964607911173	7.599638363595268	0.0	39819	43230	0.0	True
GO:0016072	rRNA metabolic process	biological_process	8	0.9210964607911173	8.685300986966022	0.0	39819	43230	0.0	True
GO:0016896	RNA exonuclease activity, producing 5'-phosphomonoesters	molecular_function	4	0.9210964607911173	4.342650493483011	0.0	39819	43230	0.0	True
GO:0008408	3'-5' exonuclease activity	molecular_function	9	0.9210964607911173	9.770963610336773	0.0	39819	43230	0.0	True
GO:0004532	RNA exonuclease activity	molecular_function	4	0.9210964607911173	4.342650493483011	0.0	39819	43230	0.0	True
GO:0004527	exonuclease activity	molecular_function	11	0.9210964607911173	11.94228885707828	0.0	39819	43230	0.0	True
GO:0044550	secondary metabolite biosynthetic process	biological_process	3	0.9210964607911173	3.256987870112258	0.0	39819	43230	0.0	True
GO:0042810	pheromone metabolic process	biological_process	3	0.9210964607911173	3.256987870112258	0.0	39819	43230	0.0	True
GO:0042811	pheromone biosynthetic process	biological_process	3	0.9210964607911173	3.256987870112258	0.0	39819	43230	0.0	True
GO:0004161	dimethylallyltranstransferase activity	molecular_function	3	0.9210964607911173	3.256987870112258	0.0	39819	43230	0.0	True
GO:0004659	prenyltransferase activity	molecular_function	6	0.9210964607911173	6.513975740224516	0.0	39819	43230	0.0	True
GO:0120531	prenyl diphosphate synthase activity	molecular_function	6	0.9210964607911173	6.513975740224516	0.0	39819	43230	0.0	True
GO:0004337	(2E,6E)-farnesyl diphosphate synthase activity	molecular_function	3	0.9210964607911173	3.256987870112258	0.0	39819	43230	0.0	True
GO:0071025	RNA surveillance	biological_process	7	0.9210964607911173	7.599638363595268	0.0	39819	43230	0.0	True
GO:0071027	nuclear RNA surveillance	biological_process	6	0.9210964607911173	6.513975740224516	0.0	39819	43230	0.0	True
GO:0006401	RNA catabolic process	biological_process	18	0.9210964607911173	19.541927220673546	0.0	39819	43230	0.0	True
GO:0010629	negative regulation of gene expression	biological_process	19	0.9210964607911173	20.6275898440443	0.0	39819	43230	0.0	True
GO:0000956	nuclear-transcribed mRNA catabolic process	biological_process	8	0.9210964607911173	8.685300986966022	0.0	39819	43230	0.0	True
GO:0009892	negative regulation of metabolic process	biological_process	25	0.9210964607911173	27.141565584268815	0.0	39819	43230	0.0	True
GO:0048523	negative regulation of cellular process	biological_process	48	0.9210964607911173	52.111805921796126	0.0	39819	43230	0.0	True
GO:0006402	mRNA catabolic process	biological_process	10	0.9210964607911173	10.856626233707527	0.0	39819	43230	0.0	True
GO:0009890	negative regulation of biosynthetic process	biological_process	23	0.9210964607911173	24.97024033752731	0.0	39819	43230	0.0	True
GO:0034595	phosphatidylinositol phosphate 5-phosphatase activity	molecular_function	2	0.9210964607911173	2.1713252467415054	0.0	39819	43230	0.0	True
GO:0034593	phosphatidylinositol bisphosphate phosphatase activity	molecular_function	2	0.9210964607911173	2.1713252467415054	0.0	39819	43230	0.0	True
GO:0106019	phosphatidylinositol-4,5-bisphosphate phosphatase activity	molecular_function	2	0.9210964607911173	2.1713252467415054	0.0	39819	43230	0.0	True
GO:0004439	phosphatidylinositol-4,5-bisphosphate 5-phosphatase activity	molecular_function	2	0.9210964607911173	2.1713252467415054	0.0	39819	43230	0.0	True
GO:0071577	zinc ion transmembrane transport	biological_process	2	0.9210964607911173	2.1713252467415054	0.0	39819	43230	0.0	True
GO:0000041	transition metal ion transport	biological_process	2	0.9210964607911173	2.1713252467415054	0.0	39819	43230	0.0	True
GO:0006829	zinc ion transport	biological_process	2	0.9210964607911173	2.1713252467415054	0.0	39819	43230	0.0	True
GO:0006399	tRNA metabolic process	biological_process	10	0.9210964607911173	10.856626233707527	0.0	39819	43230	0.0	True
GO:0016074	sno(s)RNA metabolic process	biological_process	2	0.9210964607911173	2.1713252467415054	0.0	39819	43230	0.0	True
GO:0007601	visual perception	biological_process	11	0.9210964607911173	11.94228885707828	0.0	39819	43230	0.0	True
GO:0004301	epoxide hydrolase activity	molecular_function	2	0.9210964607911173	2.1713252467415054	0.0	39819	43230	0.0	True
GO:0016803	ether hydrolase activity	molecular_function	2	0.9210964607911173	2.1713252467415054	0.0	39819	43230	0.0	True
GO:0016801	hydrolase activity, acting on ether bonds	molecular_function	2	0.9210964607911173	2.1713252467415054	0.0	39819	43230	0.0	True
GO:0003725	double-stranded RNA binding	molecular_function	3	0.9210964607911173	3.256987870112258	0.0	39819	43230	0.0	True
GO:0070566	adenylyltransferase activity	molecular_function	3	0.9210964607911173	3.256987870112258	0.0	39819	43230	0.0	True
GO:0001730	2'-5'-oligoadenylate synthetase activity	molecular_function	3	0.9210964607911173	3.256987870112258	0.0	39819	43230	0.0	True
GO:0008276	protein methyltransferase activity	molecular_function	7	0.9210964607911173	7.599638363595268	0.0	39819	43230	0.0	True
GO:0140938	histone H3 methyltransferase activity	molecular_function	4	0.9210964607911173	4.342650493483011	0.0	39819	43230	0.0	True
GO:0016279	protein-lysine N-methyltransferase activity	molecular_function	5	0.9210964607911173	5.428313116853763	0.0	39819	43230	0.0	True
GO:0042054	histone methyltransferase activity	molecular_function	5	0.9210964607911173	5.428313116853763	0.0	39819	43230	0.0	True
GO:0046974	histone H3K9 methyltransferase activity	molecular_function	3	0.9210964607911173	3.256987870112258	0.0	39819	43230	0.0	True
GO:0005694	chromosome	cellular_component	5	0.9210964607911173	5.428313116853763	0.0	39819	43230	0.0	True
GO:0051287	NAD binding	molecular_function	5	0.9210964607911173	5.428313116853763	0.0	39819	43230	0.0	True
GO:0070403	NAD+ binding	molecular_function	3	0.9210964607911173	3.256987870112258	0.0	39819	43230	0.0	True
GO:0160215	deacylase activity	molecular_function	2	0.9210964607911173	2.1713252467415054	0.0	39819	43230	0.0	True
GO:0019213	deacetylase activity	molecular_function	2	0.9210964607911173	2.1713252467415054	0.0	39819	43230	0.0	True
GO:0140993	histone modifying activity	molecular_function	10	0.9210964607911173	10.856626233707527	0.0	39819	43230	0.0	True
GO:1901605	alpha-amino acid metabolic process	biological_process	12	0.9210964607911173	13.027951480449032	0.0	39819	43230	0.0	True
GO:0070279	vitamin B6 binding	molecular_function	4	0.9210964607911173	4.342650493483011	0.0	39819	43230	0.0	True
GO:0030170	pyridoxal phosphate binding	molecular_function	4	0.9210964607911173	4.342650493483011	0.0	39819	43230	0.0	True
GO:0008483	transaminase activity	molecular_function	2	0.9210964607911173	2.1713252467415054	0.0	39819	43230	0.0	True
GO:0016769	transferase activity, transferring nitrogenous groups	molecular_function	2	0.9210964607911173	2.1713252467415054	0.0	39819	43230	0.0	True
GO:0032502	developmental process	biological_process	73	0.9210964607911173	79.25337150606494	0.0	39819	43230	0.0	True
GO:0006605	protein targeting	biological_process	4	0.9210964607911173	4.342650493483011	0.0	39819	43230	0.0	True
GO:0090150	establishment of protein localization to membrane	biological_process	7	0.9210964607911173	7.599638363595268	0.0	39819	43230	0.0	True
GO:0051668	localization within membrane	biological_process	13	0.9210964607911173	14.113614103819785	0.0	39819	43230	0.0	True
GO:0006612	protein targeting to membrane	biological_process	2	0.9210964607911173	2.1713252467415054	0.0	39819	43230	0.0	True
GO:0062012	regulation of small molecule metabolic process	biological_process	2	0.9210964607911173	2.1713252467415054	0.0	39819	43230	0.0	True
GO:0071578	zinc ion import across plasma membrane	biological_process	2	0.9210964607911173	2.1713252467415054	0.0	39819	43230	0.0	True
GO:0015106	bicarbonate transmembrane transporter activity	molecular_function	2	0.9210964607911173	2.1713252467415054	0.0	39819	43230	0.0	True
GO:0140410	monoatomic cation:bicarbonate symporter activity	molecular_function	2	0.9210964607911173	2.1713252467415054	0.0	39819	43230	0.0	True
GO:0034982	mitochondrial protein processing	biological_process	2	0.9210964607911173	2.1713252467415054	0.0	39819	43230	0.0	True
GO:0006334	nucleosome assembly	biological_process	2	0.9210964607911173	2.1713252467415054	0.0	39819	43230	0.0	True
GO:1903311	regulation of mRNA metabolic process	biological_process	3	0.9210964607911173	3.256987870112258	0.0	39819	43230	0.0	True
GO:0009894	regulation of catabolic process	biological_process	3	0.9210964607911173	3.256987870112258	0.0	39819	43230	0.0	True
GO:0006325	chromatin organization	biological_process	16	0.9210964607911173	17.370601973932043	0.0	39819	43230	0.0	True
GO:0070828	heterochromatin organization	biological_process	2	0.9210964607911173	2.1713252467415054	0.0	39819	43230	0.0	True
GO:0016278	lysine N-methyltransferase activity	molecular_function	5	0.9210964607911173	5.428313116853763	0.0	39819	43230	0.0	True
GO:0070679	inositol 1,4,5 trisphosphate binding	molecular_function	3	0.9210964607911173	3.256987870112258	0.0	39819	43230	0.0	True
GO:0048856	anatomical structure development	biological_process	27	0.9210964607911173	29.31289083101032	0.0	39819	43230	0.0	True
GO:0048513	animal organ development	biological_process	11	0.9210964607911173	11.94228885707828	0.0	39819	43230	0.0	True
GO:0048869	cellular developmental process	biological_process	28	0.9210964607911173	30.398553454381073	0.0	39819	43230	0.0	True
GO:0030154	cell differentiation	biological_process	17	0.9210964607911173	18.456264597302795	0.0	39819	43230	0.0	True
GO:0070063	RNA polymerase binding	molecular_function	2	0.9210964607911173	2.1713252467415054	0.0	39819	43230	0.0	True
GO:0010506	regulation of autophagy	biological_process	2	0.9210964607911173	2.1713252467415054	0.0	39819	43230	0.0	True
GO:0055074	calcium ion homeostasis	biological_process	2	0.9210964607911173	2.1713252467415054	0.0	39819	43230	0.0	True
GO:0006874	intracellular calcium ion homeostasis	biological_process	2	0.9210964607911173	2.1713252467415054	0.0	39819	43230	0.0	True
GO:0051480	regulation of cytosolic calcium ion concentration	biological_process	2	0.9210964607911173	2.1713252467415054	0.0	39819	43230	0.0	True
GO:0015279	store-operated calcium channel activity	molecular_function	2	0.9210964607911173	2.1713252467415054	0.0	39819	43230	0.0	True
GO:0065004	protein-DNA complex assembly	biological_process	3	0.9210964607911173	3.256987870112258	0.0	39819	43230	0.0	True
GO:0043254	regulation of protein-containing complex assembly	biological_process	2	0.9210964607911173	2.1713252467415054	0.0	39819	43230	0.0	True
GO:0032271	regulation of protein polymerization	biological_process	2	0.9210964607911173	2.1713252467415054	0.0	39819	43230	0.0	True
GO:0006352	DNA-templated transcription initiation	biological_process	3	0.9210964607911173	3.256987870112258	0.0	39819	43230	0.0	True
GO:0009653	anatomical structure morphogenesis	biological_process	16	0.9210964607911173	17.370601973932043	0.0	39819	43230	0.0	True
GO:0098655	monoatomic cation transmembrane transport	biological_process	7	0.9210964607911173	7.599638363595268	0.0	39819	43230	0.0	True
GO:0098660	inorganic ion transmembrane transport	biological_process	7	0.9210964607911173	7.599638363595268	0.0	39819	43230	0.0	True
GO:0051209	release of sequestered calcium ion into cytosol	biological_process	2	0.9210964607911173	2.1713252467415054	0.0	39819	43230	0.0	True
GO:0099094	ligand-gated monoatomic cation channel activity	molecular_function	3	0.9210964607911173	3.256987870112258	0.0	39819	43230	0.0	True
GO:0005261	monoatomic cation channel activity	molecular_function	14	0.9210964607911173	15.199276727190536	0.0	39819	43230	0.0	True
GO:0005262	calcium channel activity	molecular_function	6	0.9210964607911173	6.513975740224516	0.0	39819	43230	0.0	True
GO:0045055	regulated exocytosis	biological_process	2	0.9210964607911173	2.1713252467415054	0.0	39819	43230	0.0	True
GO:0016266	protein O-linked glycosylation via N-acetyl-galactosamine	biological_process	8	0.9210964607911173	8.685300986966022	0.0	39819	43230	0.0	True
GO:0000727	double-strand break repair via break-induced replication	biological_process	2	0.9210964607911173	2.1713252467415054	0.0	39819	43230	0.0	True
GO:0005216	monoatomic ion channel activity	molecular_function	53	0.9210964607911173	57.54011903864989	0.0	39819	43230	0.0	True
GO:0022836	gated channel activity	molecular_function	33	0.9210964607911173	35.82686657123484	0.0	39819	43230	0.0	True
GO:0015085	calcium ion transmembrane transporter activity	molecular_function	6	0.9210964607911173	6.513975740224516	0.0	39819	43230	0.0	True
GO:0015276	ligand-gated monoatomic ion channel activity	molecular_function	28	0.9210964607911173	30.398553454381073	0.0	39819	43230	0.0	True
GO:0005217	intracellularly ligand-gated monoatomic ion channel activity	molecular_function	3	0.9210964607911173	3.256987870112258	0.0	39819	43230	0.0	True
GO:0022834	ligand-gated channel activity	molecular_function	28	0.9210964607911173	30.398553454381073	0.0	39819	43230	0.0	True
GO:0043178	alcohol binding	molecular_function	4	0.9210964607911173	4.342650493483011	0.0	39819	43230	0.0	True
GO:0016866	intramolecular transferase activity	molecular_function	3	0.9210964607911173	3.256987870112258	0.0	39819	43230	0.0	True
GO:0000287	magnesium ion binding	molecular_function	2	0.9210964607911173	2.1713252467415054	0.0	39819	43230	0.0	True
GO:0007168	receptor guanylyl cyclase signaling pathway	biological_process	3	0.9210964607911173	3.256987870112258	0.0	39819	43230	0.0	True
GO:0001653	peptide receptor activity	molecular_function	23	0.9210964607911173	24.97024033752731	0.0	39819	43230	0.0	True
GO:0004383	guanylate cyclase activity	molecular_function	4	0.9210964607911173	4.342650493483011	0.0	39819	43230	0.0	True
GO:0009975	cyclase activity	molecular_function	7	0.9210964607911173	7.599638363595268	0.0	39819	43230	0.0	True
GO:0016829	lyase activity	molecular_function	15	0.9210964607911173	16.284939350561288	0.0	39819	43230	0.0	True
GO:0016849	phosphorus-oxygen lyase activity	molecular_function	7	0.9210964607911173	7.599638363595268	0.0	39819	43230	0.0	True
GO:0004016	adenylate cyclase activity	molecular_function	3	0.9210964607911173	3.256987870112258	0.0	39819	43230	0.0	True
GO:0097553	calcium ion transmembrane import into cytosol	biological_process	5	0.9210964607911173	5.428313116853763	0.0	39819	43230	0.0	True
GO:0098662	inorganic cation transmembrane transport	biological_process	7	0.9210964607911173	7.599638363595268	0.0	39819	43230	0.0	True
GO:0070588	calcium ion transmembrane transport	biological_process	5	0.9210964607911173	5.428313116853763	0.0	39819	43230	0.0	True
GO:0006816	calcium ion transport	biological_process	6	0.9210964607911173	6.513975740224516	0.0	39819	43230	0.0	True
GO:0051282	regulation of sequestering of calcium ion	biological_process	2	0.9210964607911173	2.1713252467415054	0.0	39819	43230	0.0	True
GO:0032879	regulation of localization	biological_process	10	0.9210964607911173	10.856626233707527	0.0	39819	43230	0.0	True
GO:0051283	negative regulation of sequestering of calcium ion	biological_process	2	0.9210964607911173	2.1713252467415054	0.0	39819	43230	0.0	True
GO:0051648	vesicle localization	biological_process	2	0.9210964607911173	2.1713252467415054	0.0	39819	43230	0.0	True
GO:0051168	nuclear export	biological_process	2	0.9210964607911173	2.1713252467415054	0.0	39819	43230	0.0	True
GO:0006611	protein export from nucleus	biological_process	2	0.9210964607911173	2.1713252467415054	0.0	39819	43230	0.0	True
GO:0005049	nuclear export signal receptor activity	molecular_function	2	0.9210964607911173	2.1713252467415054	0.0	39819	43230	0.0	True
GO:0005643	nuclear pore	cellular_component	3	0.9210964607911173	3.256987870112258	0.0	39819	43230	0.0	True
GO:0044390	ubiquitin-like protein conjugating enzyme binding	molecular_function	3	0.9210964607911173	3.256987870112258	0.0	39819	43230	0.0	True
GO:0031624	ubiquitin conjugating enzyme binding	molecular_function	3	0.9210964607911173	3.256987870112258	0.0	39819	43230	0.0	True
GO:0072529	pyrimidine-containing compound catabolic process	biological_process	2	0.9210964607911173	2.1713252467415054	0.0	39819	43230	0.0	True
GO:0046113	nucleobase catabolic process	biological_process	2	0.9210964607911173	2.1713252467415054	0.0	39819	43230	0.0	True
GO:0006208	pyrimidine nucleobase catabolic process	biological_process	2	0.9210964607911173	2.1713252467415054	0.0	39819	43230	0.0	True
GO:0006796	phosphate-containing compound metabolic process	biological_process	33	0.9210964607911173	35.82686657123484	0.0	39819	43230	0.0	True
GO:0006753	nucleoside phosphate metabolic process	biological_process	15	0.9210964607911173	16.284939350561288	0.0	39819	43230	0.0	True
GO:0090407	organophosphate biosynthetic process	biological_process	18	0.9210964607911173	19.541927220673546	0.0	39819	43230	0.0	True
GO:0009225	nucleotide-sugar metabolic process	biological_process	3	0.9210964607911173	3.256987870112258	0.0	39819	43230	0.0	True
GO:1901293	nucleoside phosphate biosynthetic process	biological_process	9	0.9210964607911173	9.770963610336773	0.0	39819	43230	0.0	True
GO:0019637	organophosphate metabolic process	biological_process	32	0.9210964607911173	34.741203947864086	0.0	39819	43230	0.0	True
GO:0034702	monoatomic ion channel complex	cellular_component	13	0.9210964607911173	14.113614103819785	0.0	39819	43230	0.0	True
GO:0034707	chloride channel complex	cellular_component	4	0.9210964607911173	4.342650493483011	0.0	39819	43230	0.0	True
GO:0097435	supramolecular fiber organization	biological_process	7	0.9210964607911173	7.599638363595268	0.0	39819	43230	0.0	True
GO:0007015	actin filament organization	biological_process	5	0.9210964607911173	5.428313116853763	0.0	39819	43230	0.0	True
GO:0003779	actin binding	molecular_function	11	0.9210964607911173	11.94228885707828	0.0	39819	43230	0.0	True
GO:0008092	cytoskeletal protein binding	molecular_function	27	0.9210964607911173	29.31289083101032	0.0	39819	43230	0.0	True
GO:0005856	cytoskeleton	cellular_component	8	0.9210964607911173	8.685300986966022	0.0	39819	43230	0.0	True
GO:0038024	cargo receptor activity	molecular_function	5	0.9210964607911173	5.428313116853763	0.0	39819	43230	0.0	True
GO:0005044	scavenger receptor activity	molecular_function	4	0.9210964607911173	4.342650493483011	0.0	39819	43230	0.0	True
GO:0006457	protein folding	biological_process	4	0.9210964607911173	4.342650493483011	0.0	39819	43230	0.0	True
GO:0006793	phosphorus metabolic process	biological_process	33	0.9210964607911173	35.82686657123484	0.0	39819	43230	0.0	True
GO:0009226	nucleotide-sugar biosynthetic process	biological_process	2	0.9210964607911173	2.1713252467415054	0.0	39819	43230	0.0	True
GO:0055086	nucleobase-containing small molecule metabolic process	biological_process	25	0.9210964607911173	27.141565584268815	0.0	39819	43230	0.0	True
GO:0016628	oxidoreductase activity, acting on the CH-CH group of donors, NAD or NADP as acceptor	molecular_function	5	0.9210964607911173	5.428313116853763	0.0	39819	43230	0.0	True
GO:0016627	oxidoreductase activity, acting on the CH-CH group of donors	molecular_function	6	0.9210964607911173	6.513975740224516	0.0	39819	43230	0.0	True
GO:0051650	establishment of vesicle localization	biological_process	2	0.9210964607911173	2.1713252467415054	0.0	39819	43230	0.0	True
GO:0098797	plasma membrane protein complex	cellular_component	9	0.9210964607911173	9.770963610336773	0.0	39819	43230	0.0	True
GO:0016342	catenin complex	cellular_component	3	0.9210964607911173	3.256987870112258	0.0	39819	43230	0.0	True
GO:0005912	adherens junction	cellular_component	3	0.9210964607911173	3.256987870112258	0.0	39819	43230	0.0	True
GO:0099095	ligand-gated monoatomic anion channel activity	molecular_function	11	0.9210964607911173	11.94228885707828	0.0	39819	43230	0.0	True
GO:0016917	GABA receptor activity	molecular_function	4	0.9210964607911173	4.342650493483011	0.0	39819	43230	0.0	True
GO:0004890	GABA-A receptor activity	molecular_function	4	0.9210964607911173	4.342650493483011	0.0	39819	43230	0.0	True
GO:0005230	extracellular ligand-gated monoatomic ion channel activity	molecular_function	12	0.9210964607911173	13.027951480449032	0.0	39819	43230	0.0	True
GO:0005253	monoatomic anion channel activity	molecular_function	23	0.9210964607911173	24.97024033752731	0.0	39819	43230	0.0	True
GO:0015103	inorganic anion transmembrane transporter activity	molecular_function	17	0.9210964607911173	18.456264597302795	0.0	39819	43230	0.0	True
GO:0015108	chloride transmembrane transporter activity	molecular_function	13	0.9210964607911173	14.113614103819785	0.0	39819	43230	0.0	True
GO:0008509	monoatomic anion transmembrane transporter activity	molecular_function	28	0.9210964607911173	30.398553454381073	0.0	39819	43230	0.0	True
GO:0005254	chloride channel activity	molecular_function	12	0.9210964607911173	13.027951480449032	0.0	39819	43230	0.0	True
GO:0097060	synaptic membrane	cellular_component	10	0.9210964607911173	10.856626233707527	0.0	39819	43230	0.0	True
GO:0045211	postsynaptic membrane	cellular_component	9	0.9210964607911173	9.770963610336773	0.0	39819	43230	0.0	True
GO:1902495	transmembrane transporter complex	cellular_component	17	0.9210964607911173	18.456264597302795	0.0	39819	43230	0.0	True
GO:1990351	transporter complex	cellular_component	17	0.9210964607911173	18.456264597302795	0.0	39819	43230	0.0	True
GO:0007043	cell-cell junction assembly	biological_process	2	0.9210964607911173	2.1713252467415054	0.0	39819	43230	0.0	True
GO:0044331	cell-cell adhesion mediated by cadherin	biological_process	2	0.9210964607911173	2.1713252467415054	0.0	39819	43230	0.0	True
GO:0000902	cell morphogenesis	biological_process	2	0.9210964607911173	2.1713252467415054	0.0	39819	43230	0.0	True
GO:0048870	cell motility	biological_process	21	0.9210964607911173	22.798915090785805	0.0	39819	43230	0.0	True
GO:0016477	cell migration	biological_process	21	0.9210964607911173	22.798915090785805	0.0	39819	43230	0.0	True
GO:0098742	cell-cell adhesion via plasma-membrane adhesion molecules	biological_process	7	0.9210964607911173	7.599638363595268	0.0	39819	43230	0.0	True
GO:0007155	cell adhesion	biological_process	20	0.9210964607911173	21.713252467415053	0.0	39819	43230	0.0	True
GO:0098609	cell-cell adhesion	biological_process	12	0.9210964607911173	13.027951480449032	0.0	39819	43230	0.0	True
GO:0016339	calcium-dependent cell-cell adhesion via plasma membrane cell adhesion molecules	biological_process	2	0.9210964607911173	2.1713252467415054	0.0	39819	43230	0.0	True
GO:0009887	animal organ morphogenesis	biological_process	4	0.9210964607911173	4.342650493483011	0.0	39819	43230	0.0	True
GO:0045216	cell-cell junction organization	biological_process	4	0.9210964607911173	4.342650493483011	0.0	39819	43230	0.0	True
GO:0034330	cell junction organization	biological_process	8	0.9210964607911173	8.685300986966022	0.0	39819	43230	0.0	True
GO:0034332	adherens junction organization	biological_process	2	0.9210964607911173	2.1713252467415054	0.0	39819	43230	0.0	True
GO:0050839	cell adhesion molecule binding	molecular_function	4	0.9210964607911173	4.342650493483011	0.0	39819	43230	0.0	True
GO:0045296	cadherin binding	molecular_function	3	0.9210964607911173	3.256987870112258	0.0	39819	43230	0.0	True
GO:0008013	beta-catenin binding	molecular_function	3	0.9210964607911173	3.256987870112258	0.0	39819	43230	0.0	True
GO:0043933	protein-containing complex organization	biological_process	15	0.9210964607911173	16.284939350561288	0.0	39819	43230	0.0	True
GO:0006338	chromatin remodeling	biological_process	10	0.9210964607911173	10.856626233707527	0.0	39819	43230	0.0	True
GO:0034728	nucleosome organization	biological_process	4	0.9210964607911173	4.342650493483011	0.0	39819	43230	0.0	True
GO:0016877	ligase activity, forming carbon-sulfur bonds	molecular_function	4	0.9210964607911173	4.342650493483011	0.0	39819	43230	0.0	True
GO:0120543	macromolecular conformation isomerase activity	molecular_function	17	0.9210964607911173	18.456264597302795	0.0	39819	43230	0.0	True
GO:0120545	nucleic acid conformation isomerase activity	molecular_function	13	0.9210964607911173	14.113614103819785	0.0	39819	43230	0.0	True
GO:0004386	helicase activity	molecular_function	13	0.9210964607911173	14.113614103819785	0.0	39819	43230	0.0	True
GO:0003682	chromatin binding	molecular_function	14	0.9210964607911173	15.199276727190536	0.0	39819	43230	0.0	True
GO:0008094	ATP-dependent activity, acting on DNA	molecular_function	7	0.9210964607911173	7.599638363595268	0.0	39819	43230	0.0	True
GO:0050684	regulation of mRNA processing	biological_process	2	0.9210964607911173	2.1713252467415054	0.0	39819	43230	0.0	True
GO:0007156	homophilic cell adhesion via plasma membrane adhesion molecules	biological_process	5	0.9210964607911173	5.428313116853763	0.0	39819	43230	0.0	True
GO:0007163	establishment or maintenance of cell polarity	biological_process	4	0.9210964607911173	4.342650493483011	0.0	39819	43230	0.0	True
GO:0007164	establishment of tissue polarity	biological_process	3	0.9210964607911173	3.256987870112258	0.0	39819	43230	0.0	True
GO:0001736	establishment of planar polarity	biological_process	3	0.9210964607911173	3.256987870112258	0.0	39819	43230	0.0	True
GO:0034329	cell junction assembly	biological_process	2	0.9210964607911173	2.1713252467415054	0.0	39819	43230	0.0	True
GO:0022607	cellular component assembly	biological_process	32	0.9210964607911173	34.741203947864086	0.0	39819	43230	0.0	True
GO:0043068	positive regulation of programmed cell death	biological_process	2	0.9210964607911173	2.1713252467415054	0.0	39819	43230	0.0	True
GO:0043067	regulation of programmed cell death	biological_process	5	0.9210964607911173	5.428313116853763	0.0	39819	43230	0.0	True
GO:0042981	regulation of apoptotic process	biological_process	5	0.9210964607911173	5.428313116853763	0.0	39819	43230	0.0	True
GO:0043065	positive regulation of apoptotic process	biological_process	2	0.9210964607911173	2.1713252467415054	0.0	39819	43230	0.0	True
GO:0008186	ATP-dependent activity, acting on RNA	molecular_function	2	0.9210964607911173	2.1713252467415054	0.0	39819	43230	0.0	True
GO:0003724	RNA helicase activity	molecular_function	2	0.9210964607911173	2.1713252467415054	0.0	39819	43230	0.0	True
GO:0006412	translation	biological_process	9	0.9210964607911173	9.770963610336773	0.0	39819	43230	0.0	True
GO:0005198	structural molecule activity	molecular_function	18	0.9210964607911173	19.541927220673546	0.0	39819	43230	0.0	True
GO:0003735	structural constituent of ribosome	molecular_function	9	0.9210964607911173	9.770963610336773	0.0	39819	43230	0.0	True
GO:0044391	ribosomal subunit	cellular_component	8	0.9210964607911173	8.685300986966022	0.0	39819	43230	0.0	True
GO:0000315	organellar large ribosomal subunit	cellular_component	2	0.9210964607911173	2.1713252467415054	0.0	39819	43230	0.0	True
GO:1990904	ribonucleoprotein complex	cellular_component	17	0.9210964607911173	18.456264597302795	0.0	39819	43230	0.0	True
GO:0015934	large ribosomal subunit	cellular_component	4	0.9210964607911173	4.342650493483011	0.0	39819	43230	0.0	True
GO:0098798	mitochondrial protein-containing complex	cellular_component	9	0.9210964607911173	9.770963610336773	0.0	39819	43230	0.0	True
GO:0005762	mitochondrial large ribosomal subunit	cellular_component	2	0.9210964607911173	2.1713252467415054	0.0	39819	43230	0.0	True
GO:0071824	protein-DNA complex organization	biological_process	5	0.9210964607911173	5.428313116853763	0.0	39819	43230	0.0	True
GO:0003713	transcription coactivator activity	molecular_function	4	0.9210964607911173	4.342650493483011	0.0	39819	43230	0.0	True
GO:0046983	protein dimerization activity	molecular_function	9	0.9210964607911173	9.770963610336773	0.0	39819	43230	0.0	True
GO:0046982	protein heterodimerization activity	molecular_function	2	0.9210964607911173	2.1713252467415054	0.0	39819	43230	0.0	True
GO:0000314	organellar small ribosomal subunit	cellular_component	3	0.9210964607911173	3.256987870112258	0.0	39819	43230	0.0	True
GO:0015935	small ribosomal subunit	cellular_component	4	0.9210964607911173	4.342650493483011	0.0	39819	43230	0.0	True
GO:0005770	late endosome	cellular_component	2	0.9210964607911173	2.1713252467415054	0.0	39819	43230	0.0	True
GO:0001522	pseudouridine synthesis	biological_process	2	0.9210964607911173	2.1713252467415054	0.0	39819	43230	0.0	True
GO:0005763	mitochondrial small ribosomal subunit	cellular_component	3	0.9210964607911173	3.256987870112258	0.0	39819	43230	0.0	True
GO:0110156	mRNA methylguanosine-cap decapping	biological_process	4	0.9210964607911173	4.342650493483011	0.0	39819	43230	0.0	True
GO:0110154	RNA decapping	biological_process	4	0.9210964607911173	4.342650493483011	0.0	39819	43230	0.0	True
GO:0000290	deadenylation-dependent decapping of nuclear-transcribed mRNA	biological_process	3	0.9210964607911173	3.256987870112258	0.0	39819	43230	0.0	True
GO:0003729	mRNA binding	molecular_function	7	0.9210964607911173	7.599638363595268	0.0	39819	43230	0.0	True
GO:0035770	ribonucleoprotein granule	cellular_component	10	0.9210964607911173	10.856626233707527	0.0	39819	43230	0.0	True
GO:0036464	cytoplasmic ribonucleoprotein granule	cellular_component	8	0.9210964607911173	8.685300986966022	0.0	39819	43230	0.0	True
GO:0099080	supramolecular complex	cellular_component	19	0.9210964607911173	20.6275898440443	0.0	39819	43230	0.0	True
GO:0000932	P-body	cellular_component	4	0.9210964607911173	4.342650493483011	0.0	39819	43230	0.0	True
GO:0030258	lipid modification	biological_process	6	0.9210964607911173	6.513975740224516	0.0	39819	43230	0.0	True
GO:0046488	phosphatidylinositol metabolic process	biological_process	6	0.9210964607911173	6.513975740224516	0.0	39819	43230	0.0	True
GO:0016311	dephosphorylation	biological_process	4	0.9210964607911173	4.342650493483011	0.0	39819	43230	0.0	True
GO:0006650	glycerophospholipid metabolic process	biological_process	7	0.9210964607911173	7.599638363595268	0.0	39819	43230	0.0	True
GO:0046839	phospholipid dephosphorylation	biological_process	4	0.9210964607911173	4.342650493483011	0.0	39819	43230	0.0	True
GO:0046856	phosphatidylinositol dephosphorylation	biological_process	3	0.9210964607911173	3.256987870112258	0.0	39819	43230	0.0	True
GO:0052866	phosphatidylinositol phosphate phosphatase activity	molecular_function	3	0.9210964607911173	3.256987870112258	0.0	39819	43230	0.0	True
GO:0005768	endosome	cellular_component	7	0.9210964607911173	7.599638363595268	0.0	39819	43230	0.0	True
GO:0005769	early endosome	cellular_component	2	0.9210964607911173	2.1713252467415054	0.0	39819	43230	0.0	True
GO:0030135	coated vesicle	cellular_component	3	0.9210964607911173	3.256987870112258	0.0	39819	43230	0.0	True
GO:0030136	clathrin-coated vesicle	cellular_component	2	0.9210964607911173	2.1713252467415054	0.0	39819	43230	0.0	True
GO:0030139	endocytic vesicle	cellular_component	3	0.9210964607911173	3.256987870112258	0.0	39819	43230	0.0	True
GO:0045334	clathrin-coated endocytic vesicle	cellular_component	2	0.9210964607911173	2.1713252467415054	0.0	39819	43230	0.0	True
GO:0060090	molecular adaptor activity	molecular_function	23	0.9210964607911173	24.97024033752731	0.0	39819	43230	0.0	True
GO:0003712	transcription coregulator activity	molecular_function	8	0.9210964607911173	8.685300986966022	0.0	39819	43230	0.0	True
GO:0030674	protein-macromolecule adaptor activity	molecular_function	21	0.9210964607911173	22.798915090785805	0.0	39819	43230	0.0	True
GO:0048495	Roundabout binding	molecular_function	2	0.9210964607911173	2.1713252467415054	0.0	39819	43230	0.0	True
GO:1901681	sulfur compound binding	molecular_function	2	0.9210964607911173	2.1713252467415054	0.0	39819	43230	0.0	True
GO:0005539	glycosaminoglycan binding	molecular_function	2	0.9210964607911173	2.1713252467415054	0.0	39819	43230	0.0	True
GO:0008201	heparin binding	molecular_function	2	0.9210964607911173	2.1713252467415054	0.0	39819	43230	0.0	True
GO:0000030	mannosyltransferase activity	molecular_function	2	0.9210964607911173	2.1713252467415054	0.0	39819	43230	0.0	True
GO:0072663	establishment of protein localization to peroxisome	biological_process	2	0.9210964607911173	2.1713252467415054	0.0	39819	43230	0.0	True
GO:0072662	protein localization to peroxisome	biological_process	2	0.9210964607911173	2.1713252467415054	0.0	39819	43230	0.0	True
GO:0007031	peroxisome organization	biological_process	2	0.9210964607911173	2.1713252467415054	0.0	39819	43230	0.0	True
GO:0015919	peroxisomal membrane transport	biological_process	2	0.9210964607911173	2.1713252467415054	0.0	39819	43230	0.0	True
GO:0043574	peroxisomal transport	biological_process	2	0.9210964607911173	2.1713252467415054	0.0	39819	43230	0.0	True
GO:0045046	protein import into peroxisome membrane	biological_process	2	0.9210964607911173	2.1713252467415054	0.0	39819	43230	0.0	True
GO:0032386	regulation of intracellular transport	biological_process	2	0.9210964607911173	2.1713252467415054	0.0	39819	43230	0.0	True
GO:0060627	regulation of vesicle-mediated transport	biological_process	4	0.9210964607911173	4.342650493483011	0.0	39819	43230	0.0	True
GO:0060341	regulation of cellular localization	biological_process	3	0.9210964607911173	3.256987870112258	0.0	39819	43230	0.0	True
GO:0051049	regulation of transport	biological_process	7	0.9210964607911173	7.599638363595268	0.0	39819	43230	0.0	True
GO:0006644	phospholipid metabolic process	biological_process	15	0.9210964607911173	16.284939350561288	0.0	39819	43230	0.0	True
GO:0009966	regulation of signal transduction	biological_process	35	0.9210964607911173	37.99819181797634	0.0	39819	43230	0.0	True
GO:0051128	regulation of cellular component organization	biological_process	13	0.9210964607911173	14.113614103819785	0.0	39819	43230	0.0	True
GO:0040008	regulation of growth	biological_process	4	0.9210964607911173	4.342650493483011	0.0	39819	43230	0.0	True
GO:0170033	L-amino acid metabolic process	biological_process	10	0.9210964607911173	10.856626233707527	0.0	39819	43230	0.0	True
GO:0008652	amino acid biosynthetic process	biological_process	3	0.9210964607911173	3.256987870112258	0.0	39819	43230	0.0	True
GO:0006560	proline metabolic process	biological_process	3	0.9210964607911173	3.256987870112258	0.0	39819	43230	0.0	True
GO:0009084	glutamine family amino acid biosynthetic process	biological_process	2	0.9210964607911173	2.1713252467415054	0.0	39819	43230	0.0	True
GO:0009064	glutamine family amino acid metabolic process	biological_process	4	0.9210964607911173	4.342650493483011	0.0	39819	43230	0.0	True
GO:0170038	proteinogenic amino acid biosynthetic process	biological_process	2	0.9210964607911173	2.1713252467415054	0.0	39819	43230	0.0	True
GO:0170039	proteinogenic amino acid metabolic process	biological_process	10	0.9210964607911173	10.856626233707527	0.0	39819	43230	0.0	True
GO:0170034	L-amino acid biosynthetic process	biological_process	2	0.9210964607911173	2.1713252467415054	0.0	39819	43230	0.0	True
GO:1901607	alpha-amino acid biosynthetic process	biological_process	2	0.9210964607911173	2.1713252467415054	0.0	39819	43230	0.0	True
GO:0055129	L-proline biosynthetic process	biological_process	2	0.9210964607911173	2.1713252467415054	0.0	39819	43230	0.0	True
GO:0016620	oxidoreductase activity, acting on the aldehyde or oxo group of donors, NAD or NADP as acceptor	molecular_function	2	0.9210964607911173	2.1713252467415054	0.0	39819	43230	0.0	True
GO:0016903	oxidoreductase activity, acting on the aldehyde or oxo group of donors	molecular_function	2	0.9210964607911173	2.1713252467415054	0.0	39819	43230	0.0	True
GO:0009982	pseudouridine synthase activity	molecular_function	2	0.9210964607911173	2.1713252467415054	0.0	39819	43230	0.0	True
GO:0006310	DNA recombination	biological_process	9	0.9210964607911173	9.770963610336773	0.0	39819	43230	0.0	True
GO:0003678	DNA helicase activity	molecular_function	5	0.9210964607911173	5.428313116853763	0.0	39819	43230	0.0	True
GO:0016616	oxidoreductase activity, acting on the CH-OH group of donors, NAD or NADP as acceptor	molecular_function	15	0.9210964607911173	16.284939350561288	0.0	39819	43230	0.0	True
GO:0050104	L-gulonate 3-dehydrogenase activity	molecular_function	2	0.9210964607911173	2.1713252467415054	0.0	39819	43230	0.0	True
GO:0031903	microbody membrane	cellular_component	2	0.9210964607911173	2.1713252467415054	0.0	39819	43230	0.0	True
GO:0005778	peroxisomal membrane	cellular_component	2	0.9210964607911173	2.1713252467415054	0.0	39819	43230	0.0	True
GO:0032956	regulation of actin cytoskeleton organization	biological_process	2	0.9210964607911173	2.1713252467415054	0.0	39819	43230	0.0	True
GO:0110053	regulation of actin filament organization	biological_process	2	0.9210964607911173	2.1713252467415054	0.0	39819	43230	0.0	True
GO:1902903	regulation of supramolecular fiber organization	biological_process	2	0.9210964607911173	2.1713252467415054	0.0	39819	43230	0.0	True
GO:0032970	regulation of actin filament-based process	biological_process	2	0.9210964607911173	2.1713252467415054	0.0	39819	43230	0.0	True
GO:0004620	phospholipase activity	molecular_function	3	0.9210964607911173	3.256987870112258	0.0	39819	43230	0.0	True
GO:0019899	enzyme binding	molecular_function	22	0.9210964607911173	23.88457771415656	0.0	39819	43230	0.0	True
GO:0019843	rRNA binding	molecular_function	5	0.9210964607911173	5.428313116853763	0.0	39819	43230	0.0	True
GO:0010646	regulation of cell communication	biological_process	35	0.9210964607911173	37.99819181797634	0.0	39819	43230	0.0	True
GO:0048583	regulation of response to stimulus	biological_process	36	0.9210964607911173	39.08385444134709	0.0	39819	43230	0.0	True
GO:0023051	regulation of signaling	biological_process	35	0.9210964607911173	37.99819181797634	0.0	39819	43230	0.0	True
GO:0065003	protein-containing complex assembly	biological_process	13	0.9210964607911173	14.113614103819785	0.0	39819	43230	0.0	True
GO:0042391	regulation of membrane potential	biological_process	4	0.9210964607911173	4.342650493483011	0.0	39819	43230	0.0	True
GO:0001508	action potential	biological_process	2	0.9210964607911173	2.1713252467415054	0.0	39819	43230	0.0	True
GO:0005267	potassium channel activity	molecular_function	6	0.9210964607911173	6.513975740224516	0.0	39819	43230	0.0	True
GO:0005249	voltage-gated potassium channel activity	molecular_function	4	0.9210964607911173	4.342650493483011	0.0	39819	43230	0.0	True
GO:0022843	voltage-gated monoatomic cation channel activity	molecular_function	5	0.9210964607911173	5.428313116853763	0.0	39819	43230	0.0	True
GO:0022832	voltage-gated channel activity	molecular_function	5	0.9210964607911173	5.428313116853763	0.0	39819	43230	0.0	True
GO:0005244	voltage-gated monoatomic ion channel activity	molecular_function	5	0.9210964607911173	5.428313116853763	0.0	39819	43230	0.0	True
GO:0015079	potassium ion transmembrane transporter activity	molecular_function	6	0.9210964607911173	6.513975740224516	0.0	39819	43230	0.0	True
GO:0034705	potassium channel complex	cellular_component	2	0.9210964607911173	2.1713252467415054	0.0	39819	43230	0.0	True
GO:0034703	cation channel complex	cellular_component	9	0.9210964607911173	9.770963610336773	0.0	39819	43230	0.0	True
GO:0008076	voltage-gated potassium channel complex	cellular_component	2	0.9210964607911173	2.1713252467415054	0.0	39819	43230	0.0	True
GO:0051276	chromosome organization	biological_process	9	0.9210964607911173	9.770963610336773	0.0	39819	43230	0.0	True
GO:0006996	organelle organization	biological_process	59	0.9210964607911173	64.0540947788744	0.0	39819	43230	0.0	True
GO:0032200	telomere organization	biological_process	6	0.9210964607911173	6.513975740224516	0.0	39819	43230	0.0	True
GO:0000723	telomere maintenance	biological_process	6	0.9210964607911173	6.513975740224516	0.0	39819	43230	0.0	True
GO:0006937	regulation of muscle contraction	biological_process	4	0.9210964607911173	4.342650493483011	0.0	39819	43230	0.0	True
GO:0003012	muscle system process	biological_process	4	0.9210964607911173	4.342650493483011	0.0	39819	43230	0.0	True
GO:0006936	muscle contraction	biological_process	4	0.9210964607911173	4.342650493483011	0.0	39819	43230	0.0	True
GO:0005523	tropomyosin binding	molecular_function	4	0.9210964607911173	4.342650493483011	0.0	39819	43230	0.0	True
GO:0005861	troponin complex	cellular_component	4	0.9210964607911173	4.342650493483011	0.0	39819	43230	0.0	True
GO:0035023	regulation of Rho protein signal transduction	biological_process	3	0.9210964607911173	3.256987870112258	0.0	39819	43230	0.0	True
GO:0004989	octopamine receptor activity	molecular_function	2	0.9210964607911173	2.1713252467415054	0.0	39819	43230	0.0	True
GO:0005221	intracellularly cyclic nucleotide-activated monoatomic cation channel activity	molecular_function	2	0.9210964607911173	2.1713252467415054	0.0	39819	43230	0.0	True
GO:0043855	cyclic nucleotide-activated monoatomic ion channel activity	molecular_function	2	0.9210964607911173	2.1713252467415054	0.0	39819	43230	0.0	True
GO:0097363	protein O-acetylglucosaminyltransferase activity	molecular_function	2	0.9210964607911173	2.1713252467415054	0.0	39819	43230	0.0	True
GO:0031461	cullin-RING ubiquitin ligase complex	cellular_component	2	0.9210964607911173	2.1713252467415054	0.0	39819	43230	0.0	True
GO:0022900	electron transport chain	biological_process	3	0.9210964607911173	3.256987870112258	0.0	39819	43230	0.0	True
GO:0022904	respiratory electron transport chain	biological_process	3	0.9210964607911173	3.256987870112258	0.0	39819	43230	0.0	True
GO:0035254	glutamate receptor binding	molecular_function	2	0.9210964607911173	2.1713252467415054	0.0	39819	43230	0.0	True
GO:0022402	cell cycle process	biological_process	18	0.9210964607911173	19.541927220673546	0.0	39819	43230	0.0	True
GO:1903047	mitotic cell cycle process	biological_process	12	0.9210964607911173	13.027951480449032	0.0	39819	43230	0.0	True
GO:0031261	DNA replication preinitiation complex	cellular_component	3	0.9210964607911173	3.256987870112258	0.0	39819	43230	0.0	True
GO:0032993	protein-DNA complex	cellular_component	5	0.9210964607911173	5.428313116853763	0.0	39819	43230	0.0	True
GO:0000811	GINS complex	cellular_component	2	0.9210964607911173	2.1713252467415054	0.0	39819	43230	0.0	True
GO:0007010	cytoskeleton organization	biological_process	17	0.9210964607911173	18.456264597302795	0.0	39819	43230	0.0	True
GO:0008236	serine-type peptidase activity	molecular_function	22	0.9210964607911173	23.88457771415656	0.0	39819	43230	0.0	True
GO:0004252	serine-type endopeptidase activity	molecular_function	21	0.9210964607911173	22.798915090785805	0.0	39819	43230	0.0	True
GO:0006869	lipid transport	biological_process	6	0.9210964607911173	6.513975740224516	0.0	39819	43230	0.0	True
GO:0008289	lipid binding	molecular_function	38	0.9210964607911173	41.2551796880886	0.0	39819	43230	0.0	True
GO:0016408	C-acyltransferase activity	molecular_function	3	0.9210964607911173	3.256987870112258	0.0	39819	43230	0.0	True
GO:0042579	microbody	cellular_component	12	0.9210964607911173	13.027951480449032	0.0	39819	43230	0.0	True
GO:0005777	peroxisome	cellular_component	10	0.9210964607911173	10.856626233707527	0.0	39819	43230	0.0	True
GO:0000724	double-strand break repair via homologous recombination	biological_process	5	0.9210964607911173	5.428313116853763	0.0	39819	43230	0.0	True
GO:0000725	recombinational repair	biological_process	5	0.9210964607911173	5.428313116853763	0.0	39819	43230	0.0	True
GO:0140104	molecular carrier activity	molecular_function	3	0.9210964607911173	3.256987870112258	0.0	39819	43230	0.0	True
GO:0140142	nucleocytoplasmic carrier activity	molecular_function	3	0.9210964607911173	3.256987870112258	0.0	39819	43230	0.0	True
GO:0090257	regulation of muscle system process	biological_process	4	0.9210964607911173	4.342650493483011	0.0	39819	43230	0.0	True
GO:0016125	sterol metabolic process	biological_process	2	0.9210964607911173	2.1713252467415054	0.0	39819	43230	0.0	True
GO:0006720	isoprenoid metabolic process	biological_process	4	0.9210964607911173	4.342650493483011	0.0	39819	43230	0.0	True
GO:0016114	terpenoid biosynthetic process	biological_process	4	0.9210964607911173	4.342650493483011	0.0	39819	43230	0.0	True
GO:0045337	farnesyl diphosphate biosynthetic process	biological_process	4	0.9210964607911173	4.342650493483011	0.0	39819	43230	0.0	True
GO:0006721	terpenoid metabolic process	biological_process	4	0.9210964607911173	4.342650493483011	0.0	39819	43230	0.0	True
GO:0045338	farnesyl diphosphate metabolic process	biological_process	4	0.9210964607911173	4.342650493483011	0.0	39819	43230	0.0	True
GO:0008299	isoprenoid biosynthetic process	biological_process	4	0.9210964607911173	4.342650493483011	0.0	39819	43230	0.0	True
GO:0023061	signal release	biological_process	2	0.9210964607911173	2.1713252467415054	0.0	39819	43230	0.0	True
GO:0001510	RNA methylation	biological_process	3	0.9210964607911173	3.256987870112258	0.0	39819	43230	0.0	True
GO:0008033	tRNA processing	biological_process	7	0.9210964607911173	7.599638363595268	0.0	39819	43230	0.0	True
GO:0030488	tRNA methylation	biological_process	3	0.9210964607911173	3.256987870112258	0.0	39819	43230	0.0	True
GO:0140101	catalytic activity, acting on a tRNA	molecular_function	5	0.9210964607911173	5.428313116853763	0.0	39819	43230	0.0	True
GO:0008175	tRNA methyltransferase activity	molecular_function	3	0.9210964607911173	3.256987870112258	0.0	39819	43230	0.0	True
GO:0016300	tRNA (uridine) methyltransferase activity	molecular_function	2	0.9210964607911173	2.1713252467415054	0.0	39819	43230	0.0	True
GO:0141101	tRNA(Ser) (uridine(44)-2'-O-)-methyltransferase activity	molecular_function	2	0.9210964607911173	2.1713252467415054	0.0	39819	43230	0.0	True
GO:0006270	DNA replication initiation	biological_process	5	0.9210964607911173	5.428313116853763	0.0	39819	43230	0.0	True
GO:0003684	damaged DNA binding	molecular_function	3	0.9210964607911173	3.256987870112258	0.0	39819	43230	0.0	True
GO:0090734	site of DNA damage	cellular_component	4	0.9210964607911173	4.342650493483011	0.0	39819	43230	0.0	True
GO:0035861	site of double-strand break	cellular_component	4	0.9210964607911173	4.342650493483011	0.0	39819	43230	0.0	True
GO:0008277	regulation of G protein-coupled receptor signaling pathway	biological_process	3	0.9210964607911173	3.256987870112258	0.0	39819	43230	0.0	True
GO:1902531	regulation of intracellular signal transduction	biological_process	21	0.9210964607911173	22.798915090785805	0.0	39819	43230	0.0	True
GO:0051056	regulation of small GTPase mediated signal transduction	biological_process	7	0.9210964607911173	7.599638363595268	0.0	39819	43230	0.0	True
GO:0051020	GTPase binding	molecular_function	6	0.9210964607911173	6.513975740224516	0.0	39819	43230	0.0	True
GO:0031267	small GTPase binding	molecular_function	6	0.9210964607911173	6.513975740224516	0.0	39819	43230	0.0	True
GO:0008047	enzyme activator activity	molecular_function	7	0.9210964607911173	7.599638363595268	0.0	39819	43230	0.0	True
GO:0140677	molecular function activator activity	molecular_function	16	0.9210964607911173	17.370601973932043	0.0	39819	43230	0.0	True
GO:0030695	GTPase regulator activity	molecular_function	13	0.9210964607911173	14.113614103819785	0.0	39819	43230	0.0	True
GO:0060589	nucleoside-triphosphatase regulator activity	molecular_function	13	0.9210964607911173	14.113614103819785	0.0	39819	43230	0.0	True
GO:0005096	GTPase activator activity	molecular_function	6	0.9210964607911173	6.513975740224516	0.0	39819	43230	0.0	True
GO:0006400	tRNA modification	biological_process	6	0.9210964607911173	6.513975740224516	0.0	39819	43230	0.0	True
GO:0009451	RNA modification	biological_process	8	0.9210964607911173	8.685300986966022	0.0	39819	43230	0.0	True
GO:0043414	macromolecule methylation	biological_process	3	0.9210964607911173	3.256987870112258	0.0	39819	43230	0.0	True
GO:0005125	cytokine activity	molecular_function	2	0.9210964607911173	2.1713252467415054	0.0	39819	43230	0.0	True
GO:0005201	extracellular matrix structural constituent	molecular_function	2	0.9210964607911173	2.1713252467415054	0.0	39819	43230	0.0	True
GO:0030020	extracellular matrix structural constituent conferring tensile strength	molecular_function	2	0.9210964607911173	2.1713252467415054	0.0	39819	43230	0.0	True
GO:0098642	network-forming collagen trimer	cellular_component	2	0.9210964607911173	2.1713252467415054	0.0	39819	43230	0.0	True
GO:0005581	collagen trimer	cellular_component	2	0.9210964607911173	2.1713252467415054	0.0	39819	43230	0.0	True
GO:0005587	collagen type IV trimer	cellular_component	2	0.9210964607911173	2.1713252467415054	0.0	39819	43230	0.0	True
GO:0070001	aspartic-type peptidase activity	molecular_function	2	0.9210964607911173	2.1713252467415054	0.0	39819	43230	0.0	True
GO:0004190	aspartic-type endopeptidase activity	molecular_function	2	0.9210964607911173	2.1713252467415054	0.0	39819	43230	0.0	True
GO:0061024	membrane organization	biological_process	9	0.9210964607911173	9.770963610336773	0.0	39819	43230	0.0	True
GO:0090151	establishment of protein localization to mitochondrial membrane	biological_process	2	0.9210964607911173	2.1713252467415054	0.0	39819	43230	0.0	True
GO:0051205	protein insertion into membrane	biological_process	2	0.9210964607911173	2.1713252467415054	0.0	39819	43230	0.0	True
GO:0007005	mitochondrion organization	biological_process	5	0.9210964607911173	5.428313116853763	0.0	39819	43230	0.0	True
GO:0007006	mitochondrial membrane organization	biological_process	2	0.9210964607911173	2.1713252467415054	0.0	39819	43230	0.0	True
GO:0033108	mitochondrial respiratory chain complex assembly	biological_process	5	0.9210964607911173	5.428313116853763	0.0	39819	43230	0.0	True
GO:0019725	cellular homeostasis	biological_process	15	0.9210964607911173	16.284939350561288	0.0	39819	43230	0.0	True
GO:0042592	homeostatic process	biological_process	18	0.9210964607911173	19.541927220673546	0.0	39819	43230	0.0	True
GO:0042575	DNA polymerase complex	cellular_component	3	0.9210964607911173	3.256987870112258	0.0	39819	43230	0.0	True
GO:0015711	organic anion transport	biological_process	8	0.9210964607911173	8.685300986966022	0.0	39819	43230	0.0	True
GO:0046942	carboxylic acid transport	biological_process	4	0.9210964607911173	4.342650493483011	0.0	39819	43230	0.0	True
GO:0015849	organic acid transport	biological_process	4	0.9210964607911173	4.342650493483011	0.0	39819	43230	0.0	True
GO:0016405	CoA-ligase activity	molecular_function	2	0.9210964607911173	2.1713252467415054	0.0	39819	43230	0.0	True
GO:0120515	fatty acid-CoA ligase activity	molecular_function	2	0.9210964607911173	2.1713252467415054	0.0	39819	43230	0.0	True
GO:0016878	acid-thiol ligase activity	molecular_function	3	0.9210964607911173	3.256987870112258	0.0	39819	43230	0.0	True
GO:0015645	fatty acid ligase activity	molecular_function	2	0.9210964607911173	2.1713252467415054	0.0	39819	43230	0.0	True
GO:0008514	organic anion transmembrane transporter activity	molecular_function	13	0.9210964607911173	14.113614103819785	0.0	39819	43230	0.0	True
GO:0005342	organic acid transmembrane transporter activity	molecular_function	11	0.9210964607911173	11.94228885707828	0.0	39819	43230	0.0	True
GO:0046943	carboxylic acid transmembrane transporter activity	molecular_function	11	0.9210964607911173	11.94228885707828	0.0	39819	43230	0.0	True
GO:0051204	protein insertion into mitochondrial membrane	biological_process	2	0.9210964607911173	2.1713252467415054	0.0	39819	43230	0.0	True
GO:0072655	establishment of protein localization to mitochondrion	biological_process	4	0.9210964607911173	4.342650493483011	0.0	39819	43230	0.0	True
GO:0045165	cell fate commitment	biological_process	3	0.9210964607911173	3.256987870112258	0.0	39819	43230	0.0	True
GO:0060070	canonical Wnt signaling pathway	biological_process	2	0.9210964607911173	2.1713252467415054	0.0	39819	43230	0.0	True
GO:0005109	frizzled binding	molecular_function	2	0.9210964607911173	2.1713252467415054	0.0	39819	43230	0.0	True
GO:0045214	sarcomere organization	biological_process	5	0.9210964607911173	5.428313116853763	0.0	39819	43230	0.0	True
GO:0006289	nucleotide-excision repair	biological_process	2	0.9210964607911173	2.1713252467415054	0.0	39819	43230	0.0	True
GO:0015145	monosaccharide transmembrane transporter activity	molecular_function	2	0.9210964607911173	2.1713252467415054	0.0	39819	43230	0.0	True
GO:0005402	carbohydrate:monoatomic cation symporter activity	molecular_function	2	0.9210964607911173	2.1713252467415054	0.0	39819	43230	0.0	True
GO:0055056	D-glucose transmembrane transporter activity	molecular_function	2	0.9210964607911173	2.1713252467415054	0.0	39819	43230	0.0	True
GO:0051119	sugar transmembrane transporter activity	molecular_function	2	0.9210964607911173	2.1713252467415054	0.0	39819	43230	0.0	True
GO:0015149	hexose transmembrane transporter activity	molecular_function	2	0.9210964607911173	2.1713252467415054	0.0	39819	43230	0.0	True
GO:0015144	carbohydrate transmembrane transporter activity	molecular_function	3	0.9210964607911173	3.256987870112258	0.0	39819	43230	0.0	True
GO:0005412	D-glucose:sodium symporter activity	molecular_function	2	0.9210964607911173	2.1713252467415054	0.0	39819	43230	0.0	True
GO:0051129	negative regulation of cellular component organization	biological_process	2	0.9210964607911173	2.1713252467415054	0.0	39819	43230	0.0	True
GO:0000109	nucleotide-excision repair complex	cellular_component	2	0.9210964607911173	2.1713252467415054	0.0	39819	43230	0.0	True
GO:1901981	phosphatidylinositol phosphate binding	molecular_function	6	0.9210964607911173	6.513975740224516	0.0	39819	43230	0.0	True
GO:0035091	phosphatidylinositol binding	molecular_function	21	0.9210964607911173	22.798915090785805	0.0	39819	43230	0.0	True
GO:0005543	phospholipid binding	molecular_function	32	0.9210964607911173	34.741203947864086	0.0	39819	43230	0.0	True
GO:1902936	phosphatidylinositol bisphosphate binding	molecular_function	4	0.9210964607911173	4.342650493483011	0.0	39819	43230	0.0	True
GO:0015074	DNA integration	biological_process	3	0.9210964607911173	3.256987870112258	0.0	39819	43230	0.0	True
GO:0051015	actin filament binding	molecular_function	4	0.9210964607911173	4.342650493483011	0.0	39819	43230	0.0	True
GO:1990752	microtubule end	cellular_component	2	0.9210964607911173	2.1713252467415054	0.0	39819	43230	0.0	True
GO:0035371	microtubule plus-end	cellular_component	2	0.9210964607911173	2.1713252467415054	0.0	39819	43230	0.0	True
GO:0010639	negative regulation of organelle organization	biological_process	2	0.9210964607911173	2.1713252467415054	0.0	39819	43230	0.0	True
GO:0051494	negative regulation of cytoskeleton organization	biological_process	2	0.9210964607911173	2.1713252467415054	0.0	39819	43230	0.0	True
GO:0007049	cell cycle	biological_process	2	0.9210964607911173	2.1713252467415054	0.0	39819	43230	0.0	True
GO:0051321	meiotic cell cycle	biological_process	2	0.9210964607911173	2.1713252467415054	0.0	39819	43230	0.0	True
GO:0046434	organophosphate catabolic process	biological_process	2	0.9210964607911173	2.1713252467415054	0.0	39819	43230	0.0	True
GO:0099512	supramolecular fiber	cellular_component	8	0.9210964607911173	8.685300986966022	0.0	39819	43230	0.0	True
GO:0099081	supramolecular polymer	cellular_component	8	0.9210964607911173	8.685300986966022	0.0	39819	43230	0.0	True
GO:0099513	polymeric cytoskeletal fiber	cellular_component	8	0.9210964607911173	8.685300986966022	0.0	39819	43230	0.0	True
GO:0070918	regulatory ncRNA processing	biological_process	12	0.9210964607911173	13.027951480449032	0.0	39819	43230	0.0	True
GO:0034587	piRNA processing	biological_process	12	0.9210964607911173	13.027951480449032	0.0	39819	43230	0.0	True
GO:0030029	actin filament-based process	biological_process	7	0.9210964607911173	7.599638363595268	0.0	39819	43230	0.0	True
GO:0031032	actomyosin structure organization	biological_process	5	0.9210964607911173	5.428313116853763	0.0	39819	43230	0.0	True
GO:0030036	actin cytoskeleton organization	biological_process	6	0.9210964607911173	6.513975740224516	0.0	39819	43230	0.0	True
GO:0098791	Golgi apparatus subcompartment	cellular_component	7	0.9210964607911173	7.599638363595268	0.0	39819	43230	0.0	True
GO:0031984	organelle subcompartment	cellular_component	9	0.9210964607911173	9.770963610336773	0.0	39819	43230	0.0	True
GO:0032886	regulation of microtubule-based process	biological_process	3	0.9210964607911173	3.256987870112258	0.0	39819	43230	0.0	True
GO:0033043	regulation of organelle organization	biological_process	7	0.9210964607911173	7.599638363595268	0.0	39819	43230	0.0	True
GO:0051493	regulation of cytoskeleton organization	biological_process	4	0.9210964607911173	4.342650493483011	0.0	39819	43230	0.0	True
GO:0045134	UDP phosphatase activity	molecular_function	2	0.9210964607911173	2.1713252467415054	0.0	39819	43230	0.0	True
GO:0017110	nucleoside diphosphate phosphatase activity	molecular_function	4	0.9210964607911173	4.342650493483011	0.0	39819	43230	0.0	True
GO:0004382	GDP phosphatase activity	molecular_function	2	0.9210964607911173	2.1713252467415054	0.0	39819	43230	0.0	True
GO:0070887	cellular response to chemical stimulus	biological_process	4	0.9210964607911173	4.342650493483011	0.0	39819	43230	0.0	True
GO:0051087	protein-folding chaperone binding	molecular_function	3	0.9210964607911173	3.256987870112258	0.0	39819	43230	0.0	True
GO:0000226	microtubule cytoskeleton organization	biological_process	7	0.9210964607911173	7.599638363595268	0.0	39819	43230	0.0	True
GO:0007017	microtubule-based process	biological_process	14	0.9210964607911173	15.199276727190536	0.0	39819	43230	0.0	True
GO:0001578	microtubule bundle formation	biological_process	2	0.9210964607911173	2.1713252467415054	0.0	39819	43230	0.0	True
GO:0015631	tubulin binding	molecular_function	11	0.9210964607911173	11.94228885707828	0.0	39819	43230	0.0	True
GO:0008017	microtubule binding	molecular_function	8	0.9210964607911173	8.685300986966022	0.0	39819	43230	0.0	True
GO:0044877	protein-containing complex binding	molecular_function	15	0.9210964607911173	16.284939350561288	0.0	39819	43230	0.0	True
GO:0006906	vesicle fusion	biological_process	2	0.9210964607911173	2.1713252467415054	0.0	39819	43230	0.0	True
GO:0031589	cell-substrate adhesion	biological_process	3	0.9210964607911173	3.256987870112258	0.0	39819	43230	0.0	True
GO:0007160	cell-matrix adhesion	biological_process	3	0.9210964607911173	3.256987870112258	0.0	39819	43230	0.0	True
GO:0005604	basement membrane	cellular_component	2	0.9210964607911173	2.1713252467415054	0.0	39819	43230	0.0	True
GO:0003333	amino acid transmembrane transport	biological_process	4	0.9210964607911173	4.342650493483011	0.0	39819	43230	0.0	True
GO:0015695	organic cation transport	biological_process	2	0.9210964607911173	2.1713252467415054	0.0	39819	43230	0.0	True
GO:0006839	mitochondrial transport	biological_process	2	0.9210964607911173	2.1713252467415054	0.0	39819	43230	0.0	True
GO:1990542	mitochondrial transmembrane transport	biological_process	2	0.9210964607911173	2.1713252467415054	0.0	39819	43230	0.0	True
GO:0010960	magnesium ion homeostasis	biological_process	2	0.9210964607911173	2.1713252467415054	0.0	39819	43230	0.0	True
GO:0016055	Wnt signaling pathway	biological_process	5	0.9210964607911173	5.428313116853763	0.0	39819	43230	0.0	True
GO:0030544	Hsp70 protein binding	molecular_function	2	0.9210964607911173	2.1713252467415054	0.0	39819	43230	0.0	True
GO:1902652	secondary alcohol metabolic process	biological_process	2	0.9210964607911173	2.1713252467415054	0.0	39819	43230	0.0	True
GO:0007034	vacuolar transport	biological_process	2	0.9210964607911173	2.1713252467415054	0.0	39819	43230	0.0	True
GO:0006525	arginine metabolic process	biological_process	2	0.9210964607911173	2.1713252467415054	0.0	39819	43230	0.0	True
GO:0009065	glutamine family amino acid catabolic process	biological_process	2	0.9210964607911173	2.1713252467415054	0.0	39819	43230	0.0	True
GO:0006527	L-arginine catabolic process	biological_process	2	0.9210964607911173	2.1713252467415054	0.0	39819	43230	0.0	True
GO:0141124	intracellular signaling cassette	biological_process	21	0.9210964607911173	22.798915090785805	0.0	39819	43230	0.0	True
GO:0030684	preribosome	cellular_component	2	0.9210964607911173	2.1713252467415054	0.0	39819	43230	0.0	True
GO:0032483	regulation of Rab protein signal transduction	biological_process	3	0.9210964607911173	3.256987870112258	0.0	39819	43230	0.0	True
GO:0012501	programmed cell death	biological_process	4	0.9210964607911173	4.342650493483011	0.0	39819	43230	0.0	True
GO:0008219	cell death	biological_process	4	0.9210964607911173	4.342650493483011	0.0	39819	43230	0.0	True
GO:0006915	apoptotic process	biological_process	4	0.9210964607911173	4.342650493483011	0.0	39819	43230	0.0	True
GO:0032006	regulation of TOR signaling	biological_process	2	0.9210964607911173	2.1713252467415054	0.0	39819	43230	0.0	True
GO:0043413	macromolecule glycosylation	biological_process	4	0.9210964607911173	4.342650493483011	0.0	39819	43230	0.0	True
GO:0006486	protein glycosylation	biological_process	4	0.9210964607911173	4.342650493483011	0.0	39819	43230	0.0	True
GO:0036065	fucosylation	biological_process	3	0.9210964607911173	3.256987870112258	0.0	39819	43230	0.0	True
GO:0008417	fucosyltransferase activity	molecular_function	3	0.9210964607911173	3.256987870112258	0.0	39819	43230	0.0	True
GO:0032580	Golgi cisterna membrane	cellular_component	3	0.9210964607911173	3.256987870112258	0.0	39819	43230	0.0	True
GO:0016050	vesicle organization	biological_process	7	0.9210964607911173	7.599638363595268	0.0	39819	43230	0.0	True
GO:0090174	organelle membrane fusion	biological_process	2	0.9210964607911173	2.1713252467415054	0.0	39819	43230	0.0	True
GO:0061025	membrane fusion	biological_process	2	0.9210964607911173	2.1713252467415054	0.0	39819	43230	0.0	True
GO:0048284	organelle fusion	biological_process	2	0.9210964607911173	2.1713252467415054	0.0	39819	43230	0.0	True
GO:0006084	acetyl-CoA metabolic process	biological_process	2	0.9210964607911173	2.1713252467415054	0.0	39819	43230	0.0	True
GO:0016702	oxidoreductase activity, acting on single donors with incorporation of molecular oxygen, incorporation of two atoms of oxygen	molecular_function	2	0.9210964607911173	2.1713252467415054	0.0	39819	43230	0.0	True
GO:0098552	side of membrane	cellular_component	6	0.9210964607911173	6.513975740224516	0.0	39819	43230	0.0	True
GO:0005681	spliceosomal complex	cellular_component	3	0.9210964607911173	3.256987870112258	0.0	39819	43230	0.0	True
GO:1905039	carboxylic acid transmembrane transport	biological_process	3	0.9210964607911173	3.256987870112258	0.0	39819	43230	0.0	True
GO:1903825	organic acid transmembrane transport	biological_process	3	0.9210964607911173	3.256987870112258	0.0	39819	43230	0.0	True
GO:0046474	glycerophospholipid biosynthetic process	biological_process	3	0.9210964607911173	3.256987870112258	0.0	39819	43230	0.0	True
GO:0009247	glycolipid biosynthetic process	biological_process	2	0.9210964607911173	2.1713252467415054	0.0	39819	43230	0.0	True
GO:0006505	GPI anchor metabolic process	biological_process	2	0.9210964607911173	2.1713252467415054	0.0	39819	43230	0.0	True
GO:1903509	liposaccharide metabolic process	biological_process	2	0.9210964607911173	2.1713252467415054	0.0	39819	43230	0.0	True
GO:0006664	glycolipid metabolic process	biological_process	2	0.9210964607911173	2.1713252467415054	0.0	39819	43230	0.0	True
GO:0006661	phosphatidylinositol biosynthetic process	biological_process	2	0.9210964607911173	2.1713252467415054	0.0	39819	43230	0.0	True
GO:0008654	phospholipid biosynthetic process	biological_process	9	0.9210964607911173	9.770963610336773	0.0	39819	43230	0.0	True
GO:0006506	GPI anchor biosynthetic process	biological_process	2	0.9210964607911173	2.1713252467415054	0.0	39819	43230	0.0	True
GO:0016810	hydrolase activity, acting on carbon-nitrogen (but not peptide) bonds	molecular_function	6	0.9210964607911173	6.513975740224516	0.0	39819	43230	0.0	True
GO:0016811	hydrolase activity, acting on carbon-nitrogen (but not peptide) bonds, in linear amides	molecular_function	2	0.9210964607911173	2.1713252467415054	0.0	39819	43230	0.0	True
GO:0044666	MLL3/4 complex	cellular_component	2	0.9210964607911173	2.1713252467415054	0.0	39819	43230	0.0	True
GO:0006099	tricarboxylic acid cycle	biological_process	2	0.9210964607911173	2.1713252467415054	0.0	39819	43230	0.0	True
GO:0006637	acyl-CoA metabolic process	biological_process	3	0.9210964607911173	3.256987870112258	0.0	39819	43230	0.0	True
GO:0035383	thioester metabolic process	biological_process	3	0.9210964607911173	3.256987870112258	0.0	39819	43230	0.0	True
GO:0007200	phospholipase C-activating G protein-coupled receptor signaling pathway	biological_process	2	0.9210964607911173	2.1713252467415054	0.0	39819	43230	0.0	True
GO:0004143	ATP-dependent diacylglycerol kinase activity	molecular_function	2	0.9210964607911173	2.1713252467415054	0.0	39819	43230	0.0	True
GO:0006865	amino acid transport	biological_process	5	0.9210964607911173	5.428313116853763	0.0	39819	43230	0.0	True
GO:0016701	oxidoreductase activity, acting on single donors with incorporation of molecular oxygen	molecular_function	2	0.9210964607911173	2.1713252467415054	0.0	39819	43230	0.0	True
GO:0051539	4 iron, 4 sulfur cluster binding	molecular_function	3	0.9210964607911173	3.256987870112258	0.0	39819	43230	0.0	True
GO:0051052	regulation of DNA metabolic process	biological_process	2	0.9210964607911173	2.1713252467415054	0.0	39819	43230	0.0	True
GO:0042277	peptide binding	molecular_function	8	0.9210964607911173	8.685300986966022	0.0	39819	43230	0.0	True
GO:0051236	establishment of RNA localization	biological_process	2	0.9210964607911173	2.1713252467415054	0.0	39819	43230	0.0	True
GO:0050658	RNA transport	biological_process	2	0.9210964607911173	2.1713252467415054	0.0	39819	43230	0.0	True
GO:0050657	nucleic acid transport	biological_process	2	0.9210964607911173	2.1713252467415054	0.0	39819	43230	0.0	True
GO:0015931	nucleobase-containing compound transport	biological_process	2	0.9210964607911173	2.1713252467415054	0.0	39819	43230	0.0	True
GO:0051028	mRNA transport	biological_process	2	0.9210964607911173	2.1713252467415054	0.0	39819	43230	0.0	True
GO:0016835	carbon-oxygen lyase activity	molecular_function	4	0.9210964607911173	4.342650493483011	0.0	39819	43230	0.0	True
GO:0016836	hydro-lyase activity	molecular_function	4	0.9210964607911173	4.342650493483011	0.0	39819	43230	0.0	True
GO:0004089	carbonate dehydratase activity	molecular_function	3	0.9210964607911173	3.256987870112258	0.0	39819	43230	0.0	True
GO:0008188	neuropeptide receptor activity	molecular_function	19	0.9210964607911173	20.6275898440443	0.0	39819	43230	0.0	True
GO:0008528	G protein-coupled peptide receptor activity	molecular_function	20	0.9210964607911173	21.713252467415053	0.0	39819	43230	0.0	True
GO:0051050	positive regulation of transport	biological_process	3	0.9210964607911173	3.256987870112258	0.0	39819	43230	0.0	True
GO:0010970	transport along microtubule	biological_process	3	0.9210964607911173	3.256987870112258	0.0	39819	43230	0.0	True
GO:0007018	microtubule-based movement	biological_process	6	0.9210964607911173	6.513975740224516	0.0	39819	43230	0.0	True
GO:0051656	establishment of organelle localization	biological_process	3	0.9210964607911173	3.256987870112258	0.0	39819	43230	0.0	True
GO:0030705	cytoskeleton-dependent intracellular transport	biological_process	4	0.9210964607911173	4.342650493483011	0.0	39819	43230	0.0	True
GO:0099111	microtubule-based transport	biological_process	3	0.9210964607911173	3.256987870112258	0.0	39819	43230	0.0	True
GO:0051640	organelle localization	biological_process	4	0.9210964607911173	4.342650493483011	0.0	39819	43230	0.0	True
GO:0099501	exocytic vesicle membrane	cellular_component	2	0.9210964607911173	2.1713252467415054	0.0	39819	43230	0.0	True
GO:0030658	transport vesicle membrane	cellular_component	2	0.9210964607911173	2.1713252467415054	0.0	39819	43230	0.0	True
GO:0030672	synaptic vesicle membrane	cellular_component	2	0.9210964607911173	2.1713252467415054	0.0	39819	43230	0.0	True
GO:0098562	cytoplasmic side of membrane	cellular_component	3	0.9210964607911173	3.256987870112258	0.0	39819	43230	0.0	True
GO:0098771	inorganic ion homeostasis	biological_process	6	0.9210964607911173	6.513975740224516	0.0	39819	43230	0.0	True
GO:0030003	intracellular monoatomic cation homeostasis	biological_process	13	0.9210964607911173	14.113614103819785	0.0	39819	43230	0.0	True
GO:0055082	intracellular chemical homeostasis	biological_process	13	0.9210964607911173	14.113614103819785	0.0	39819	43230	0.0	True
GO:0006882	intracellular zinc ion homeostasis	biological_process	2	0.9210964607911173	2.1713252467415054	0.0	39819	43230	0.0	True
GO:0031072	heat shock protein binding	molecular_function	4	0.9210964607911173	4.342650493483011	0.0	39819	43230	0.0	True
GO:0006558	L-phenylalanine metabolic process	biological_process	2	0.9210964607911173	2.1713252467415054	0.0	39819	43230	0.0	True
GO:0006559	L-phenylalanine catabolic process	biological_process	2	0.9210964607911173	2.1713252467415054	0.0	39819	43230	0.0	True
GO:0016714	oxidoreductase activity, acting on paired donors, with incorporation or reduction of molecular oxygen, reduced pteridine as one donor, and incorporation of one atom of oxygen	molecular_function	2	0.9210964607911173	2.1713252467415054	0.0	39819	43230	0.0	True
GO:0004505	phenylalanine 4-monooxygenase activity	molecular_function	2	0.9210964607911173	2.1713252467415054	0.0	39819	43230	0.0	True
GO:0045735	nutrient reservoir activity	molecular_function	2	0.9210964607911173	2.1713252467415054	0.0	39819	43230	0.0	True
GO:0007219	Notch signaling pathway	biological_process	2	0.9210964607911173	2.1713252467415054	0.0	39819	43230	0.0	True
GO:0072599	establishment of protein localization to endoplasmic reticulum	biological_process	3	0.9210964607911173	3.256987870112258	0.0	39819	43230	0.0	True
GO:0045047	protein targeting to ER	biological_process	3	0.9210964607911173	3.256987870112258	0.0	39819	43230	0.0	True
GO:0061061	muscle structure development	biological_process	2	0.9210964607911173	2.1713252467415054	0.0	39819	43230	0.0	True
GO:0046915	transition metal ion transmembrane transporter activity	molecular_function	6	0.9210964607911173	6.513975740224516	0.0	39819	43230	0.0	True
GO:0005385	zinc ion transmembrane transporter activity	molecular_function	5	0.9210964607911173	5.428313116853763	0.0	39819	43230	0.0	True
GO:0072521	purine-containing compound metabolic process	biological_process	15	0.9210964607911173	16.284939350561288	0.0	39819	43230	0.0	True
GO:0006144	purine nucleobase metabolic process	biological_process	4	0.9210964607911173	4.342650493483011	0.0	39819	43230	0.0	True
GO:0043603	amide metabolic process	biological_process	10	0.9210964607911173	10.856626233707527	0.0	39819	43230	0.0	True
GO:0016831	carboxy-lyase activity	molecular_function	2	0.9210964607911173	2.1713252467415054	0.0	39819	43230	0.0	True
GO:0016830	carbon-carbon lyase activity	molecular_function	2	0.9210964607911173	2.1713252467415054	0.0	39819	43230	0.0	True
GO:0007389	pattern specification process	biological_process	2	0.9210964607911173	2.1713252467415054	0.0	39819	43230	0.0	True
GO:0051540	metal cluster binding	molecular_function	6	0.9210964607911173	6.513975740224516	0.0	39819	43230	0.0	True
GO:0051536	iron-sulfur cluster binding	molecular_function	6	0.9210964607911173	6.513975740224516	0.0	39819	43230	0.0	True
GO:0051239	regulation of multicellular organismal process	biological_process	9	0.9210964607911173	9.770963610336773	0.0	39819	43230	0.0	True
GO:0050793	regulation of developmental process	biological_process	9	0.9210964607911173	9.770963610336773	0.0	39819	43230	0.0	True
GO:2000036	regulation of stem cell population maintenance	biological_process	2	0.9210964607911173	2.1713252467415054	0.0	39819	43230	0.0	True
GO:0030015	CCR4-NOT core complex	cellular_component	2	0.9210964607911173	2.1713252467415054	0.0	39819	43230	0.0	True
GO:0050801	monoatomic ion homeostasis	biological_process	15	0.9210964607911173	16.284939350561288	0.0	39819	43230	0.0	True
GO:0048878	chemical homeostasis	biological_process	16	0.9210964607911173	17.370601973932043	0.0	39819	43230	0.0	True
GO:0055080	monoatomic cation homeostasis	biological_process	15	0.9210964607911173	16.284939350561288	0.0	39819	43230	0.0	True
GO:0006873	intracellular monoatomic ion homeostasis	biological_process	13	0.9210964607911173	14.113614103819785	0.0	39819	43230	0.0	True
GO:0044057	regulation of system process	biological_process	5	0.9210964607911173	5.428313116853763	0.0	39819	43230	0.0	True
GO:0051240	positive regulation of multicellular organismal process	biological_process	2	0.9210964607911173	2.1713252467415054	0.0	39819	43230	0.0	True
GO:0007186	G protein-coupled receptor signaling pathway	biological_process	12	0.9210964607911173	13.027951480449032	0.0	39819	43230	0.0	True
GO:0007218	neuropeptide signaling pathway	biological_process	2	0.9210964607911173	2.1713252467415054	0.0	39819	43230	0.0	True
GO:0005102	signaling receptor binding	molecular_function	21	0.9210964607911173	22.798915090785805	0.0	39819	43230	0.0	True
GO:0001664	G protein-coupled receptor binding	molecular_function	6	0.9210964607911173	6.513975740224516	0.0	39819	43230	0.0	True
GO:0140168	nuclear ribonucleoprotein granule	cellular_component	2	0.9210964607911173	2.1713252467415054	0.0	39819	43230	0.0	True
GO:0016607	nuclear speck	cellular_component	2	0.9210964607911173	2.1713252467415054	0.0	39819	43230	0.0	True
GO:0043604	amide biosynthetic process	biological_process	2	0.9210964607911173	2.1713252467415054	0.0	39819	43230	0.0	True
GO:0070006	metalloaminopeptidase activity	molecular_function	5	0.9210964607911173	5.428313116853763	0.0	39819	43230	0.0	True
GO:0004177	aminopeptidase activity	molecular_function	6	0.9210964607911173	6.513975740224516	0.0	39819	43230	0.0	True
GO:0006488	dolichol-linked oligosaccharide biosynthetic process	biological_process	2	0.9210964607911173	2.1713252467415054	0.0	39819	43230	0.0	True
GO:0031901	early endosome membrane	cellular_component	2	0.9210964607911173	2.1713252467415054	0.0	39819	43230	0.0	True
GO:0044282	small molecule catabolic process	biological_process	11	0.9210964607911173	11.94228885707828	0.0	39819	43230	0.0	True
GO:0072523	purine-containing compound catabolic process	biological_process	2	0.9210964607911173	2.1713252467415054	0.0	39819	43230	0.0	True
GO:0009112	nucleobase metabolic process	biological_process	8	0.9210964607911173	8.685300986966022	0.0	39819	43230	0.0	True
GO:0033617	mitochondrial cytochrome c oxidase assembly	biological_process	2	0.9210964607911173	2.1713252467415054	0.0	39819	43230	0.0	True
GO:0009311	oligosaccharide metabolic process	biological_process	3	0.9210964607911173	3.256987870112258	0.0	39819	43230	0.0	True
GO:0016051	carbohydrate biosynthetic process	biological_process	4	0.9210964607911173	4.342650493483011	0.0	39819	43230	0.0	True
GO:0008375	acetylglucosaminyltransferase activity	molecular_function	7	0.9210964607911173	7.599638363595268	0.0	39819	43230	0.0	True
GO:0140103	catalytic activity, acting on a glycoprotein	molecular_function	3	0.9210964607911173	3.256987870112258	0.0	39819	43230	0.0	True
GO:0006029	proteoglycan metabolic process	biological_process	2	0.9210964607911173	2.1713252467415054	0.0	39819	43230	0.0	True
GO:0030166	proteoglycan biosynthetic process	biological_process	2	0.9210964607911173	2.1713252467415054	0.0	39819	43230	0.0	True
GO:0006885	regulation of pH	biological_process	7	0.9210964607911173	7.599638363595268	0.0	39819	43230	0.0	True
GO:0030641	regulation of cellular pH	biological_process	7	0.9210964607911173	7.599638363595268	0.0	39819	43230	0.0	True
GO:0098533	ATPase dependent transmembrane transport complex	cellular_component	3	0.9210964607911173	3.256987870112258	0.0	39819	43230	0.0	True
GO:0016469	proton-transporting two-sector ATPase complex	cellular_component	3	0.9210964607911173	3.256987870112258	0.0	39819	43230	0.0	True
GO:0090533	cation-transporting ATPase complex	cellular_component	3	0.9210964607911173	3.256987870112258	0.0	39819	43230	0.0	True
GO:0033176	proton-transporting V-type ATPase complex	cellular_component	3	0.9210964607911173	3.256987870112258	0.0	39819	43230	0.0	True
GO:0019707	protein-cysteine S-acyltransferase activity	molecular_function	2	0.9210964607911173	2.1713252467415054	0.0	39819	43230	0.0	True
GO:0005795	Golgi stack	cellular_component	2	0.9210964607911173	2.1713252467415054	0.0	39819	43230	0.0	True
GO:0072593	reactive oxygen species metabolic process	biological_process	2	0.9210964607911173	2.1713252467415054	0.0	39819	43230	0.0	True
GO:0140694	membraneless organelle assembly	biological_process	5	0.9210964607911173	5.428313116853763	0.0	39819	43230	0.0	True
GO:0070925	organelle assembly	biological_process	14	0.9210964607911173	15.199276727190536	0.0	39819	43230	0.0	True
GO:0033962	P-body assembly	biological_process	2	0.9210964607911173	2.1713252467415054	0.0	39819	43230	0.0	True
GO:0120014	phospholipid transfer activity	molecular_function	5	0.9210964607911173	5.428313116853763	0.0	39819	43230	0.0	True
GO:0016417	S-acyltransferase activity	molecular_function	2	0.9210964607911173	2.1713252467415054	0.0	39819	43230	0.0	True
GO:0019706	protein-cysteine S-palmitoyltransferase activity	molecular_function	2	0.9210964607911173	2.1713252467415054	0.0	39819	43230	0.0	True
GO:0030120	vesicle coat	cellular_component	3	0.9210964607911173	3.256987870112258	0.0	39819	43230	0.0	True
GO:0030125	clathrin vesicle coat	cellular_component	2	0.9210964607911173	2.1713252467415054	0.0	39819	43230	0.0	True
GO:0030130	clathrin coat of trans-Golgi network vesicle	cellular_component	2	0.9210964607911173	2.1713252467415054	0.0	39819	43230	0.0	True
GO:0030117	membrane coat	cellular_component	4	0.9210964607911173	4.342650493483011	0.0	39819	43230	0.0	True
GO:0030118	clathrin coat	cellular_component	3	0.9210964607911173	3.256987870112258	0.0	39819	43230	0.0	True
GO:0005938	cell cortex	cellular_component	2	0.9210964607911173	2.1713252467415054	0.0	39819	43230	0.0	True
GO:0120013	lipid transfer activity	molecular_function	5	0.9210964607911173	5.428313116853763	0.0	39819	43230	0.0	True
GO:0005548	phospholipid transporter activity	molecular_function	8	0.9210964607911173	8.685300986966022	0.0	39819	43230	0.0	True
GO:0008535	respiratory chain complex IV assembly	biological_process	2	0.9210964607911173	2.1713252467415054	0.0	39819	43230	0.0	True
GO:0017004	cytochrome complex assembly	biological_process	2	0.9210964607911173	2.1713252467415054	0.0	39819	43230	0.0	True
GO:0043495	protein-membrane adaptor activity	molecular_function	3	0.9210964607911173	3.256987870112258	0.0	39819	43230	0.0	True
GO:1902414	protein localization to cell junction	biological_process	2	0.9210964607911173	2.1713252467415054	0.0	39819	43230	0.0	True
GO:0035418	protein localization to synapse	biological_process	2	0.9210964607911173	2.1713252467415054	0.0	39819	43230	0.0	True
GO:0043491	phosphatidylinositol 3-kinase/protein kinase B signal transduction	biological_process	11	0.9210964607911173	11.94228885707828	0.0	39819	43230	0.0	True
GO:0035005	1-phosphatidylinositol-4-phosphate 3-kinase activity	molecular_function	11	0.9210964607911173	11.94228885707828	0.0	39819	43230	0.0	True
GO:0052742	phosphatidylinositol kinase activity	molecular_function	22	0.9210964607911173	23.88457771415656	0.0	39819	43230	0.0	True
GO:0001727	lipid kinase activity	molecular_function	24	0.9210964607911173	26.055902960898063	0.0	39819	43230	0.0	True
GO:0016303	1-phosphatidylinositol-3-kinase activity	molecular_function	11	0.9210964607911173	11.94228885707828	0.0	39819	43230	0.0	True
GO:0005942	phosphatidylinositol 3-kinase complex	cellular_component	11	0.9210964607911173	11.94228885707828	0.0	39819	43230	0.0	True
GO:0007062	sister chromatid cohesion	biological_process	2	0.9210964607911173	2.1713252467415054	0.0	39819	43230	0.0	True
GO:0051301	cell division	biological_process	4	0.9210964607911173	4.342650493483011	0.0	39819	43230	0.0	True
GO:0045202	synapse	cellular_component	5	0.9210964607911173	5.428313116853763	0.0	39819	43230	0.0	True
GO:0120025	plasma membrane bounded cell projection	cellular_component	12	0.9210964607911173	13.027951480449032	0.0	39819	43230	0.0	True
GO:0043005	neuron projection	cellular_component	8	0.9210964607911173	8.685300986966022	0.0	39819	43230	0.0	True
GO:0042995	cell projection	cellular_component	14	0.9210964607911173	15.199276727190536	0.0	39819	43230	0.0	True
GO:0030424	axon	cellular_component	3	0.9210964607911173	3.256987870112258	0.0	39819	43230	0.0	True
GO:1903322	positive regulation of protein modification by small protein conjugation or removal	biological_process	2	0.9210964607911173	2.1713252467415054	0.0	39819	43230	0.0	True
GO:1901875	positive regulation of post-translational protein modification	biological_process	2	0.9210964607911173	2.1713252467415054	0.0	39819	43230	0.0	True
GO:0051247	positive regulation of protein metabolic process	biological_process	4	0.9210964607911173	4.342650493483011	0.0	39819	43230	0.0	True
GO:1901873	regulation of post-translational protein modification	biological_process	2	0.9210964607911173	2.1713252467415054	0.0	39819	43230	0.0	True
GO:0031398	positive regulation of protein ubiquitination	biological_process	2	0.9210964607911173	2.1713252467415054	0.0	39819	43230	0.0	True
GO:0061733	protein-lysine-acetyltransferase activity	molecular_function	2	0.9210964607911173	2.1713252467415054	0.0	39819	43230	0.0	True
GO:0004402	histone acetyltransferase activity	molecular_function	2	0.9210964607911173	2.1713252467415054	0.0	39819	43230	0.0	True
GO:0010484	histone H3 acetyltransferase activity	molecular_function	2	0.9210964607911173	2.1713252467415054	0.0	39819	43230	0.0	True
GO:0042221	response to chemical	biological_process	5	0.9210964607911173	5.428313116853763	0.0	39819	43230	0.0	True
GO:0048731	system development	biological_process	7	0.9210964607911173	7.599638363595268	0.0	39819	43230	0.0	True
GO:0007264	small GTPase-mediated signal transduction	biological_process	8	0.9210964607911173	8.685300986966022	0.0	39819	43230	0.0	True
GO:0007265	Ras protein signal transduction	biological_process	2	0.9210964607911173	2.1713252467415054	0.0	39819	43230	0.0	True
GO:0048015	phosphatidylinositol-mediated signaling	biological_process	12	0.9210964607911173	13.027951480449032	0.0	39819	43230	0.0	True
GO:0072657	protein localization to membrane	biological_process	7	0.9210964607911173	7.599638363595268	0.0	39819	43230	0.0	True
GO:1990778	protein localization to cell periphery	biological_process	4	0.9210964607911173	4.342650493483011	0.0	39819	43230	0.0	True
GO:0072659	protein localization to plasma membrane	biological_process	4	0.9210964607911173	4.342650493483011	0.0	39819	43230	0.0	True
GO:0009124	nucleoside monophosphate biosynthetic process	biological_process	4	0.9210964607911173	4.342650493483011	0.0	39819	43230	0.0	True
GO:0009127	purine nucleoside monophosphate biosynthetic process	biological_process	3	0.9210964607911173	3.256987870112258	0.0	39819	43230	0.0	True
GO:0009259	ribonucleotide metabolic process	biological_process	4	0.9210964607911173	4.342650493483011	0.0	39819	43230	0.0	True
GO:0009150	purine ribonucleotide metabolic process	biological_process	3	0.9210964607911173	3.256987870112258	0.0	39819	43230	0.0	True
GO:0009167	purine ribonucleoside monophosphate metabolic process	biological_process	3	0.9210964607911173	3.256987870112258	0.0	39819	43230	0.0	True
GO:0000122	negative regulation of transcription by RNA polymerase II	biological_process	2	0.9210964607911173	2.1713252467415054	0.0	39819	43230	0.0	True
GO:1901659	glycosyl compound biosynthetic process	biological_process	3	0.9210964607911173	3.256987870112258	0.0	39819	43230	0.0	True
GO:0009126	purine nucleoside monophosphate metabolic process	biological_process	3	0.9210964607911173	3.256987870112258	0.0	39819	43230	0.0	True
GO:0006189	'de novo' IMP biosynthetic process	biological_process	2	0.9210964607911173	2.1713252467415054	0.0	39819	43230	0.0	True
GO:0031970	organelle envelope lumen	cellular_component	2	0.9210964607911173	2.1713252467415054	0.0	39819	43230	0.0	True
GO:0005758	mitochondrial intermembrane space	cellular_component	2	0.9210964607911173	2.1713252467415054	0.0	39819	43230	0.0	True
GO:0031401	positive regulation of protein modification process	biological_process	2	0.9210964607911173	2.1713252467415054	0.0	39819	43230	0.0	True
GO:0010604	positive regulation of macromolecule metabolic process	biological_process	14	0.9210964607911173	15.199276727190536	0.0	39819	43230	0.0	True
GO:0031396	regulation of protein ubiquitination	biological_process	2	0.9210964607911173	2.1713252467415054	0.0	39819	43230	0.0	True
GO:1903320	regulation of protein modification by small protein conjugation or removal	biological_process	2	0.9210964607911173	2.1713252467415054	0.0	39819	43230	0.0	True
GO:0031399	regulation of protein modification process	biological_process	2	0.9210964607911173	2.1713252467415054	0.0	39819	43230	0.0	True
GO:0016763	pentosyltransferase activity	molecular_function	10	0.9210964607911173	10.856626233707527	0.0	39819	43230	0.0	True
GO:0042285	xylosyltransferase activity	molecular_function	8	0.9210964607911173	8.685300986966022	0.0	39819	43230	0.0	True
GO:0009165	nucleotide biosynthetic process	biological_process	5	0.9210964607911173	5.428313116853763	0.0	39819	43230	0.0	True
GO:0009123	nucleoside monophosphate metabolic process	biological_process	4	0.9210964607911173	4.342650493483011	0.0	39819	43230	0.0	True
GO:0006163	purine nucleotide metabolic process	biological_process	4	0.9210964607911173	4.342650493483011	0.0	39819	43230	0.0	True
GO:0019693	ribose phosphate metabolic process	biological_process	4	0.9210964607911173	4.342650493483011	0.0	39819	43230	0.0	True
GO:0006164	purine nucleotide biosynthetic process	biological_process	3	0.9210964607911173	3.256987870112258	0.0	39819	43230	0.0	True
GO:0006188	IMP biosynthetic process	biological_process	2	0.9210964607911173	2.1713252467415054	0.0	39819	43230	0.0	True
GO:0009117	nucleotide metabolic process	biological_process	6	0.9210964607911173	6.513975740224516	0.0	39819	43230	0.0	True
GO:0072522	purine-containing compound biosynthetic process	biological_process	7	0.9210964607911173	7.599638363595268	0.0	39819	43230	0.0	True
GO:0009156	ribonucleoside monophosphate biosynthetic process	biological_process	4	0.9210964607911173	4.342650493483011	0.0	39819	43230	0.0	True
GO:0046040	IMP metabolic process	biological_process	2	0.9210964607911173	2.1713252467415054	0.0	39819	43230	0.0	True
GO:0046390	ribose phosphate biosynthetic process	biological_process	3	0.9210964607911173	3.256987870112258	0.0	39819	43230	0.0	True
GO:0009152	purine ribonucleotide biosynthetic process	biological_process	2	0.9210964607911173	2.1713252467415054	0.0	39819	43230	0.0	True
GO:0009260	ribonucleotide biosynthetic process	biological_process	3	0.9210964607911173	3.256987870112258	0.0	39819	43230	0.0	True
GO:0009168	purine ribonucleoside monophosphate biosynthetic process	biological_process	3	0.9210964607911173	3.256987870112258	0.0	39819	43230	0.0	True
GO:0044087	regulation of cellular component biogenesis	biological_process	5	0.9210964607911173	5.428313116853763	0.0	39819	43230	0.0	True
GO:1904396	regulation of neuromuscular junction development	biological_process	2	0.9210964607911173	2.1713252467415054	0.0	39819	43230	0.0	True
GO:1901888	regulation of cell junction assembly	biological_process	2	0.9210964607911173	2.1713252467415054	0.0	39819	43230	0.0	True
GO:0050807	regulation of synapse organization	biological_process	2	0.9210964607911173	2.1713252467415054	0.0	39819	43230	0.0	True
GO:0051963	regulation of synapse assembly	biological_process	2	0.9210964607911173	2.1713252467415054	0.0	39819	43230	0.0	True
GO:0008582	regulation of synaptic assembly at neuromuscular junction	biological_process	2	0.9210964607911173	2.1713252467415054	0.0	39819	43230	0.0	True
GO:0097485	neuron projection guidance	biological_process	8	0.9210964607911173	8.685300986966022	0.0	39819	43230	0.0	True
GO:0120036	plasma membrane bounded cell projection organization	biological_process	17	0.9210964607911173	18.456264597302795	0.0	39819	43230	0.0	True
GO:0031175	neuron projection development	biological_process	8	0.9210964607911173	8.685300986966022	0.0	39819	43230	0.0	True
GO:0030030	cell projection organization	biological_process	19	0.9210964607911173	20.6275898440443	0.0	39819	43230	0.0	True
GO:0007411	axon guidance	biological_process	8	0.9210964607911173	8.685300986966022	0.0	39819	43230	0.0	True
GO:0050808	synapse organization	biological_process	4	0.9210964607911173	4.342650493483011	0.0	39819	43230	0.0	True
GO:0031253	cell projection membrane	cellular_component	4	0.9210964607911173	4.342650493483011	0.0	39819	43230	0.0	True
GO:0031256	leading edge membrane	cellular_component	3	0.9210964607911173	3.256987870112258	0.0	39819	43230	0.0	True
GO:0032589	neuron projection membrane	cellular_component	3	0.9210964607911173	3.256987870112258	0.0	39819	43230	0.0	True
GO:0035269	protein O-linked glycosylation via mannose	biological_process	2	0.9210964607911173	2.1713252467415054	0.0	39819	43230	0.0	True
GO:0009119	ribonucleoside metabolic process	biological_process	2	0.9210964607911173	2.1713252467415054	0.0	39819	43230	0.0	True
GO:0046128	purine ribonucleoside metabolic process	biological_process	2	0.9210964607911173	2.1713252467415054	0.0	39819	43230	0.0	True
GO:0009116	nucleoside metabolic process	biological_process	2	0.9210964607911173	2.1713252467415054	0.0	39819	43230	0.0	True
GO:0009897	external side of plasma membrane	cellular_component	2	0.9210964607911173	2.1713252467415054	0.0	39819	43230	0.0	True
GO:0006694	steroid biosynthetic process	biological_process	2	0.9210964607911173	2.1713252467415054	0.0	39819	43230	0.0	True
GO:0004726	non-membrane spanning protein tyrosine phosphatase activity	molecular_function	3	0.9210964607911173	3.256987870112258	0.0	39819	43230	0.0	True
GO:0070585	protein localization to mitochondrion	biological_process	2	0.9210964607911173	2.1713252467415054	0.0	39819	43230	0.0	True
GO:0009113	purine nucleobase biosynthetic process	biological_process	2	0.9210964607911173	2.1713252467415054	0.0	39819	43230	0.0	True
GO:1901658	glycosyl compound catabolic process	biological_process	2	0.9210964607911173	2.1713252467415054	0.0	39819	43230	0.0	True
GO:0042278	purine nucleoside metabolic process	biological_process	2	0.9210964607911173	2.1713252467415054	0.0	39819	43230	0.0	True
GO:1901657	glycosyl compound metabolic process	biological_process	5	0.9210964607911173	5.428313116853763	0.0	39819	43230	0.0	True
GO:0006749	glutathione metabolic process	biological_process	4	0.9210964607911173	4.342650493483011	0.0	39819	43230	0.0	True
GO:0006575	modified amino acid metabolic process	biological_process	4	0.9210964607911173	4.342650493483011	0.0	39819	43230	0.0	True
GO:0006790	sulfur compound metabolic process	biological_process	9	0.9210964607911173	9.770963610336773	0.0	39819	43230	0.0	True
GO:0005793	endoplasmic reticulum-Golgi intermediate compartment	cellular_component	2	0.9210964607911173	2.1713252467415054	0.0	39819	43230	0.0	True
GO:0048638	regulation of developmental growth	biological_process	3	0.9210964607911173	3.256987870112258	0.0	39819	43230	0.0	True
GO:0060590	ATPase regulator activity	molecular_function	4	0.9210964607911173	4.342650493483011	0.0	39819	43230	0.0	True
GO:0001671	ATPase activator activity	molecular_function	4	0.9210964607911173	4.342650493483011	0.0	39819	43230	0.0	True
GO:0098800	inner mitochondrial membrane protein complex	cellular_component	4	0.9210964607911173	4.342650493483011	0.0	39819	43230	0.0	True
GO:0106310	protein serine kinase activity	molecular_function	4	0.9210964607911173	4.342650493483011	0.0	39819	43230	0.0	True
GO:0005815	microtubule organizing center	cellular_component	6	0.9210964607911173	6.513975740224516	0.0	39819	43230	0.0	True
GO:0005813	centrosome	cellular_component	2	0.9210964607911173	2.1713252467415054	0.0	39819	43230	0.0	True
GO:0004366	glycerol-3-phosphate O-acyltransferase activity	molecular_function	2	0.9210964607911173	2.1713252467415054	0.0	39819	43230	0.0	True
GO:0120039	plasma membrane bounded cell projection morphogenesis	biological_process	2	0.9210964607911173	2.1713252467415054	0.0	39819	43230	0.0	True
GO:0048858	cell projection morphogenesis	biological_process	2	0.9210964607911173	2.1713252467415054	0.0	39819	43230	0.0	True
GO:0140673	transcription elongation-coupled chromatin remodeling	biological_process	3	0.9210964607911173	3.256987870112258	0.0	39819	43230	0.0	True
GO:0003746	translation elongation factor activity	molecular_function	2	0.9210964607911173	2.1713252467415054	0.0	39819	43230	0.0	True
GO:0031491	nucleosome binding	molecular_function	4	0.9210964607911173	4.342650493483011	0.0	39819	43230	0.0	True
GO:0008023	transcription elongation factor complex	cellular_component	3	0.9210964607911173	3.256987870112258	0.0	39819	43230	0.0	True
GO:0004721	phosphoprotein phosphatase activity	molecular_function	15	0.9210964607911173	16.284939350561288	0.0	39819	43230	0.0	True
GO:0004722	protein serine/threonine phosphatase activity	molecular_function	5	0.9210964607911173	5.428313116853763	0.0	39819	43230	0.0	True
GO:0022008	neurogenesis	biological_process	2	0.9210964607911173	2.1713252467415054	0.0	39819	43230	0.0	True
GO:0019395	fatty acid oxidation	biological_process	2	0.9210964607911173	2.1713252467415054	0.0	39819	43230	0.0	True
GO:0034440	lipid oxidation	biological_process	2	0.9210964607911173	2.1713252467415054	0.0	39819	43230	0.0	True
GO:0072329	monocarboxylic acid catabolic process	biological_process	2	0.9210964607911173	2.1713252467415054	0.0	39819	43230	0.0	True
GO:0006635	fatty acid beta-oxidation	biological_process	2	0.9210964607911173	2.1713252467415054	0.0	39819	43230	0.0	True
GO:0005977	glycogen metabolic process	biological_process	3	0.9210964607911173	3.256987870112258	0.0	39819	43230	0.0	True
GO:0000271	polysaccharide biosynthetic process	biological_process	2	0.9210964607911173	2.1713252467415054	0.0	39819	43230	0.0	True
GO:0005976	polysaccharide metabolic process	biological_process	3	0.9210964607911173	3.256987870112258	0.0	39819	43230	0.0	True
GO:0044042	glucan metabolic process	biological_process	3	0.9210964607911173	3.256987870112258	0.0	39819	43230	0.0	True
GO:0006091	generation of precursor metabolites and energy	biological_process	7	0.9210964607911173	7.599638363595268	0.0	39819	43230	0.0	True
GO:0015980	energy derivation by oxidation of organic compounds	biological_process	5	0.9210964607911173	5.428313116853763	0.0	39819	43230	0.0	True
GO:0006112	energy reserve metabolic process	biological_process	3	0.9210964607911173	3.256987870112258	0.0	39819	43230	0.0	True
GO:0009250	glucan biosynthetic process	biological_process	2	0.9210964607911173	2.1713252467415054	0.0	39819	43230	0.0	True
GO:0005978	glycogen biosynthetic process	biological_process	2	0.9210964607911173	2.1713252467415054	0.0	39819	43230	0.0	True
GO:0046527	glucosyltransferase activity	molecular_function	2	0.9210964607911173	2.1713252467415054	0.0	39819	43230	0.0	True
GO:0071806	protein transmembrane transport	biological_process	3	0.9210964607911173	3.256987870112258	0.0	39819	43230	0.0	True
GO:0030150	protein import into mitochondrial matrix	biological_process	2	0.9210964607911173	2.1713252467415054	0.0	39819	43230	0.0	True
GO:0000375	RNA splicing, via transesterification reactions	biological_process	3	0.9210964607911173	3.256987870112258	0.0	39819	43230	0.0	True
GO:0008380	RNA splicing	biological_process	9	0.9210964607911173	9.770963610336773	0.0	39819	43230	0.0	True
GO:0000398	mRNA splicing, via spliceosome	biological_process	3	0.9210964607911173	3.256987870112258	0.0	39819	43230	0.0	True
GO:0005654	nucleoplasm	cellular_component	8	0.9210964607911173	8.685300986966022	0.0	39819	43230	0.0	True
GO:0035099	hemocyte migration	biological_process	2	0.9210964607911173	2.1713252467415054	0.0	39819	43230	0.0	True
GO:0030545	signaling receptor regulator activity	molecular_function	5	0.9210964607911173	5.428313116853763	0.0	39819	43230	0.0	True
GO:0030546	signaling receptor activator activity	molecular_function	5	0.9210964607911173	5.428313116853763	0.0	39819	43230	0.0	True
GO:0048018	receptor ligand activity	molecular_function	5	0.9210964607911173	5.428313116853763	0.0	39819	43230	0.0	True
GO:0008083	growth factor activity	molecular_function	2	0.9210964607911173	2.1713252467415054	0.0	39819	43230	0.0	True
GO:0006260	DNA replication	biological_process	3	0.9210964607911173	3.256987870112258	0.0	39819	43230	0.0	True
GO:0006261	DNA-templated DNA replication	biological_process	2	0.9210964607911173	2.1713252467415054	0.0	39819	43230	0.0	True
GO:0009295	nucleoid	cellular_component	2	0.9210964607911173	2.1713252467415054	0.0	39819	43230	0.0	True
GO:0042645	mitochondrial nucleoid	cellular_component	2	0.9210964607911173	2.1713252467415054	0.0	39819	43230	0.0	True
GO:0046395	carboxylic acid catabolic process	biological_process	9	0.9210964607911173	9.770963610336773	0.0	39819	43230	0.0	True
GO:0009062	fatty acid catabolic process	biological_process	2	0.9210964607911173	2.1713252467415054	0.0	39819	43230	0.0	True
GO:0016054	organic acid catabolic process	biological_process	9	0.9210964607911173	9.770963610336773	0.0	39819	43230	0.0	True
GO:0034212	protein N-acetyltransferase activity	molecular_function	3	0.9210964607911173	3.256987870112258	0.0	39819	43230	0.0	True
GO:0016407	acetyltransferase activity	molecular_function	4	0.9210964607911173	4.342650493483011	0.0	39819	43230	0.0	True
GO:0016410	N-acyltransferase activity	molecular_function	4	0.9210964607911173	4.342650493483011	0.0	39819	43230	0.0	True
GO:0008080	N-acetyltransferase activity	molecular_function	4	0.9210964607911173	4.342650493483011	0.0	39819	43230	0.0	True
GO:0140186	protein N-acyltransferase activity	molecular_function	3	0.9210964607911173	3.256987870112258	0.0	39819	43230	0.0	True
GO:0070509	calcium ion import	biological_process	3	0.9210964607911173	3.256987870112258	0.0	39819	43230	0.0	True
GO:1902656	calcium ion import into cytosol	biological_process	3	0.9210964607911173	3.256987870112258	0.0	39819	43230	0.0	True
GO:0099587	inorganic ion import across plasma membrane	biological_process	5	0.9210964607911173	5.428313116853763	0.0	39819	43230	0.0	True
GO:0098659	inorganic cation import across plasma membrane	biological_process	5	0.9210964607911173	5.428313116853763	0.0	39819	43230	0.0	True
GO:0098739	import across plasma membrane	biological_process	7	0.9210964607911173	7.599638363595268	0.0	39819	43230	0.0	True
GO:0098703	calcium ion import across plasma membrane	biological_process	3	0.9210964607911173	3.256987870112258	0.0	39819	43230	0.0	True
GO:1901988	negative regulation of cell cycle phase transition	biological_process	10	0.9210964607911173	10.856626233707527	0.0	39819	43230	0.0	True
GO:0031570	DNA integrity checkpoint signaling	biological_process	10	0.9210964607911173	10.856626233707527	0.0	39819	43230	0.0	True
GO:0000077	DNA damage checkpoint signaling	biological_process	5	0.9210964607911173	5.428313116853763	0.0	39819	43230	0.0	True
GO:0030896	checkpoint clamp complex	cellular_component	2	0.9210964607911173	2.1713252467415054	0.0	39819	43230	0.0	True
GO:0000377	RNA splicing, via transesterification reactions with bulged adenosine as nucleophile	biological_process	3	0.9210964607911173	3.256987870112258	0.0	39819	43230	0.0	True
GO:0008526	phosphatidylinositol transfer activity	molecular_function	3	0.9210964607911173	3.256987870112258	0.0	39819	43230	0.0	True
GO:0008525	phosphatidylcholine transporter activity	molecular_function	3	0.9210964607911173	3.256987870112258	0.0	39819	43230	0.0	True
GO:0050997	quaternary ammonium group binding	molecular_function	3	0.9210964607911173	3.256987870112258	0.0	39819	43230	0.0	True
GO:0031210	phosphatidylcholine binding	molecular_function	3	0.9210964607911173	3.256987870112258	0.0	39819	43230	0.0	True
GO:0019985	translesion synthesis	biological_process	2	0.9210964607911173	2.1713252467415054	0.0	39819	43230	0.0	True
GO:0006301	postreplication repair	biological_process	2	0.9210964607911173	2.1713252467415054	0.0	39819	43230	0.0	True
GO:0000731	DNA synthesis involved in DNA repair	biological_process	2	0.9210964607911173	2.1713252467415054	0.0	39819	43230	0.0	True
GO:0071897	DNA biosynthetic process	biological_process	4	0.9210964607911173	4.342650493483011	0.0	39819	43230	0.0	True
GO:1901987	regulation of cell cycle phase transition	biological_process	11	0.9210964607911173	11.94228885707828	0.0	39819	43230	0.0	True
GO:0000075	cell cycle checkpoint signaling	biological_process	10	0.9210964607911173	10.856626233707527	0.0	39819	43230	0.0	True
GO:0045786	negative regulation of cell cycle	biological_process	12	0.9210964607911173	13.027951480449032	0.0	39819	43230	0.0	True
GO:0042770	signal transduction in response to DNA damage	biological_process	5	0.9210964607911173	5.428313116853763	0.0	39819	43230	0.0	True
GO:0010948	negative regulation of cell cycle process	biological_process	11	0.9210964607911173	11.94228885707828	0.0	39819	43230	0.0	True
GO:0051726	regulation of cell cycle	biological_process	13	0.9210964607911173	14.113614103819785	0.0	39819	43230	0.0	True
GO:0010564	regulation of cell cycle process	biological_process	12	0.9210964607911173	13.027951480449032	0.0	39819	43230	0.0	True
GO:0048812	neuron projection morphogenesis	biological_process	2	0.9210964607911173	2.1713252467415054	0.0	39819	43230	0.0	True
GO:0004520	DNA endonuclease activity	molecular_function	4	0.9210964607911173	4.342650493483011	0.0	39819	43230	0.0	True
GO:0004536	DNA nuclease activity	molecular_function	5	0.9210964607911173	5.428313116853763	0.0	39819	43230	0.0	True
GO:0019751	polyol metabolic process	biological_process	3	0.9210964607911173	3.256987870112258	0.0	39819	43230	0.0	True
GO:0006670	sphingosine metabolic process	biological_process	2	0.9210964607911173	2.1713252467415054	0.0	39819	43230	0.0	True
GO:0034312	diol biosynthetic process	biological_process	2	0.9210964607911173	2.1713252467415054	0.0	39819	43230	0.0	True
GO:0046520	sphingoid biosynthetic process	biological_process	2	0.9210964607911173	2.1713252467415054	0.0	39819	43230	0.0	True
GO:0034311	diol metabolic process	biological_process	2	0.9210964607911173	2.1713252467415054	0.0	39819	43230	0.0	True
GO:0046519	sphingoid metabolic process	biological_process	2	0.9210964607911173	2.1713252467415054	0.0	39819	43230	0.0	True
GO:0048188	Set1C/COMPASS complex	cellular_component	3	0.9210964607911173	3.256987870112258	0.0	39819	43230	0.0	True
GO:0015914	phospholipid transport	biological_process	2	0.9210964607911173	2.1713252467415054	0.0	39819	43230	0.0	True
GO:0034204	lipid translocation	biological_process	2	0.9210964607911173	2.1713252467415054	0.0	39819	43230	0.0	True
GO:0015748	organophosphate ester transport	biological_process	2	0.9210964607911173	2.1713252467415054	0.0	39819	43230	0.0	True
GO:0097035	regulation of membrane lipid distribution	biological_process	2	0.9210964607911173	2.1713252467415054	0.0	39819	43230	0.0	True
GO:0045332	phospholipid translocation	biological_process	2	0.9210964607911173	2.1713252467415054	0.0	39819	43230	0.0	True
GO:0005496	steroid binding	molecular_function	2	0.9210964607911173	2.1713252467415054	0.0	39819	43230	0.0	True
GO:0032934	sterol binding	molecular_function	2	0.9210964607911173	2.1713252467415054	0.0	39819	43230	0.0	True
GO:0006955	immune response	biological_process	2	0.9210964607911173	2.1713252467415054	0.0	39819	43230	0.0	True
GO:0002376	immune system process	biological_process	3	0.9210964607911173	3.256987870112258	0.0	39819	43230	0.0	True
GO:0140546	defense response to symbiont	biological_process	2	0.9210964607911173	2.1713252467415054	0.0	39819	43230	0.0	True
GO:0045087	innate immune response	biological_process	2	0.9210964607911173	2.1713252467415054	0.0	39819	43230	0.0	True
GO:0048646	anatomical structure formation involved in morphogenesis	biological_process	2	0.9210964607911173	2.1713252467415054	0.0	39819	43230	0.0	True
GO:0044782	cilium organization	biological_process	8	0.9210964607911173	8.685300986966022	0.0	39819	43230	0.0	True
GO:0120031	plasma membrane bounded cell projection assembly	biological_process	8	0.9210964607911173	8.685300986966022	0.0	39819	43230	0.0	True
GO:0030031	cell projection assembly	biological_process	8	0.9210964607911173	8.685300986966022	0.0	39819	43230	0.0	True
GO:0060271	cilium assembly	biological_process	7	0.9210964607911173	7.599638363595268	0.0	39819	43230	0.0	True
GO:1905515	non-motile cilium assembly	biological_process	3	0.9210964607911173	3.256987870112258	0.0	39819	43230	0.0	True
GO:0042073	intraciliary transport	biological_process	2	0.9210964607911173	2.1713252467415054	0.0	39819	43230	0.0	True
GO:0005929	cilium	cellular_component	3	0.9210964607911173	3.256987870112258	0.0	39819	43230	0.0	True
GO:0034708	methyltransferase complex	cellular_component	7	0.9210964607911173	7.599638363595268	0.0	39819	43230	0.0	True
GO:0035097	histone methyltransferase complex	cellular_component	7	0.9210964607911173	7.599638363595268	0.0	39819	43230	0.0	True
GO:0006308	DNA catabolic process	biological_process	2	0.9210964607911173	2.1713252467415054	0.0	39819	43230	0.0	True
GO:0016888	DNA endonuclease activity, producing 5'-phosphomonoesters	molecular_function	2	0.9210964607911173	2.1713252467415054	0.0	39819	43230	0.0	True
GO:0015179	L-amino acid transmembrane transporter activity	molecular_function	8	0.9210964607911173	8.685300986966022	0.0	39819	43230	0.0	True
GO:0015172	acidic amino acid transmembrane transporter activity	molecular_function	2	0.9210964607911173	2.1713252467415054	0.0	39819	43230	0.0	True
GO:0005313	L-glutamate transmembrane transporter activity	molecular_function	2	0.9210964607911173	2.1713252467415054	0.0	39819	43230	0.0	True
GO:0015294	solute:monoatomic cation symporter activity	molecular_function	8	0.9210964607911173	8.685300986966022	0.0	39819	43230	0.0	True
GO:0005283	amino acid:sodium symporter activity	molecular_function	3	0.9210964607911173	3.256987870112258	0.0	39819	43230	0.0	True
GO:0099572	postsynaptic specialization	cellular_component	2	0.9210964607911173	2.1713252467415054	0.0	39819	43230	0.0	True
GO:0014069	postsynaptic density	cellular_component	2	0.9210964607911173	2.1713252467415054	0.0	39819	43230	0.0	True
GO:0080134	regulation of response to stress	biological_process	2	0.9210964607911173	2.1713252467415054	0.0	39819	43230	0.0	True
GO:0046173	polyol biosynthetic process	biological_process	2	0.9210964607911173	2.1713252467415054	0.0	39819	43230	0.0	True
GO:0046512	sphingosine biosynthetic process	biological_process	2	0.9210964607911173	2.1713252467415054	0.0	39819	43230	0.0	True
GO:0097120	receptor localization to synapse	biological_process	2	0.9210964607911173	2.1713252467415054	0.0	39819	43230	0.0	True
GO:0015171	amino acid transmembrane transporter activity	molecular_function	12	0.9210964607911173	13.027951480449032	0.0	39819	43230	0.0	True
GO:0005416	amino acid:monoatomic cation symporter activity	molecular_function	3	0.9210964607911173	3.256987870112258	0.0	39819	43230	0.0	True
GO:0015370	solute:sodium symporter activity	molecular_function	6	0.9210964607911173	6.513975740224516	0.0	39819	43230	0.0	True
GO:0015081	sodium ion transmembrane transporter activity	molecular_function	6	0.9210964607911173	6.513975740224516	0.0	39819	43230	0.0	True
GO:0098542	defense response to other organism	biological_process	2	0.9210964607911173	2.1713252467415054	0.0	39819	43230	0.0	True
GO:0042887	amide transmembrane transporter activity	molecular_function	2	0.9210964607911173	2.1713252467415054	0.0	39819	43230	0.0	True
GO:0035673	oligopeptide transmembrane transporter activity	molecular_function	2	0.9210964607911173	2.1713252467415054	0.0	39819	43230	0.0	True
GO:0019207	kinase regulator activity	molecular_function	3	0.9210964607911173	3.256987870112258	0.0	39819	43230	0.0	True
GO:0019887	protein kinase regulator activity	molecular_function	2	0.9210964607911173	2.1713252467415054	0.0	39819	43230	0.0	True
GO:0098876	vesicle-mediated transport to the plasma membrane	biological_process	3	0.9210964607911173	3.256987870112258	0.0	39819	43230	0.0	True
GO:0032456	endocytic recycling	biological_process	2	0.9210964607911173	2.1713252467415054	0.0	39819	43230	0.0	True
GO:0070603	SWI/SNF superfamily-type complex	cellular_component	2	0.9210964607911173	2.1713252467415054	0.0	39819	43230	0.0	True
GO:0000118	histone deacetylase complex	cellular_component	2	0.9210964607911173	2.1713252467415054	0.0	39819	43230	0.0	True
GO:1904949	ATPase complex	cellular_component	5	0.9210964607911173	5.428313116853763	0.0	39819	43230	0.0	True
GO:0071203	WASH complex	cellular_component	2	0.9210964607911173	2.1713252467415054	0.0	39819	43230	0.0	True
GO:0141052	histone H3 demethylase activity	molecular_function	2	0.9210964607911173	2.1713252467415054	0.0	39819	43230	0.0	True
GO:0032451	demethylase activity	molecular_function	3	0.9210964607911173	3.256987870112258	0.0	39819	43230	0.0	True
GO:0140457	protein demethylase activity	molecular_function	2	0.9210964607911173	2.1713252467415054	0.0	39819	43230	0.0	True
GO:0032452	histone demethylase activity	molecular_function	2	0.9210964607911173	2.1713252467415054	0.0	39819	43230	0.0	True
GO:0007266	Rho protein signal transduction	biological_process	4	0.9210964607911173	4.342650493483011	0.0	39819	43230	0.0	True
GO:0005085	guanyl-nucleotide exchange factor activity	molecular_function	7	0.9210964607911173	7.599638363595268	0.0	39819	43230	0.0	True
GO:0005802	trans-Golgi network	cellular_component	4	0.9210964607911173	4.342650493483011	0.0	39819	43230	0.0	True
GO:0007276	gamete generation	biological_process	4	0.9210964607911173	4.342650493483011	0.0	39819	43230	0.0	True
GO:0048232	male gamete generation	biological_process	4	0.9210964607911173	4.342650493483011	0.0	39819	43230	0.0	True
GO:0007283	spermatogenesis	biological_process	4	0.9210964607911173	4.342650493483011	0.0	39819	43230	0.0	True
GO:0051253	negative regulation of RNA metabolic process	biological_process	4	0.9210964607911173	4.342650493483011	0.0	39819	43230	0.0	True
GO:0045934	negative regulation of nucleobase-containing compound metabolic process	biological_process	5	0.9210964607911173	5.428313116853763	0.0	39819	43230	0.0	True
GO:1902679	negative regulation of RNA biosynthetic process	biological_process	4	0.9210964607911173	4.342650493483011	0.0	39819	43230	0.0	True
GO:0045892	negative regulation of DNA-templated transcription	biological_process	4	0.9210964607911173	4.342650493483011	0.0	39819	43230	0.0	True
GO:1903046	meiotic cell cycle process	biological_process	3	0.9210964607911173	3.256987870112258	0.0	39819	43230	0.0	True
GO:0015421	ABC-type oligopeptide transporter activity	molecular_function	2	0.9210964607911173	2.1713252467415054	0.0	39819	43230	0.0	True
GO:0050661	NADP binding	molecular_function	9	0.9210964607911173	9.770963610336773	0.0	39819	43230	0.0	True
GO:0006857	oligopeptide transport	biological_process	2	0.9210964607911173	2.1713252467415054	0.0	39819	43230	0.0	True
GO:0035672	oligopeptide transmembrane transport	biological_process	2	0.9210964607911173	2.1713252467415054	0.0	39819	43230	0.0	True
GO:0042886	amide transport	biological_process	2	0.9210964607911173	2.1713252467415054	0.0	39819	43230	0.0	True
GO:0015833	peptide transport	biological_process	2	0.9210964607911173	2.1713252467415054	0.0	39819	43230	0.0	True
GO:0090374	oligopeptide export from mitochondrion	biological_process	2	0.9210964607911173	2.1713252467415054	0.0	39819	43230	0.0	True
GO:0048584	positive regulation of response to stimulus	biological_process	9	0.9210964607911173	9.770963610336773	0.0	39819	43230	0.0	True
GO:0009967	positive regulation of signal transduction	biological_process	9	0.9210964607911173	9.770963610336773	0.0	39819	43230	0.0	True
GO:0043408	regulation of MAPK cascade	biological_process	7	0.9210964607911173	7.599638363595268	0.0	39819	43230	0.0	True
GO:0010647	positive regulation of cell communication	biological_process	9	0.9210964607911173	9.770963610336773	0.0	39819	43230	0.0	True
GO:0043410	positive regulation of MAPK cascade	biological_process	5	0.9210964607911173	5.428313116853763	0.0	39819	43230	0.0	True
GO:0007189	adenylate cyclase-activating G protein-coupled receptor signaling pathway	biological_process	5	0.9210964607911173	5.428313116853763	0.0	39819	43230	0.0	True
GO:0071875	adrenergic receptor signaling pathway	biological_process	5	0.9210964607911173	5.428313116853763	0.0	39819	43230	0.0	True
GO:0007188	adenylate cyclase-modulating G protein-coupled receptor signaling pathway	biological_process	6	0.9210964607911173	6.513975740224516	0.0	39819	43230	0.0	True
GO:0071880	adenylate cyclase-activating adrenergic receptor signaling pathway	biological_process	5	0.9210964607911173	5.428313116853763	0.0	39819	43230	0.0	True
GO:0008227	G protein-coupled amine receptor activity	molecular_function	4	0.9210964607911173	4.342650493483011	0.0	39819	43230	0.0	True
GO:0004993	G protein-coupled serotonin receptor activity	molecular_function	2	0.9210964607911173	2.1713252467415054	0.0	39819	43230	0.0	True
GO:0034063	stress granule assembly	biological_process	2	0.9210964607911173	2.1713252467415054	0.0	39819	43230	0.0	True
GO:0010494	cytoplasmic stress granule	cellular_component	2	0.9210964607911173	2.1713252467415054	0.0	39819	43230	0.0	True
GO:0007399	nervous system development	biological_process	4	0.9210964607911173	4.342650493483011	0.0	39819	43230	0.0	True
GO:0044872	lipoprotein localization	biological_process	2	0.9210964607911173	2.1713252467415054	0.0	39819	43230	0.0	True
GO:0042953	lipoprotein transport	biological_process	2	0.9210964607911173	2.1713252467415054	0.0	39819	43230	0.0	True
GO:0045595	regulation of cell differentiation	biological_process	2	0.9210964607911173	2.1713252467415054	0.0	39819	43230	0.0	True
GO:0017154	semaphorin receptor activity	molecular_function	2	0.9210964607911173	2.1713252467415054	0.0	39819	43230	0.0	True
GO:0002116	semaphorin receptor complex	cellular_component	2	0.9210964607911173	2.1713252467415054	0.0	39819	43230	0.0	True
GO:0006220	pyrimidine nucleotide metabolic process	biological_process	2	0.9210964607911173	2.1713252467415054	0.0	39819	43230	0.0	True
GO:0006221	pyrimidine nucleotide biosynthetic process	biological_process	2	0.9210964607911173	2.1713252467415054	0.0	39819	43230	0.0	True
GO:0072527	pyrimidine-containing compound metabolic process	biological_process	6	0.9210964607911173	6.513975740224516	0.0	39819	43230	0.0	True
GO:0019856	pyrimidine nucleobase biosynthetic process	biological_process	2	0.9210964607911173	2.1713252467415054	0.0	39819	43230	0.0	True
GO:0043186	P granule	cellular_component	2	0.9210964607911173	2.1713252467415054	0.0	39819	43230	0.0	True
GO:2000145	regulation of cell motility	biological_process	2	0.9210964607911173	2.1713252467415054	0.0	39819	43230	0.0	True
GO:0040012	regulation of locomotion	biological_process	2	0.9210964607911173	2.1713252467415054	0.0	39819	43230	0.0	True
GO:0030334	regulation of cell migration	biological_process	2	0.9210964607911173	2.1713252467415054	0.0	39819	43230	0.0	True
GO:0071949	FAD binding	molecular_function	5	0.9210964607911173	5.428313116853763	0.0	39819	43230	0.0	True
GO:0071826	protein-RNA complex organization	biological_process	3	0.9210964607911173	3.256987870112258	0.0	39819	43230	0.0	True
GO:0022618	protein-RNA complex assembly	biological_process	3	0.9210964607911173	3.256987870112258	0.0	39819	43230	0.0	True
GO:1902533	positive regulation of intracellular signal transduction	biological_process	6	0.9210964607911173	6.513975740224516	0.0	39819	43230	0.0	True
GO:0023056	positive regulation of signaling	biological_process	9	0.9210964607911173	9.770963610336773	0.0	39819	43230	0.0	True
GO:0006206	pyrimidine nucleobase metabolic process	biological_process	4	0.9210964607911173	4.342650493483011	0.0	39819	43230	0.0	True
GO:0072528	pyrimidine-containing compound biosynthetic process	biological_process	4	0.9210964607911173	4.342650493483011	0.0	39819	43230	0.0	True
GO:0006207	'de novo' pyrimidine nucleobase biosynthetic process	biological_process	2	0.9210964607911173	2.1713252467415054	0.0	39819	43230	0.0	True
GO:0050145	nucleoside monophosphate kinase activity	molecular_function	2	0.9210964607911173	2.1713252467415054	0.0	39819	43230	0.0	True
GO:0019205	nucleobase-containing compound kinase activity	molecular_function	5	0.9210964607911173	5.428313116853763	0.0	39819	43230	0.0	True
GO:0016776	phosphotransferase activity, phosphate group as acceptor	molecular_function	3	0.9210964607911173	3.256987870112258	0.0	39819	43230	0.0	True
GO:0008045	motor neuron axon guidance	biological_process	2	0.9210964607911173	2.1713252467415054	0.0	39819	43230	0.0	True
GO:0070189	kynurenine metabolic process	biological_process	2	0.9210964607911173	2.1713252467415054	0.0	39819	43230	0.0	True
GO:0042537	benzene-containing compound metabolic process	biological_process	3	0.9210964607911173	3.256987870112258	0.0	39819	43230	0.0	True
GO:0072525	pyridine-containing compound biosynthetic process	biological_process	2	0.9210964607911173	2.1713252467415054	0.0	39819	43230	0.0	True
GO:0009072	aromatic amino acid metabolic process	biological_process	7	0.9210964607911173	7.599638363595268	0.0	39819	43230	0.0	True
GO:0006568	L-tryptophan metabolic process	biological_process	4	0.9210964607911173	4.342650493483011	0.0	39819	43230	0.0	True
GO:0042430	indole-containing compound metabolic process	biological_process	4	0.9210964607911173	4.342650493483011	0.0	39819	43230	0.0	True
GO:0072524	pyridine-containing compound metabolic process	biological_process	2	0.9210964607911173	2.1713252467415054	0.0	39819	43230	0.0	True
GO:0016709	oxidoreductase activity, acting on paired donors, with incorporation or reduction of molecular oxygen, NAD(P)H as one donor, and incorporation of one atom of oxygen	molecular_function	8	0.9210964607911173	8.685300986966022	0.0	39819	43230	0.0	True
GO:0045597	positive regulation of cell differentiation	biological_process	2	0.9210964607911173	2.1713252467415054	0.0	39819	43230	0.0	True
GO:0004843	cysteine-type deubiquitinase activity	molecular_function	4	0.9210964607911173	4.342650493483011	0.0	39819	43230	0.0	True
GO:0035592	establishment of protein localization to extracellular region	biological_process	2	0.9210964607911173	2.1713252467415054	0.0	39819	43230	0.0	True
GO:0071692	protein localization to extracellular region	biological_process	2	0.9210964607911173	2.1713252467415054	0.0	39819	43230	0.0	True
GO:0009306	protein secretion	biological_process	2	0.9210964607911173	2.1713252467415054	0.0	39819	43230	0.0	True
GO:0005788	endoplasmic reticulum lumen	cellular_component	4	0.9210964607911173	4.342650493483011	0.0	39819	43230	0.0	True
GO:0043648	dicarboxylic acid metabolic process	biological_process	2	0.9210964607911173	2.1713252467415054	0.0	39819	43230	0.0	True
GO:1901606	alpha-amino acid catabolic process	biological_process	7	0.9210964607911173	7.599638363595268	0.0	39819	43230	0.0	True
GO:0009074	aromatic amino acid family catabolic process	biological_process	5	0.9210964607911173	5.428313116853763	0.0	39819	43230	0.0	True
GO:0009063	amino acid catabolic process	biological_process	7	0.9210964607911173	7.599638363595268	0.0	39819	43230	0.0	True
GO:0170035	L-amino acid catabolic process	biological_process	7	0.9210964607911173	7.599638363595268	0.0	39819	43230	0.0	True
GO:0042436	indole-containing compound catabolic process	biological_process	3	0.9210964607911173	3.256987870112258	0.0	39819	43230	0.0	True
GO:1902222	erythrose 4-phosphate/phosphoenolpyruvate family amino acid catabolic process	biological_process	5	0.9210964607911173	5.428313116853763	0.0	39819	43230	0.0	True
GO:0170040	proteinogenic amino acid catabolic process	biological_process	7	0.9210964607911173	7.599638363595268	0.0	39819	43230	0.0	True
GO:0006569	L-tryptophan catabolic process	biological_process	3	0.9210964607911173	3.256987870112258	0.0	39819	43230	0.0	True
GO:0170041	non-proteinogenic amino acid metabolic process	biological_process	3	0.9210964607911173	3.256987870112258	0.0	39819	43230	0.0	True
GO:0046112	nucleobase biosynthetic process	biological_process	4	0.9210964607911173	4.342650493483011	0.0	39819	43230	0.0	True
GO:0000124	SAGA complex	cellular_component	2	0.9210964607911173	2.1713252467415054	0.0	39819	43230	0.0	True
GO:0031248	protein acetyltransferase complex	cellular_component	8	0.9210964607911173	8.685300986966022	0.0	39819	43230	0.0	True
GO:0000123	histone acetyltransferase complex	cellular_component	7	0.9210964607911173	7.599638363595268	0.0	39819	43230	0.0	True
GO:1902493	acetyltransferase complex	cellular_component	8	0.9210964607911173	8.685300986966022	0.0	39819	43230	0.0	True
GO:0043189	H4/H2A histone acetyltransferase complex	cellular_component	3	0.9210964607911173	3.256987870112258	0.0	39819	43230	0.0	True
GO:1902562	H4 histone acetyltransferase complex	cellular_component	3	0.9210964607911173	3.256987870112258	0.0	39819	43230	0.0	True
GO:0035267	NuA4 histone acetyltransferase complex	cellular_component	3	0.9210964607911173	3.256987870112258	0.0	39819	43230	0.0	True
GO:0006979	response to oxidative stress	biological_process	5	0.9210964607911173	5.428313116853763	0.0	39819	43230	0.0	True
GO:0016209	antioxidant activity	molecular_function	7	0.9210964607911173	7.599638363595268	0.0	39819	43230	0.0	True
GO:0016684	oxidoreductase activity, acting on peroxide as acceptor	molecular_function	5	0.9210964607911173	5.428313116853763	0.0	39819	43230	0.0	True
GO:0004601	peroxidase activity	molecular_function	5	0.9210964607911173	5.428313116853763	0.0	39819	43230	0.0	True
GO:0070646	protein modification by small protein removal	biological_process	6	0.9210964607911173	6.513975740224516	0.0	39819	43230	0.0	True
GO:0016579	protein deubiquitination	biological_process	6	0.9210964607911173	6.513975740224516	0.0	39819	43230	0.0	True
GO:0008234	cysteine-type peptidase activity	molecular_function	7	0.9210964607911173	7.599638363595268	0.0	39819	43230	0.0	True
GO:0101005	deubiquitinase activity	molecular_function	4	0.9210964607911173	4.342650493483011	0.0	39819	43230	0.0	True
GO:0019783	ubiquitin-like protein peptidase activity	molecular_function	4	0.9210964607911173	4.342650493483011	0.0	39819	43230	0.0	True
GO:0003774	cytoskeletal motor activity	molecular_function	4	0.9210964607911173	4.342650493483011	0.0	39819	43230	0.0	True
GO:0120544	polypeptide conformation or assembly isomerase activity	molecular_function	4	0.9210964607911173	4.342650493483011	0.0	39819	43230	0.0	True
GO:0003777	microtubule motor activity	molecular_function	3	0.9210964607911173	3.256987870112258	0.0	39819	43230	0.0	True
GO:0007268	chemical synaptic transmission	biological_process	3	0.9210964607911173	3.256987870112258	0.0	39819	43230	0.0	True
GO:0098916	anterograde trans-synaptic signaling	biological_process	3	0.9210964607911173	3.256987870112258	0.0	39819	43230	0.0	True
GO:0099536	synaptic signaling	biological_process	3	0.9210964607911173	3.256987870112258	0.0	39819	43230	0.0	True
GO:0099537	trans-synaptic signaling	biological_process	3	0.9210964607911173	3.256987870112258	0.0	39819	43230	0.0	True
GO:0007274	neuromuscular synaptic transmission	biological_process	2	0.9210964607911173	2.1713252467415054	0.0	39819	43230	0.0	True
GO:0016782	transferase activity, transferring sulphur-containing groups	molecular_function	3	0.9210964607911173	3.256987870112258	0.0	39819	43230	0.0	True
GO:0008146	sulfotransferase activity	molecular_function	3	0.9210964607911173	3.256987870112258	0.0	39819	43230	0.0	True
GO:0004114	3',5'-cyclic-nucleotide phosphodiesterase activity	molecular_function	2	0.9210964607911173	2.1713252467415054	0.0	39819	43230	0.0	True
GO:0004112	cyclic-nucleotide phosphodiesterase activity	molecular_function	2	0.9210964607911173	2.1713252467415054	0.0	39819	43230	0.0	True
GO:0098827	endoplasmic reticulum subcompartment	cellular_component	2	0.9210964607911173	2.1713252467415054	0.0	39819	43230	0.0	True
GO:0071782	endoplasmic reticulum tubular network	cellular_component	2	0.9210964607911173	2.1713252467415054	0.0	39819	43230	0.0	True
GO:0070461	SAGA-type complex	cellular_component	3	0.9210964607911173	3.256987870112258	0.0	39819	43230	0.0	True
GO:1905368	peptidase complex	cellular_component	5	0.9210964607911173	5.428313116853763	0.0	39819	43230	0.0	True
GO:0140238	presynaptic endocytosis	biological_process	3	0.9210964607911173	3.256987870112258	0.0	39819	43230	0.0	True
GO:0099003	vesicle-mediated transport in synapse	biological_process	4	0.9210964607911173	4.342650493483011	0.0	39819	43230	0.0	True
GO:0048488	synaptic vesicle endocytosis	biological_process	3	0.9210964607911173	3.256987870112258	0.0	39819	43230	0.0	True
GO:0098793	presynapse	cellular_component	5	0.9210964607911173	5.428313116853763	0.0	39819	43230	0.0	True
GO:0016459	myosin complex	cellular_component	4	0.9210964607911173	4.342650493483011	0.0	39819	43230	0.0	True
GO:0016460	myosin II complex	cellular_component	3	0.9210964607911173	3.256987870112258	0.0	39819	43230	0.0	True
GO:0030159	signaling receptor complex adaptor activity	molecular_function	3	0.9210964607911173	3.256987870112258	0.0	39819	43230	0.0	True
GO:0030971	receptor tyrosine kinase binding	molecular_function	4	0.9210964607911173	4.342650493483011	0.0	39819	43230	0.0	True
GO:0019900	kinase binding	molecular_function	9	0.9210964607911173	9.770963610336773	0.0	39819	43230	0.0	True
GO:1990782	protein tyrosine kinase binding	molecular_function	4	0.9210964607911173	4.342650493483011	0.0	39819	43230	0.0	True
GO:0035591	signaling adaptor activity	molecular_function	6	0.9210964607911173	6.513975740224516	0.0	39819	43230	0.0	True
GO:0019901	protein kinase binding	molecular_function	8	0.9210964607911173	8.685300986966022	0.0	39819	43230	0.0	True
GO:0005068	transmembrane receptor protein tyrosine kinase adaptor activity	molecular_function	2	0.9210964607911173	2.1713252467415054	0.0	39819	43230	0.0	True
GO:0007051	spindle organization	biological_process	2	0.9210964607911173	2.1713252467415054	0.0	39819	43230	0.0	True
GO:1902850	microtubule cytoskeleton organization involved in mitosis	biological_process	2	0.9210964607911173	2.1713252467415054	0.0	39819	43230	0.0	True
GO:0007052	mitotic spindle organization	biological_process	2	0.9210964607911173	2.1713252467415054	0.0	39819	43230	0.0	True
GO:0005516	calmodulin binding	molecular_function	2	0.9210964607911173	2.1713252467415054	0.0	39819	43230	0.0	True
GO:1902554	serine/threonine protein kinase complex	cellular_component	3	0.9210964607911173	3.256987870112258	0.0	39819	43230	0.0	True
GO:1902911	protein kinase complex	cellular_component	3	0.9210964607911173	3.256987870112258	0.0	39819	43230	0.0	True
GO:0006418	tRNA aminoacylation for protein translation	biological_process	2	0.9210964607911173	2.1713252467415054	0.0	39819	43230	0.0	True
GO:0043039	tRNA aminoacylation	biological_process	2	0.9210964607911173	2.1713252467415054	0.0	39819	43230	0.0	True
GO:0043038	amino acid activation	biological_process	2	0.9210964607911173	2.1713252467415054	0.0	39819	43230	0.0	True
GO:0004812	aminoacyl-tRNA ligase activity	molecular_function	2	0.9210964607911173	2.1713252467415054	0.0	39819	43230	0.0	True
GO:0016875	ligase activity, forming carbon-oxygen bonds	molecular_function	2	0.9210964607911173	2.1713252467415054	0.0	39819	43230	0.0	True
GO:0042440	pigment metabolic process	biological_process	2	0.9210964607911173	2.1713252467415054	0.0	39819	43230	0.0	True
GO:0019748	secondary metabolic process	biological_process	5	0.9210964607911173	5.428313116853763	0.0	39819	43230	0.0	True
GO:0006582	melanin metabolic process	biological_process	2	0.9210964607911173	2.1713252467415054	0.0	39819	43230	0.0	True
GO:0005874	microtubule	cellular_component	7	0.9210964607911173	7.599638363595268	0.0	39819	43230	0.0	True
GO:0031047	regulatory ncRNA-mediated gene silencing	biological_process	5	0.9210964607911173	5.428313116853763	0.0	39819	43230	0.0	True
GO:0051248	negative regulation of protein metabolic process	biological_process	2	0.9210964607911173	2.1713252467415054	0.0	39819	43230	0.0	True
GO:0017148	negative regulation of translation	biological_process	2	0.9210964607911173	2.1713252467415054	0.0	39819	43230	0.0	True
GO:0030014	CCR4-NOT complex	cellular_component	3	0.9210964607911173	3.256987870112258	0.0	39819	43230	0.0	True
GO:0007029	endoplasmic reticulum organization	biological_process	2	0.9210964607911173	2.1713252467415054	0.0	39819	43230	0.0	True
GO:0071786	endoplasmic reticulum tubular network organization	biological_process	2	0.9210964607911173	2.1713252467415054	0.0	39819	43230	0.0	True
GO:0003006	developmental process involved in reproduction	biological_process	8	0.9210964607911173	8.685300986966022	0.0	39819	43230	0.0	True
GO:0048609	multicellular organismal reproductive process	biological_process	5	0.9210964607911173	5.428313116853763	0.0	39819	43230	0.0	True
GO:0022414	reproductive process	biological_process	14	0.9210964607911173	15.199276727190536	0.0	39819	43230	0.0	True
GO:0045893	positive regulation of DNA-templated transcription	biological_process	10	0.9210964607911173	10.856626233707527	0.0	39819	43230	0.0	True
GO:0051254	positive regulation of RNA metabolic process	biological_process	10	0.9210964607911173	10.856626233707527	0.0	39819	43230	0.0	True
GO:0010557	positive regulation of macromolecule biosynthetic process	biological_process	12	0.9210964607911173	13.027951480449032	0.0	39819	43230	0.0	True
GO:1902680	positive regulation of RNA biosynthetic process	biological_process	10	0.9210964607911173	10.856626233707527	0.0	39819	43230	0.0	True
GO:0045935	positive regulation of nucleobase-containing compound metabolic process	biological_process	10	0.9210964607911173	10.856626233707527	0.0	39819	43230	0.0	True
GO:0009891	positive regulation of biosynthetic process	biological_process	12	0.9210964607911173	13.027951480449032	0.0	39819	43230	0.0	True
GO:0045944	positive regulation of transcription by RNA polymerase II	biological_process	8	0.9210964607911173	8.685300986966022	0.0	39819	43230	0.0	True
GO:0090575	RNA polymerase II transcription regulator complex	cellular_component	2	0.9210964607911173	2.1713252467415054	0.0	39819	43230	0.0	True
GO:0030182	neuron differentiation	biological_process	4	0.9210964607911173	4.342650493483011	0.0	39819	43230	0.0	True
GO:0007417	central nervous system development	biological_process	2	0.9210964607911173	2.1713252467415054	0.0	39819	43230	0.0	True
GO:0004181	metallocarboxypeptidase activity	molecular_function	4	0.9210964607911173	4.342650493483011	0.0	39819	43230	0.0	True
GO:0022842	narrow pore channel activity	molecular_function	2	0.9210964607911173	2.1713252467415054	0.0	39819	43230	0.0	True
GO:0022841	potassium ion leak channel activity	molecular_function	2	0.9210964607911173	2.1713252467415054	0.0	39819	43230	0.0	True
GO:0005544	calcium-dependent phospholipid binding	molecular_function	3	0.9210964607911173	3.256987870112258	0.0	39819	43230	0.0	True
GO:1905037	autophagosome organization	biological_process	2	0.9210964607911173	2.1713252467415054	0.0	39819	43230	0.0	True
GO:0007033	vacuole organization	biological_process	2	0.9210964607911173	2.1713252467415054	0.0	39819	43230	0.0	True
GO:0000045	autophagosome assembly	biological_process	2	0.9210964607911173	2.1713252467415054	0.0	39819	43230	0.0	True
GO:0010628	positive regulation of gene expression	biological_process	2	0.9210964607911173	2.1713252467415054	0.0	39819	43230	0.0	True
GO:0045727	positive regulation of translation	biological_process	2	0.9210964607911173	2.1713252467415054	0.0	39819	43230	0.0	True
GO:0000184	nuclear-transcribed mRNA catabolic process, nonsense-mediated decay	biological_process	2	0.9210964607911173	2.1713252467415054	0.0	39819	43230	0.0	True
GO:0016765	transferase activity, transferring alkyl or aryl (other than methyl) groups	molecular_function	10	0.9210964607911173	10.856626233707527	0.0	39819	43230	0.0	True
GO:0004364	glutathione transferase activity	molecular_function	3	0.9210964607911173	3.256987870112258	0.0	39819	43230	0.0	True
GO:0031967	organelle envelope	cellular_component	3	0.9210964607911173	3.256987870112258	0.0	39819	43230	0.0	True
GO:0005635	nuclear envelope	cellular_component	3	0.9210964607911173	3.256987870112258	0.0	39819	43230	0.0	True
GO:0004983	neuropeptide Y receptor activity	molecular_function	11	0.9210964607911173	11.94228885707828	0.0	39819	43230	0.0	True
GO:0015271	outward rectifier potassium channel activity	molecular_function	3	0.9210964607911173	3.256987870112258	0.0	39819	43230	0.0	True
GO:0016409	palmitoyltransferase activity	molecular_function	4	0.9210964607911173	4.342650493483011	0.0	39819	43230	0.0	True
GO:0044773	mitotic DNA damage checkpoint signaling	biological_process	3	0.9210964607911173	3.256987870112258	0.0	39819	43230	0.0	True
GO:0007095	mitotic G2 DNA damage checkpoint signaling	biological_process	2	0.9210964607911173	2.1713252467415054	0.0	39819	43230	0.0	True
GO:1901990	regulation of mitotic cell cycle phase transition	biological_process	7	0.9210964607911173	7.599638363595268	0.0	39819	43230	0.0	True
GO:0044774	mitotic DNA integrity checkpoint signaling	biological_process	7	0.9210964607911173	7.599638363595268	0.0	39819	43230	0.0	True
GO:0010972	negative regulation of G2/M transition of mitotic cell cycle	biological_process	6	0.9210964607911173	6.513975740224516	0.0	39819	43230	0.0	True
GO:0044818	mitotic G2/M transition checkpoint	biological_process	6	0.9210964607911173	6.513975740224516	0.0	39819	43230	0.0	True
GO:0007093	mitotic cell cycle checkpoint signaling	biological_process	7	0.9210964607911173	7.599638363595268	0.0	39819	43230	0.0	True
GO:1901991	negative regulation of mitotic cell cycle phase transition	biological_process	6	0.9210964607911173	6.513975740224516	0.0	39819	43230	0.0	True
GO:1902749	regulation of cell cycle G2/M phase transition	biological_process	6	0.9210964607911173	6.513975740224516	0.0	39819	43230	0.0	True
GO:0033549	MAP kinase phosphatase activity	molecular_function	2	0.9210964607911173	2.1713252467415054	0.0	39819	43230	0.0	True
GO:0004725	protein tyrosine phosphatase activity	molecular_function	8	0.9210964607911173	8.685300986966022	0.0	39819	43230	0.0	True
GO:0032543	mitochondrial translation	biological_process	2	0.9210964607911173	2.1713252467415054	0.0	39819	43230	0.0	True
GO:0043022	ribosome binding	molecular_function	2	0.9210964607911173	2.1713252467415054	0.0	39819	43230	0.0	True
GO:0043021	ribonucleoprotein complex binding	molecular_function	3	0.9210964607911173	3.256987870112258	0.0	39819	43230	0.0	True
GO:0030322	stabilization of membrane potential	biological_process	2	0.9210964607911173	2.1713252467415054	0.0	39819	43230	0.0	True
GO:0022840	leak channel activity	molecular_function	2	0.9210964607911173	2.1713252467415054	0.0	39819	43230	0.0	True
GO:0010389	regulation of G2/M transition of mitotic cell cycle	biological_process	6	0.9210964607911173	6.513975740224516	0.0	39819	43230	0.0	True
GO:0045930	negative regulation of mitotic cell cycle	biological_process	7	0.9210964607911173	7.599638363595268	0.0	39819	43230	0.0	True
GO:0000076	DNA replication checkpoint signaling	biological_process	4	0.9210964607911173	4.342650493483011	0.0	39819	43230	0.0	True
GO:0033314	mitotic DNA replication checkpoint signaling	biological_process	4	0.9210964607911173	4.342650493483011	0.0	39819	43230	0.0	True
GO:0048468	cell development	biological_process	7	0.9210964607911173	7.599638363595268	0.0	39819	43230	0.0	True
GO:0048666	neuron development	biological_process	5	0.9210964607911173	5.428313116853763	0.0	39819	43230	0.0	True
GO:1902532	negative regulation of intracellular signal transduction	biological_process	3	0.9210964607911173	3.256987870112258	0.0	39819	43230	0.0	True
GO:0023057	negative regulation of signaling	biological_process	7	0.9210964607911173	7.599638363595268	0.0	39819	43230	0.0	True
GO:0010648	negative regulation of cell communication	biological_process	7	0.9210964607911173	7.599638363595268	0.0	39819	43230	0.0	True
GO:0009968	negative regulation of signal transduction	biological_process	7	0.9210964607911173	7.599638363595268	0.0	39819	43230	0.0	True
GO:0048585	negative regulation of response to stimulus	biological_process	7	0.9210964607911173	7.599638363595268	0.0	39819	43230	0.0	True
GO:0043409	negative regulation of MAPK cascade	biological_process	2	0.9210964607911173	2.1713252467415054	0.0	39819	43230	0.0	True
GO:0051130	positive regulation of cellular component organization	biological_process	4	0.9210964607911173	4.342650493483011	0.0	39819	43230	0.0	True
GO:0022603	regulation of anatomical structure morphogenesis	biological_process	3	0.9210964607911173	3.256987870112258	0.0	39819	43230	0.0	True
GO:0051094	positive regulation of developmental process	biological_process	3	0.9210964607911173	3.256987870112258	0.0	39819	43230	0.0	True
GO:0010638	positive regulation of organelle organization	biological_process	2	0.9210964607911173	2.1713252467415054	0.0	39819	43230	0.0	True
GO:0004500	dopamine beta-monooxygenase activity	molecular_function	11	0.9210964607911173	11.94228885707828	0.0	39819	43230	0.0	True
GO:0005488	binding	molecular_function	1010	0.9210964607911173	1096.5192496044601	0.0	39819	43230	0.0	True
GO:0046914	transition metal ion binding	molecular_function	227	0.9210964607911173	246.44541550516084	0.0	39819	43230	0.0	True
GO:0043167	ion binding	molecular_function	540	0.9210964607911173	586.2578166202064	0.0	39819	43230	0.0	True
GO:0046872	metal ion binding	molecular_function	335	0.9210964607911173	363.6969788292021	0.0	39819	43230	0.0	True
GO:0004090	carbonyl reductase (NADPH) activity	molecular_function	3	0.9210964607911173	3.256987870112258	0.0	39819	43230	0.0	True
GO:0097250	mitochondrial respirasome assembly	biological_process	2	0.9210964607911173	2.1713252467415054	0.0	39819	43230	0.0	True
GO:0009308	amine metabolic process	biological_process	19	0.9210964607911173	20.6275898440443	0.0	39819	43230	0.0	True
GO:0042424	catecholamine catabolic process	biological_process	6	0.9210964607911173	6.513975740224516	0.0	39819	43230	0.0	True
GO:0018958	phenol-containing compound metabolic process	biological_process	20	0.9210964607911173	21.713252467415053	0.0	39819	43230	0.0	True
GO:0042402	biogenic amine catabolic process	biological_process	6	0.9210964607911173	6.513975740224516	0.0	39819	43230	0.0	True
GO:0009056	catabolic process	biological_process	122	0.9210964607911173	132.45084005123184	0.0	39819	43230	0.0	True
GO:0042417	dopamine metabolic process	biological_process	6	0.9210964607911173	6.513975740224516	0.0	39819	43230	0.0	True
GO:0006576	biogenic amine metabolic process	biological_process	18	0.9210964607911173	19.541927220673546	0.0	39819	43230	0.0	True
GO:0009310	amine catabolic process	biological_process	6	0.9210964607911173	6.513975740224516	0.0	39819	43230	0.0	True
GO:0019614	catechol-containing compound catabolic process	biological_process	6	0.9210964607911173	6.513975740224516	0.0	39819	43230	0.0	True
GO:0008150	biological_process	biological_process	1472	0.9210964607911173	1598.095381601748	0.0	39819	43230	0.0	True
GO:0019336	phenol-containing compound catabolic process	biological_process	6	0.9210964607911173	6.513975740224516	0.0	39819	43230	0.0	True
GO:0000786	nucleosome	cellular_component	2	0.9210964607911173	2.1713252467415054	0.0	39819	43230	0.0	True
GO:0030527	structural constituent of chromatin	molecular_function	2	0.9210964607911173	2.1713252467415054	0.0	39819	43230	0.0	True
GO:0005787	signal peptidase complex	cellular_component	2	0.9210964607911173	2.1713252467415054	0.0	39819	43230	0.0	True
GO:1905369	endopeptidase complex	cellular_component	2	0.9210964607911173	2.1713252467415054	0.0	39819	43230	0.0	True
GO:1905370	serine-type endopeptidase complex	cellular_component	2	0.9210964607911173	2.1713252467415054	0.0	39819	43230	0.0	True
GO:1905286	serine-type peptidase complex	cellular_component	2	0.9210964607911173	2.1713252467415054	0.0	39819	43230	0.0	True
GO:0008106	alcohol dehydrogenase (NADP+) activity	molecular_function	3	0.9210964607911173	3.256987870112258	0.0	39819	43230	0.0	True
GO:0035256	G protein-coupled glutamate receptor binding	molecular_function	1	0.9210964607911173	1.0856626233707527	0.9210964607911173	39819	43230	0.9210964607911173	False
GO:0006071	glycerol metabolic process	biological_process	1	0.9210964607911173	1.0856626233707527	0.9210964607911173	39819	43230	0.9210964607911173	False
GO:0008889	glycerophosphodiester phosphodiesterase activity	molecular_function	1	0.9210964607911173	1.0856626233707527	0.9210964607911173	39819	43230	0.9210964607911173	False
GO:0006123	mitochondrial electron transport, cytochrome c to oxygen	biological_process	1	0.9210964607911173	1.0856626233707527	0.9210964607911173	39819	43230	0.9210964607911173	False
GO:0016160	amylase activity	molecular_function	1	0.9210964607911173	1.0856626233707527	0.9210964607911173	39819	43230	0.9210964607911173	False
GO:0016936	galactoside binding	molecular_function	1	0.9210964607911173	1.0856626233707527	0.9210964607911173	39819	43230	0.9210964607911173	False
GO:0009266	response to temperature stimulus	biological_process	1	0.9210964607911173	1.0856626233707527	0.9210964607911173	39819	43230	0.9210964607911173	False
GO:0009408	response to heat	biological_process	1	0.9210964607911173	1.0856626233707527	0.9210964607911173	39819	43230	0.9210964607911173	False
GO:0042026	protein refolding	biological_process	1	0.9210964607911173	1.0856626233707527	0.9210964607911173	39819	43230	0.9210964607911173	False
GO:0031965	nuclear membrane	cellular_component	1	0.9210964607911173	1.0856626233707527	0.9210964607911173	39819	43230	0.9210964607911173	False
GO:0008330	protein tyrosine/threonine phosphatase activity	molecular_function	1	0.9210964607911173	1.0856626233707527	0.9210964607911173	39819	43230	0.9210964607911173	False
GO:0010821	regulation of mitochondrion organization	biological_process	1	0.9210964607911173	1.0856626233707527	0.9210964607911173	39819	43230	0.9210964607911173	False
GO:0090140	regulation of mitochondrial fission	biological_process	1	0.9210964607911173	1.0856626233707527	0.9210964607911173	39819	43230	0.9210964607911173	False
GO:0090141	positive regulation of mitochondrial fission	biological_process	1	0.9210964607911173	1.0856626233707527	0.9210964607911173	39819	43230	0.9210964607911173	False
GO:0008138	protein tyrosine/serine/threonine phosphatase activity	molecular_function	1	0.9210964607911173	1.0856626233707527	0.9210964607911173	39819	43230	0.9210964607911173	False
GO:0017017	MAP kinase tyrosine/serine/threonine phosphatase activity	molecular_function	1	0.9210964607911173	1.0856626233707527	0.9210964607911173	39819	43230	0.9210964607911173	False
GO:0033550	MAP kinase tyrosine phosphatase activity	molecular_function	1	0.9210964607911173	1.0856626233707527	0.9210964607911173	39819	43230	0.9210964607911173	False
GO:0000313	organellar ribosome	cellular_component	1	0.9210964607911173	1.0856626233707527	0.9210964607911173	39819	43230	0.9210964607911173	False
GO:0005761	mitochondrial ribosome	cellular_component	1	0.9210964607911173	1.0856626233707527	0.9210964607911173	39819	43230	0.9210964607911173	False
GO:0000028	ribosomal small subunit assembly	biological_process	1	0.9210964607911173	1.0856626233707527	0.9210964607911173	39819	43230	0.9210964607911173	False
GO:0043024	ribosomal small subunit binding	molecular_function	1	0.9210964607911173	1.0856626233707527	0.9210964607911173	39819	43230	0.9210964607911173	False
GO:0001786	phosphatidylserine binding	molecular_function	1	0.9210964607911173	1.0856626233707527	0.9210964607911173	39819	43230	0.9210964607911173	False
GO:0006690	icosanoid metabolic process	biological_process	1	0.9210964607911173	1.0856626233707527	0.9210964607911173	39819	43230	0.9210964607911173	False
GO:0006691	leukotriene metabolic process	biological_process	1	0.9210964607911173	1.0856626233707527	0.9210964607911173	39819	43230	0.9210964607911173	False
GO:0004602	glutathione peroxidase activity	molecular_function	1	0.9210964607911173	1.0856626233707527	0.9210964607911173	39819	43230	0.9210964607911173	False
GO:0016416	O-palmitoyltransferase activity	molecular_function	1	0.9210964607911173	1.0856626233707527	0.9210964607911173	39819	43230	0.9210964607911173	False
GO:0016406	carnitine O-acyltransferase activity	molecular_function	1	0.9210964607911173	1.0856626233707527	0.9210964607911173	39819	43230	0.9210964607911173	False
GO:0004095	carnitine O-palmitoyltransferase activity	molecular_function	1	0.9210964607911173	1.0856626233707527	0.9210964607911173	39819	43230	0.9210964607911173	False
GO:0005881	cytoplasmic microtubule	cellular_component	1	0.9210964607911173	1.0856626233707527	0.9210964607911173	39819	43230	0.9210964607911173	False
GO:0035006	melanization defense response	biological_process	1	0.9210964607911173	1.0856626233707527	0.9210964607911173	39819	43230	0.9210964607911173	False
GO:0022412	cellular process involved in reproduction in multicellular organism	biological_process	1	0.9210964607911173	1.0856626233707527	0.9210964607911173	39819	43230	0.9210964607911173	False
GO:0001667	ameboidal-type cell migration	biological_process	1	0.9210964607911173	1.0856626233707527	0.9210964607911173	39819	43230	0.9210964607911173	False
GO:0016891	RNA endonuclease activity producing 5'-phosphomonoesters, hydrolytic mechanism	molecular_function	1	0.9210964607911173	1.0856626233707527	0.9210964607911173	39819	43230	0.9210964607911173	False
GO:0002039	p53 binding	molecular_function	1	0.9210964607911173	1.0856626233707527	0.9210964607911173	39819	43230	0.9210964607911173	False
GO:0005669	transcription factor TFIID complex	cellular_component	1	0.9210964607911173	1.0856626233707527	0.9210964607911173	39819	43230	0.9210964607911173	False
GO:0120501	F-actin monooxygenase activity	molecular_function	1	0.9210964607911173	1.0856626233707527	0.9210964607911173	39819	43230	0.9210964607911173	False
GO:0005964	phosphorylase kinase complex	cellular_component	1	0.9210964607911173	1.0856626233707527	0.9210964607911173	39819	43230	0.9210964607911173	False
GO:0009898	cytoplasmic side of plasma membrane	cellular_component	1	0.9210964607911173	1.0856626233707527	0.9210964607911173	39819	43230	0.9210964607911173	False
GO:0006436	tryptophanyl-tRNA aminoacylation	biological_process	1	0.9210964607911173	1.0856626233707527	0.9210964607911173	39819	43230	0.9210964607911173	False
GO:0004830	tryptophan-tRNA ligase activity	molecular_function	1	0.9210964607911173	1.0856626233707527	0.9210964607911173	39819	43230	0.9210964607911173	False
GO:0016716	oxidoreductase activity, acting on paired donors, with incorporation or reduction of molecular oxygen, another compound as one donor, and incorporation of one atom of oxygen	molecular_function	1	0.9210964607911173	1.0856626233707527	0.9210964607911173	39819	43230	0.9210964607911173	False
GO:0004503	tyrosinase activity	molecular_function	1	0.9210964607911173	1.0856626233707527	0.9210964607911173	39819	43230	0.9210964607911173	False
GO:0005875	microtubule associated complex	cellular_component	1	0.9210964607911173	1.0856626233707527	0.9210964607911173	39819	43230	0.9210964607911173	False
GO:0046500	S-adenosylmethionine metabolic process	biological_process	1	0.9210964607911173	1.0856626233707527	0.9210964607911173	39819	43230	0.9210964607911173	False
GO:0033353	S-adenosylmethionine cycle	biological_process	1	0.9210964607911173	1.0856626233707527	0.9210964607911173	39819	43230	0.9210964607911173	False
GO:0046508	hydrolase activity, acting on carbon-sulfur bonds	molecular_function	1	0.9210964607911173	1.0856626233707527	0.9210964607911173	39819	43230	0.9210964607911173	False
GO:0004013	adenosylhomocysteinase activity	molecular_function	1	0.9210964607911173	1.0856626233707527	0.9210964607911173	39819	43230	0.9210964607911173	False
GO:0047555	3',5'-cyclic-GMP phosphodiesterase activity	molecular_function	1	0.9210964607911173	1.0856626233707527	0.9210964607911173	39819	43230	0.9210964607911173	False
GO:0042276	error-prone translesion synthesis	biological_process	1	0.9210964607911173	1.0856626233707527	0.9210964607911173	39819	43230	0.9210964607911173	False
GO:0003887	DNA-directed DNA polymerase activity	molecular_function	1	0.9210964607911173	1.0856626233707527	0.9210964607911173	39819	43230	0.9210964607911173	False
GO:0005657	replication fork	cellular_component	1	0.9210964607911173	1.0856626233707527	0.9210964607911173	39819	43230	0.9210964607911173	False
GO:0015485	cholesterol binding	molecular_function	1	0.9210964607911173	1.0856626233707527	0.9210964607911173	39819	43230	0.9210964607911173	False
GO:0032541	cortical endoplasmic reticulum	cellular_component	1	0.9210964607911173	1.0856626233707527	0.9210964607911173	39819	43230	0.9210964607911173	False
GO:0046874	quinolinate metabolic process	biological_process	1	0.9210964607911173	1.0856626233707527	0.9210964607911173	39819	43230	0.9210964607911173	False
GO:0043650	dicarboxylic acid biosynthetic process	biological_process	1	0.9210964607911173	1.0856626233707527	0.9210964607911173	39819	43230	0.9210964607911173	False
GO:0019805	quinolinate biosynthetic process	biological_process	1	0.9210964607911173	1.0856626233707527	0.9210964607911173	39819	43230	0.9210964607911173	False
GO:0033862	UMP kinase activity	molecular_function	1	0.9210964607911173	1.0856626233707527	0.9210964607911173	39819	43230	0.9210964607911173	False
GO:0047507	deoxynucleoside phosphate kinase activity, ATP as phosphate donor	molecular_function	1	0.9210964607911173	1.0856626233707527	0.9210964607911173	39819	43230	0.9210964607911173	False
GO:0036431	dCMP kinase activity	molecular_function	1	0.9210964607911173	1.0856626233707527	0.9210964607911173	39819	43230	0.9210964607911173	False
GO:0036430	CMP kinase activity	molecular_function	1	0.9210964607911173	1.0856626233707527	0.9210964607911173	39819	43230	0.9210964607911173	False
GO:0031683	G-protein beta/gamma-subunit complex binding	molecular_function	1	0.9210964607911173	1.0856626233707527	0.9210964607911173	39819	43230	0.9210964607911173	False
GO:1905360	GTPase complex	cellular_component	1	0.9210964607911173	1.0856626233707527	0.9210964607911173	39819	43230	0.9210964607911173	False
GO:0005834	heterotrimeric G-protein complex	cellular_component	1	0.9210964607911173	1.0856626233707527	0.9210964607911173	39819	43230	0.9210964607911173	False
GO:0051231	spindle elongation	biological_process	1	0.9210964607911173	1.0856626233707527	0.9210964607911173	39819	43230	0.9210964607911173	False
GO:0043420	anthranilate metabolic process	biological_process	1	0.9210964607911173	1.0856626233707527	0.9210964607911173	39819	43230	0.9210964607911173	False
GO:0019363	pyridine nucleotide biosynthetic process	biological_process	1	0.9210964607911173	1.0856626233707527	0.9210964607911173	39819	43230	0.9210964607911173	False
GO:0009435	NAD+ biosynthetic process	biological_process	1	0.9210964607911173	1.0856626233707527	0.9210964607911173	39819	43230	0.9210964607911173	False
GO:0046496	nicotinamide nucleotide metabolic process	biological_process	1	0.9210964607911173	1.0856626233707527	0.9210964607911173	39819	43230	0.9210964607911173	False
GO:0019359	nicotinamide nucleotide biosynthetic process	biological_process	1	0.9210964607911173	1.0856626233707527	0.9210964607911173	39819	43230	0.9210964607911173	False
GO:0019674	NAD+ metabolic process	biological_process	1	0.9210964607911173	1.0856626233707527	0.9210964607911173	39819	43230	0.9210964607911173	False
GO:0034354	'de novo' NAD+ biosynthetic process from L-tryptophan	biological_process	1	0.9210964607911173	1.0856626233707527	0.9210964607911173	39819	43230	0.9210964607911173	False
GO:0004502	kynurenine 3-monooxygenase activity	molecular_function	1	0.9210964607911173	1.0856626233707527	0.9210964607911173	39819	43230	0.9210964607911173	False
GO:0060284	regulation of cell development	biological_process	1	0.9210964607911173	1.0856626233707527	0.9210964607911173	39819	43230	0.9210964607911173	False
GO:0051960	regulation of nervous system development	biological_process	1	0.9210964607911173	1.0856626233707527	0.9210964607911173	39819	43230	0.9210964607911173	False
GO:0031346	positive regulation of cell projection organization	biological_process	1	0.9210964607911173	1.0856626233707527	0.9210964607911173	39819	43230	0.9210964607911173	False
GO:0050770	regulation of axonogenesis	biological_process	1	0.9210964607911173	1.0856626233707527	0.9210964607911173	39819	43230	0.9210964607911173	False
GO:0050772	positive regulation of axonogenesis	biological_process	1	0.9210964607911173	1.0856626233707527	0.9210964607911173	39819	43230	0.9210964607911173	False
GO:0030155	regulation of cell adhesion	biological_process	1	0.9210964607911173	1.0856626233707527	0.9210964607911173	39819	43230	0.9210964607911173	False
GO:0007162	negative regulation of cell adhesion	biological_process	1	0.9210964607911173	1.0856626233707527	0.9210964607911173	39819	43230	0.9210964607911173	False
GO:0016592	mediator complex	cellular_component	1	0.9210964607911173	1.0856626233707527	0.9210964607911173	39819	43230	0.9210964607911173	False
GO:0007140	male meiotic nuclear division	biological_process	1	0.9210964607911173	1.0856626233707527	0.9210964607911173	39819	43230	0.9210964607911173	False
GO:0097374	sensory neuron axon guidance	biological_process	1	0.9210964607911173	1.0856626233707527	0.9210964607911173	39819	43230	0.9210964607911173	False
GO:0022604	regulation of cell morphogenesis	biological_process	1	0.9210964607911173	1.0856626233707527	0.9210964607911173	39819	43230	0.9210964607911173	False
GO:0008360	regulation of cell shape	biological_process	1	0.9210964607911173	1.0856626233707527	0.9210964607911173	39819	43230	0.9210964607911173	False
GO:0010720	positive regulation of cell development	biological_process	1	0.9210964607911173	1.0856626233707527	0.9210964607911173	39819	43230	0.9210964607911173	False
GO:2000026	regulation of multicellular organismal development	biological_process	1	0.9210964607911173	1.0856626233707527	0.9210964607911173	39819	43230	0.9210964607911173	False
GO:0050767	regulation of neurogenesis	biological_process	1	0.9210964607911173	1.0856626233707527	0.9210964607911173	39819	43230	0.9210964607911173	False
GO:0051962	positive regulation of nervous system development	biological_process	1	0.9210964607911173	1.0856626233707527	0.9210964607911173	39819	43230	0.9210964607911173	False
GO:0050769	positive regulation of neurogenesis	biological_process	1	0.9210964607911173	1.0856626233707527	0.9210964607911173	39819	43230	0.9210964607911173	False
GO:0120035	regulation of plasma membrane bounded cell projection organization	biological_process	1	0.9210964607911173	1.0856626233707527	0.9210964607911173	39819	43230	0.9210964607911173	False
GO:0010975	regulation of neuron projection development	biological_process	1	0.9210964607911173	1.0856626233707527	0.9210964607911173	39819	43230	0.9210964607911173	False
GO:0031344	regulation of cell projection organization	biological_process	1	0.9210964607911173	1.0856626233707527	0.9210964607911173	39819	43230	0.9210964607911173	False
GO:0006376	mRNA splice site recognition	biological_process	1	0.9210964607911173	1.0856626233707527	0.9210964607911173	39819	43230	0.9210964607911173	False
GO:0000395	mRNA 5'-splice site recognition	biological_process	1	0.9210964607911173	1.0856626233707527	0.9210964607911173	39819	43230	0.9210964607911173	False
GO:0004427	inorganic diphosphate phosphatase activity	molecular_function	1	0.9210964607911173	1.0856626233707527	0.9210964607911173	39819	43230	0.9210964607911173	False
GO:0030100	regulation of endocytosis	biological_process	1	0.9210964607911173	1.0856626233707527	0.9210964607911173	39819	43230	0.9210964607911173	False
GO:0007009	plasma membrane organization	biological_process	1	0.9210964607911173	1.0856626233707527	0.9210964607911173	39819	43230	0.9210964607911173	False
GO:0097320	plasma membrane tubulation	biological_process	1	0.9210964607911173	1.0856626233707527	0.9210964607911173	39819	43230	0.9210964607911173	False
GO:0016812	hydrolase activity, acting on carbon-nitrogen (but not peptide) bonds, in cyclic amides	molecular_function	1	0.9210964607911173	1.0856626233707527	0.9210964607911173	39819	43230	0.9210964607911173	False
GO:0033971	hydroxyisourate hydrolase activity	molecular_function	1	0.9210964607911173	1.0856626233707527	0.9210964607911173	39819	43230	0.9210964607911173	False
GO:0005375	copper ion transmembrane transporter activity	molecular_function	1	0.9210964607911173	1.0856626233707527	0.9210964607911173	39819	43230	0.9210964607911173	False
GO:0140581	P-type monovalent copper transporter activity	molecular_function	1	0.9210964607911173	1.0856626233707527	0.9210964607911173	39819	43230	0.9210964607911173	False
GO:0010181	FMN binding	molecular_function	1	0.9210964607911173	1.0856626233707527	0.9210964607911173	39819	43230	0.9210964607911173	False
GO:0060147	regulation of post-transcriptional gene silencing	biological_process	1	0.9210964607911173	1.0856626233707527	0.9210964607911173	39819	43230	0.9210964607911173	False
GO:1900368	regulation of post-transcriptional gene silencing by regulatory ncRNA	biological_process	1	0.9210964607911173	1.0856626233707527	0.9210964607911173	39819	43230	0.9210964607911173	False
GO:0060966	regulation of gene silencing by regulatory ncRNA	biological_process	1	0.9210964607911173	1.0856626233707527	0.9210964607911173	39819	43230	0.9210964607911173	False
GO:0060964	regulation of miRNA-mediated gene silencing	biological_process	1	0.9210964607911173	1.0856626233707527	0.9210964607911173	39819	43230	0.9210964607911173	False
GO:0000280	nuclear division	biological_process	1	0.9210964607911173	1.0856626233707527	0.9210964607911173	39819	43230	0.9210964607911173	False
GO:0140013	meiotic nuclear division	biological_process	1	0.9210964607911173	1.0856626233707527	0.9210964607911173	39819	43230	0.9210964607911173	False
GO:0048285	organelle fission	biological_process	1	0.9210964607911173	1.0856626233707527	0.9210964607911173	39819	43230	0.9210964607911173	False
GO:0006109	regulation of carbohydrate metabolic process	biological_process	1	0.9210964607911173	1.0856626233707527	0.9210964607911173	39819	43230	0.9210964607911173	False
GO:0010906	regulation of glucose metabolic process	biological_process	1	0.9210964607911173	1.0856626233707527	0.9210964607911173	39819	43230	0.9210964607911173	False
GO:0004740	pyruvate dehydrogenase (acetyl-transferring) kinase activity	molecular_function	1	0.9210964607911173	1.0856626233707527	0.9210964607911173	39819	43230	0.9210964607911173	False
GO:0090092	regulation of transmembrane receptor protein serine/threonine kinase signaling pathway	biological_process	1	0.9210964607911173	1.0856626233707527	0.9210964607911173	39819	43230	0.9210964607911173	False
GO:0090100	positive regulation of transmembrane receptor protein serine/threonine kinase signaling pathway	biological_process	1	0.9210964607911173	1.0856626233707527	0.9210964607911173	39819	43230	0.9210964607911173	False
GO:0030510	regulation of BMP signaling pathway	biological_process	1	0.9210964607911173	1.0856626233707527	0.9210964607911173	39819	43230	0.9210964607911173	False
GO:0090287	regulation of cellular response to growth factor stimulus	biological_process	1	0.9210964607911173	1.0856626233707527	0.9210964607911173	39819	43230	0.9210964607911173	False
GO:0030513	positive regulation of BMP signaling pathway	biological_process	1	0.9210964607911173	1.0856626233707527	0.9210964607911173	39819	43230	0.9210964607911173	False
GO:0019955	cytokine binding	molecular_function	1	0.9210964607911173	1.0856626233707527	0.9210964607911173	39819	43230	0.9210964607911173	False
GO:0036122	BMP binding	molecular_function	1	0.9210964607911173	1.0856626233707527	0.9210964607911173	39819	43230	0.9210964607911173	False
GO:2001057	reactive nitrogen species metabolic process	biological_process	1	0.9210964607911173	1.0856626233707527	0.9210964607911173	39819	43230	0.9210964607911173	False
GO:0046209	nitric oxide metabolic process	biological_process	1	0.9210964607911173	1.0856626233707527	0.9210964607911173	39819	43230	0.9210964607911173	False
GO:0006809	nitric oxide biosynthetic process	biological_process	1	0.9210964607911173	1.0856626233707527	0.9210964607911173	39819	43230	0.9210964607911173	False
GO:0004517	nitric-oxide synthase activity	molecular_function	1	0.9210964607911173	1.0856626233707527	0.9210964607911173	39819	43230	0.9210964607911173	False
GO:0045494	photoreceptor cell maintenance	biological_process	1	0.9210964607911173	1.0856626233707527	0.9210964607911173	39819	43230	0.9210964607911173	False
GO:0070300	phosphatidic acid binding	molecular_function	1	0.9210964607911173	1.0856626233707527	0.9210964607911173	39819	43230	0.9210964607911173	False
GO:0022411	cellular component disassembly	biological_process	1	0.9210964607911173	1.0856626233707527	0.9210964607911173	39819	43230	0.9210964607911173	False
GO:1903008	organelle disassembly	biological_process	1	0.9210964607911173	1.0856626233707527	0.9210964607911173	39819	43230	0.9210964607911173	False
GO:0032790	ribosome disassembly	biological_process	1	0.9210964607911173	1.0856626233707527	0.9210964607911173	39819	43230	0.9210964607911173	False
GO:0070481	nuclear-transcribed mRNA catabolic process, non-stop decay	biological_process	1	0.9210964607911173	1.0856626233707527	0.9210964607911173	39819	43230	0.9210964607911173	False
GO:0070966	nuclear-transcribed mRNA catabolic process, no-go decay	biological_process	1	0.9210964607911173	1.0856626233707527	0.9210964607911173	39819	43230	0.9210964607911173	False
GO:0016075	rRNA catabolic process	biological_process	1	0.9210964607911173	1.0856626233707527	0.9210964607911173	39819	43230	0.9210964607911173	False
GO:0070651	nonfunctional rRNA decay	biological_process	1	0.9210964607911173	1.0856626233707527	0.9210964607911173	39819	43230	0.9210964607911173	False
GO:0042594	response to starvation	biological_process	1	0.9210964607911173	1.0856626233707527	0.9210964607911173	39819	43230	0.9210964607911173	False
GO:0031669	cellular response to nutrient levels	biological_process	1	0.9210964607911173	1.0856626233707527	0.9210964607911173	39819	43230	0.9210964607911173	False
GO:0031667	response to nutrient levels	biological_process	1	0.9210964607911173	1.0856626233707527	0.9210964607911173	39819	43230	0.9210964607911173	False
GO:1990928	response to amino acid starvation	biological_process	1	0.9210964607911173	1.0856626233707527	0.9210964607911173	39819	43230	0.9210964607911173	False
GO:0009267	cellular response to starvation	biological_process	1	0.9210964607911173	1.0856626233707527	0.9210964607911173	39819	43230	0.9210964607911173	False
GO:0034198	cellular response to amino acid starvation	biological_process	1	0.9210964607911173	1.0856626233707527	0.9210964607911173	39819	43230	0.9210964607911173	False
GO:0016482	cytosolic transport	biological_process	1	0.9210964607911173	1.0856626233707527	0.9210964607911173	39819	43230	0.9210964607911173	False
GO:0042147	retrograde transport, endosome to Golgi	biological_process	1	0.9210964607911173	1.0856626233707527	0.9210964607911173	39819	43230	0.9210964607911173	False
GO:0045010	actin nucleation	biological_process	1	0.9210964607911173	1.0856626233707527	0.9210964607911173	39819	43230	0.9210964607911173	False
GO:0034314	Arp2/3 complex-mediated actin nucleation	biological_process	1	0.9210964607911173	1.0856626233707527	0.9210964607911173	39819	43230	0.9210964607911173	False
GO:0043015	gamma-tubulin binding	molecular_function	1	0.9210964607911173	1.0856626233707527	0.9210964607911173	39819	43230	0.9210964607911173	False
GO:0043014	alpha-tubulin binding	molecular_function	1	0.9210964607911173	1.0856626233707527	0.9210964607911173	39819	43230	0.9210964607911173	False
GO:0050776	regulation of immune response	biological_process	1	0.9210964607911173	1.0856626233707527	0.9210964607911173	39819	43230	0.9210964607911173	False
GO:0002682	regulation of immune system process	biological_process	1	0.9210964607911173	1.0856626233707527	0.9210964607911173	39819	43230	0.9210964607911173	False
GO:0002683	negative regulation of immune system process	biological_process	1	0.9210964607911173	1.0856626233707527	0.9210964607911173	39819	43230	0.9210964607911173	False
GO:0045088	regulation of innate immune response	biological_process	1	0.9210964607911173	1.0856626233707527	0.9210964607911173	39819	43230	0.9210964607911173	False
GO:0062207	regulation of pattern recognition receptor signaling pathway	biological_process	1	0.9210964607911173	1.0856626233707527	0.9210964607911173	39819	43230	0.9210964607911173	False
GO:0034121	regulation of toll-like receptor signaling pathway	biological_process	1	0.9210964607911173	1.0856626233707527	0.9210964607911173	39819	43230	0.9210964607911173	False
GO:0034128	negative regulation of MyD88-independent toll-like receptor signaling pathway	biological_process	1	0.9210964607911173	1.0856626233707527	0.9210964607911173	39819	43230	0.9210964607911173	False
GO:0016799	hydrolase activity, hydrolyzing N-glycosyl compounds	molecular_function	1	0.9210964607911173	1.0856626233707527	0.9210964607911173	39819	43230	0.9210964607911173	False
GO:0003953	NAD+ nucleosidase activity	molecular_function	1	0.9210964607911173	1.0856626233707527	0.9210964607911173	39819	43230	0.9210964607911173	False
GO:0030425	dendrite	cellular_component	1	0.9210964607911173	1.0856626233707527	0.9210964607911173	39819	43230	0.9210964607911173	False
GO:0007032	endosome organization	biological_process	1	0.9210964607911173	1.0856626233707527	0.9210964607911173	39819	43230	0.9210964607911173	False
GO:0097346	INO80-type complex	cellular_component	1	0.9210964607911173	1.0856626233707527	0.9210964607911173	39819	43230	0.9210964607911173	False
GO:0000812	Swr1 complex	cellular_component	1	0.9210964607911173	1.0856626233707527	0.9210964607911173	39819	43230	0.9210964607911173	False
GO:0055037	recycling endosome	cellular_component	1	0.9210964607911173	1.0856626233707527	0.9210964607911173	39819	43230	0.9210964607911173	False
GO:0032453	histone H3K4 demethylase activity	molecular_function	1	0.9210964607911173	1.0856626233707527	0.9210964607911173	39819	43230	0.9210964607911173	False
GO:0034647	histone H3K4me/H3K4me2/H3K4me3 demethylase activity	molecular_function	1	0.9210964607911173	1.0856626233707527	0.9210964607911173	39819	43230	0.9210964607911173	False
GO:0015175	neutral L-amino acid transmembrane transporter activity	molecular_function	1	0.9210964607911173	1.0856626233707527	0.9210964607911173	39819	43230	0.9210964607911173	False
GO:0098968	neurotransmitter receptor transport postsynaptic membrane to endosome	biological_process	1	0.9210964607911173	1.0856626233707527	0.9210964607911173	39819	43230	0.9210964607911173	False
GO:0035088	establishment or maintenance of apical/basal cell polarity	biological_process	1	0.9210964607911173	1.0856626233707527	0.9210964607911173	39819	43230	0.9210964607911173	False
GO:0061245	establishment or maintenance of bipolar cell polarity	biological_process	1	0.9210964607911173	1.0856626233707527	0.9210964607911173	39819	43230	0.9210964607911173	False
GO:0045197	establishment or maintenance of epithelial cell apical/basal polarity	biological_process	1	0.9210964607911173	1.0856626233707527	0.9210964607911173	39819	43230	0.9210964607911173	False
GO:0016323	basolateral plasma membrane	cellular_component	1	0.9210964607911173	1.0856626233707527	0.9210964607911173	39819	43230	0.9210964607911173	False
GO:0055088	lipid homeostasis	biological_process	1	0.9210964607911173	1.0856626233707527	0.9210964607911173	39819	43230	0.9210964607911173	False
GO:0009611	response to wounding	biological_process	1	0.9210964607911173	1.0856626233707527	0.9210964607911173	39819	43230	0.9210964607911173	False
GO:0048678	response to axon injury	biological_process	1	0.9210964607911173	1.0856626233707527	0.9210964607911173	39819	43230	0.9210964607911173	False
GO:0002831	regulation of response to biotic stimulus	biological_process	1	0.9210964607911173	1.0856626233707527	0.9210964607911173	39819	43230	0.9210964607911173	False
GO:0034127	regulation of MyD88-independent toll-like receptor signaling pathway	biological_process	1	0.9210964607911173	1.0856626233707527	0.9210964607911173	39819	43230	0.9210964607911173	False
GO:0031347	regulation of defense response	biological_process	1	0.9210964607911173	1.0856626233707527	0.9210964607911173	39819	43230	0.9210964607911173	False
GO:0032101	regulation of response to external stimulus	biological_process	1	0.9210964607911173	1.0856626233707527	0.9210964607911173	39819	43230	0.9210964607911173	False
GO:0034122	negative regulation of toll-like receptor signaling pathway	biological_process	1	0.9210964607911173	1.0856626233707527	0.9210964607911173	39819	43230	0.9210964607911173	False
GO:0043113	receptor clustering	biological_process	1	0.9210964607911173	1.0856626233707527	0.9210964607911173	39819	43230	0.9210964607911173	False
GO:0099639	neurotransmitter receptor transport, endosome to plasma membrane	biological_process	1	0.9210964607911173	1.0856626233707527	0.9210964607911173	39819	43230	0.9210964607911173	False
GO:0098969	neurotransmitter receptor transport to postsynaptic membrane	biological_process	1	0.9210964607911173	1.0856626233707527	0.9210964607911173	39819	43230	0.9210964607911173	False
GO:0062237	protein localization to postsynapse	biological_process	1	0.9210964607911173	1.0856626233707527	0.9210964607911173	39819	43230	0.9210964607911173	False
GO:1903540	establishment of protein localization to postsynaptic membrane	biological_process	1	0.9210964607911173	1.0856626233707527	0.9210964607911173	39819	43230	0.9210964607911173	False
GO:1903539	protein localization to postsynaptic membrane	biological_process	1	0.9210964607911173	1.0856626233707527	0.9210964607911173	39819	43230	0.9210964607911173	False
GO:0099072	regulation of postsynaptic membrane neurotransmitter receptor levels	biological_process	1	0.9210964607911173	1.0856626233707527	0.9210964607911173	39819	43230	0.9210964607911173	False
GO:0099637	neurotransmitter receptor transport	biological_process	1	0.9210964607911173	1.0856626233707527	0.9210964607911173	39819	43230	0.9210964607911173	False
GO:0098877	neurotransmitter receptor transport to plasma membrane	biological_process	1	0.9210964607911173	1.0856626233707527	0.9210964607911173	39819	43230	0.9210964607911173	False
GO:0031503	protein-containing complex localization	biological_process	1	0.9210964607911173	1.0856626233707527	0.9210964607911173	39819	43230	0.9210964607911173	False
GO:0061951	establishment of protein localization to plasma membrane	biological_process	1	0.9210964607911173	1.0856626233707527	0.9210964607911173	39819	43230	0.9210964607911173	False
GO:0099638	endosome to plasma membrane protein transport	biological_process	1	0.9210964607911173	1.0856626233707527	0.9210964607911173	39819	43230	0.9210964607911173	False
GO:0098887	neurotransmitter receptor transport, endosome to postsynaptic membrane	biological_process	1	0.9210964607911173	1.0856626233707527	0.9210964607911173	39819	43230	0.9210964607911173	False
GO:0005343	organic acid:sodium symporter activity	molecular_function	1	0.9210964607911173	1.0856626233707527	0.9210964607911173	39819	43230	0.9210964607911173	False
GO:0015501	glutamate:sodium symporter activity	molecular_function	1	0.9210964607911173	1.0856626233707527	0.9210964607911173	39819	43230	0.9210964607911173	False
GO:0015929	hexosaminidase activity	molecular_function	1	0.9210964607911173	1.0856626233707527	0.9210964607911173	39819	43230	0.9210964607911173	False
GO:0004563	beta-N-acetylhexosaminidase activity	molecular_function	1	0.9210964607911173	1.0856626233707527	0.9210964607911173	39819	43230	0.9210964607911173	False
GO:0019722	calcium-mediated signaling	biological_process	1	0.9210964607911173	1.0856626233707527	0.9210964607911173	39819	43230	0.9210964607911173	False
GO:0061762	CAMKK-AMPK signaling cascade	biological_process	1	0.9210964607911173	1.0856626233707527	0.9210964607911173	39819	43230	0.9210964607911173	False
GO:0021556	central nervous system formation	biological_process	1	0.9210964607911173	1.0856626233707527	0.9210964607911173	39819	43230	0.9210964607911173	False
GO:0005121	Toll binding	molecular_function	1	0.9210964607911173	1.0856626233707527	0.9210964607911173	39819	43230	0.9210964607911173	False
GO:0061512	protein localization to cilium	biological_process	1	0.9210964607911173	1.0856626233707527	0.9210964607911173	39819	43230	0.9210964607911173	False
GO:0035721	intraciliary retrograde transport	biological_process	1	0.9210964607911173	1.0856626233707527	0.9210964607911173	39819	43230	0.9210964607911173	False
GO:0097730	non-motile cilium	cellular_component	1	0.9210964607911173	1.0856626233707527	0.9210964607911173	39819	43230	0.9210964607911173	False
GO:0030991	intraciliary transport particle A	cellular_component	1	0.9210964607911173	1.0856626233707527	0.9210964607911173	39819	43230	0.9210964607911173	False
GO:0006353	DNA-templated transcription termination	biological_process	1	0.9210964607911173	1.0856626233707527	0.9210964607911173	39819	43230	0.9210964607911173	False
GO:0005245	voltage-gated calcium channel activity	molecular_function	1	0.9210964607911173	1.0856626233707527	0.9210964607911173	39819	43230	0.9210964607911173	False
GO:0008331	high voltage-gated calcium channel activity	molecular_function	1	0.9210964607911173	1.0856626233707527	0.9210964607911173	39819	43230	0.9210964607911173	False
GO:0034704	calcium channel complex	cellular_component	1	0.9210964607911173	1.0856626233707527	0.9210964607911173	39819	43230	0.9210964607911173	False
GO:0005891	voltage-gated calcium channel complex	cellular_component	1	0.9210964607911173	1.0856626233707527	0.9210964607911173	39819	43230	0.9210964607911173	False
GO:0031087	deadenylation-independent decapping of nuclear-transcribed mRNA	biological_process	1	0.9210964607911173	1.0856626233707527	0.9210964607911173	39819	43230	0.9210964607911173	False
GO:0004530	deoxyribonuclease I activity	molecular_function	1	0.9210964607911173	1.0856626233707527	0.9210964607911173	39819	43230	0.9210964607911173	False
GO:0000339	RNA cap binding	molecular_function	1	0.9210964607911173	1.0856626233707527	0.9210964607911173	39819	43230	0.9210964607911173	False
GO:0000340	RNA 7-methylguanosine cap binding	molecular_function	1	0.9210964607911173	1.0856626233707527	0.9210964607911173	39819	43230	0.9210964607911173	False
GO:0034518	RNA cap binding complex	cellular_component	1	0.9210964607911173	1.0856626233707527	0.9210964607911173	39819	43230	0.9210964607911173	False
GO:0016281	eukaryotic translation initiation factor 4F complex	cellular_component	1	0.9210964607911173	1.0856626233707527	0.9210964607911173	39819	43230	0.9210964607911173	False
GO:0046337	phosphatidylethanolamine metabolic process	biological_process	1	0.9210964607911173	1.0856626233707527	0.9210964607911173	39819	43230	0.9210964607911173	False
GO:0006646	phosphatidylethanolamine biosynthetic process	biological_process	1	0.9210964607911173	1.0856626233707527	0.9210964607911173	39819	43230	0.9210964607911173	False
GO:0004609	phosphatidylserine decarboxylase activity	molecular_function	1	0.9210964607911173	1.0856626233707527	0.9210964607911173	39819	43230	0.9210964607911173	False
GO:1990050	phosphatidic acid transfer activity	molecular_function	1	0.9210964607911173	1.0856626233707527	0.9210964607911173	39819	43230	0.9210964607911173	False
GO:0070987	error-free translesion synthesis	biological_process	1	0.9210964607911173	1.0856626233707527	0.9210964607911173	39819	43230	0.9210964607911173	False
GO:0000245	spliceosomal complex assembly	biological_process	1	0.9210964607911173	1.0856626233707527	0.9210964607911173	39819	43230	0.9210964607911173	False
GO:0004596	protein-N-terminal amino-acid acetyltransferase activity	molecular_function	1	0.9210964607911173	1.0856626233707527	0.9210964607911173	39819	43230	0.9210964607911173	False
GO:0031414	N-terminal protein acetyltransferase complex	cellular_component	1	0.9210964607911173	1.0856626233707527	0.9210964607911173	39819	43230	0.9210964607911173	False
GO:0031416	NatB complex	cellular_component	1	0.9210964607911173	1.0856626233707527	0.9210964607911173	39819	43230	0.9210964607911173	False
GO:0070534	protein K63-linked ubiquitination	biological_process	1	0.9210964607911173	1.0856626233707527	0.9210964607911173	39819	43230	0.9210964607911173	False
GO:0071012	catalytic step 1 spliceosome	cellular_component	1	0.9210964607911173	1.0856626233707527	0.9210964607911173	39819	43230	0.9210964607911173	False
GO:0005684	U2-type spliceosomal complex	cellular_component	1	0.9210964607911173	1.0856626233707527	0.9210964607911173	39819	43230	0.9210964607911173	False
GO:0071006	U2-type catalytic step 1 spliceosome	cellular_component	1	0.9210964607911173	1.0856626233707527	0.9210964607911173	39819	43230	0.9210964607911173	False
GO:0000974	Prp19 complex	cellular_component	1	0.9210964607911173	1.0856626233707527	0.9210964607911173	39819	43230	0.9210964607911173	False
GO:0000417	HIR complex	cellular_component	1	0.9210964607911173	1.0856626233707527	0.9210964607911173	39819	43230	0.9210964607911173	False
GO:0008046	axon guidance receptor activity	molecular_function	1	0.9210964607911173	1.0856626233707527	0.9210964607911173	39819	43230	0.9210964607911173	False
GO:0044297	cell body	cellular_component	1	0.9210964607911173	1.0856626233707527	0.9210964607911173	39819	43230	0.9210964607911173	False
GO:0043025	neuronal cell body	cellular_component	1	0.9210964607911173	1.0856626233707527	0.9210964607911173	39819	43230	0.9210964607911173	False
GO:0032042	mitochondrial DNA metabolic process	biological_process	1	0.9210964607911173	1.0856626233707527	0.9210964607911173	39819	43230	0.9210964607911173	False
GO:0006264	mitochondrial DNA replication	biological_process	1	0.9210964607911173	1.0856626233707527	0.9210964607911173	39819	43230	0.9210964607911173	False
GO:0035251	UDP-glucosyltransferase activity	molecular_function	1	0.9210964607911173	1.0856626233707527	0.9210964607911173	39819	43230	0.9210964607911173	False
GO:0033840	alpha-1,4-glucan glucosyltransferase (NDP-glucose donor) activity	molecular_function	1	0.9210964607911173	1.0856626233707527	0.9210964607911173	39819	43230	0.9210964607911173	False
GO:0001405	PAM complex, Tim23 associated import motor	cellular_component	1	0.9210964607911173	1.0856626233707527	0.9210964607911173	39819	43230	0.9210964607911173	False
GO:0000922	spindle pole	cellular_component	1	0.9210964607911173	1.0856626233707527	0.9210964607911173	39819	43230	0.9210964607911173	False
GO:0000776	kinetochore	cellular_component	1	0.9210964607911173	1.0856626233707527	0.9210964607911173	39819	43230	0.9210964607911173	False
GO:0019914	cyclin-dependent protein kinase regulator activity	molecular_function	1	0.9210964607911173	1.0856626233707527	0.9210964607911173	39819	43230	0.9210964607911173	False
GO:0016538	cyclin-dependent protein serine/threonine kinase regulator activity	molecular_function	1	0.9210964607911173	1.0856626233707527	0.9210964607911173	39819	43230	0.9210964607911173	False
GO:0004373	alpha-1,4-glucan glucosyltransferase (UDP-glucose donor) activity	molecular_function	1	0.9210964607911173	1.0856626233707527	0.9210964607911173	39819	43230	0.9210964607911173	False
GO:0050848	regulation of calcium-mediated signaling	biological_process	1	0.9210964607911173	1.0856626233707527	0.9210964607911173	39819	43230	0.9210964607911173	False
GO:0048753	pigment granule organization	biological_process	1	0.9210964607911173	1.0856626233707527	0.9210964607911173	39819	43230	0.9210964607911173	False
GO:0032438	melanosome organization	biological_process	1	0.9210964607911173	1.0856626233707527	0.9210964607911173	39819	43230	0.9210964607911173	False
GO:0072545	L-tyrosine binding	molecular_function	1	0.9210964607911173	1.0856626233707527	0.9210964607911173	39819	43230	0.9210964607911173	False
GO:0035643	L-DOPA receptor activity	molecular_function	1	0.9210964607911173	1.0856626233707527	0.9210964607911173	39819	43230	0.9210964607911173	False
GO:0072544	L-DOPA binding	molecular_function	1	0.9210964607911173	1.0856626233707527	0.9210964607911173	39819	43230	0.9210964607911173	False
GO:1901338	catecholamine binding	molecular_function	1	0.9210964607911173	1.0856626233707527	0.9210964607911173	39819	43230	0.9210964607911173	False
GO:0035240	dopamine binding	molecular_function	1	0.9210964607911173	1.0856626233707527	0.9210964607911173	39819	43230	0.9210964607911173	False
GO:0042454	ribonucleoside catabolic process	biological_process	1	0.9210964607911173	1.0856626233707527	0.9210964607911173	39819	43230	0.9210964607911173	False
GO:0006152	purine nucleoside catabolic process	biological_process	1	0.9210964607911173	1.0856626233707527	0.9210964607911173	39819	43230	0.9210964607911173	False
GO:0034656	nucleobase-containing small molecule catabolic process	biological_process	1	0.9210964607911173	1.0856626233707527	0.9210964607911173	39819	43230	0.9210964607911173	False
GO:0046130	purine ribonucleoside catabolic process	biological_process	1	0.9210964607911173	1.0856626233707527	0.9210964607911173	39819	43230	0.9210964607911173	False
GO:0006154	adenosine catabolic process	biological_process	1	0.9210964607911173	1.0856626233707527	0.9210964607911173	39819	43230	0.9210964607911173	False
GO:0016814	hydrolase activity, acting on carbon-nitrogen (but not peptide) bonds, in cyclic amidines	molecular_function	1	0.9210964607911173	1.0856626233707527	0.9210964607911173	39819	43230	0.9210964607911173	False
GO:0019239	deaminase activity	molecular_function	1	0.9210964607911173	1.0856626233707527	0.9210964607911173	39819	43230	0.9210964607911173	False
GO:0004000	adenosine deaminase activity	molecular_function	1	0.9210964607911173	1.0856626233707527	0.9210964607911173	39819	43230	0.9210964607911173	False
GO:0003993	acid phosphatase activity	molecular_function	1	0.9210964607911173	1.0856626233707527	0.9210964607911173	39819	43230	0.9210964607911173	False
GO:0046129	purine ribonucleoside biosynthetic process	biological_process	1	0.9210964607911173	1.0856626233707527	0.9210964607911173	39819	43230	0.9210964607911173	False
GO:0042451	purine nucleoside biosynthetic process	biological_process	1	0.9210964607911173	1.0856626233707527	0.9210964607911173	39819	43230	0.9210964607911173	False
GO:0042455	ribonucleoside biosynthetic process	biological_process	1	0.9210964607911173	1.0856626233707527	0.9210964607911173	39819	43230	0.9210964607911173	False
GO:0046103	inosine biosynthetic process	biological_process	1	0.9210964607911173	1.0856626233707527	0.9210964607911173	39819	43230	0.9210964607911173	False
GO:0043094	metabolic compound salvage	biological_process	1	0.9210964607911173	1.0856626233707527	0.9210964607911173	39819	43230	0.9210964607911173	False
GO:0046101	hypoxanthine biosynthetic process	biological_process	1	0.9210964607911173	1.0856626233707527	0.9210964607911173	39819	43230	0.9210964607911173	False
GO:0043101	purine-containing compound salvage	biological_process	1	0.9210964607911173	1.0856626233707527	0.9210964607911173	39819	43230	0.9210964607911173	False
GO:0043096	purine nucleobase salvage	biological_process	1	0.9210964607911173	1.0856626233707527	0.9210964607911173	39819	43230	0.9210964607911173	False
GO:0046100	hypoxanthine metabolic process	biological_process	1	0.9210964607911173	1.0856626233707527	0.9210964607911173	39819	43230	0.9210964607911173	False
GO:0043103	hypoxanthine salvage	biological_process	1	0.9210964607911173	1.0856626233707527	0.9210964607911173	39819	43230	0.9210964607911173	False
GO:0009164	nucleoside catabolic process	biological_process	1	0.9210964607911173	1.0856626233707527	0.9210964607911173	39819	43230	0.9210964607911173	False
GO:0046085	adenosine metabolic process	biological_process	1	0.9210964607911173	1.0856626233707527	0.9210964607911173	39819	43230	0.9210964607911173	False
GO:0042219	modified amino acid catabolic process	biological_process	1	0.9210964607911173	1.0856626233707527	0.9210964607911173	39819	43230	0.9210964607911173	False
GO:0044273	sulfur compound catabolic process	biological_process	1	0.9210964607911173	1.0856626233707527	0.9210964607911173	39819	43230	0.9210964607911173	False
GO:0006751	glutathione catabolic process	biological_process	1	0.9210964607911173	1.0856626233707527	0.9210964607911173	39819	43230	0.9210964607911173	False
GO:0008242	omega peptidase activity	molecular_function	1	0.9210964607911173	1.0856626233707527	0.9210964607911173	39819	43230	0.9210964607911173	False
GO:0070003	threonine-type peptidase activity	molecular_function	1	0.9210964607911173	1.0856626233707527	0.9210964607911173	39819	43230	0.9210964607911173	False
GO:0036374	glutathione hydrolase activity	molecular_function	1	0.9210964607911173	1.0856626233707527	0.9210964607911173	39819	43230	0.9210964607911173	False
GO:0106083	nuclear membrane protein complex	cellular_component	1	0.9210964607911173	1.0856626233707527	0.9210964607911173	39819	43230	0.9210964607911173	False
GO:0106094	nuclear membrane microtubule tethering complex	cellular_component	1	0.9210964607911173	1.0856626233707527	0.9210964607911173	39819	43230	0.9210964607911173	False
GO:0034993	meiotic nuclear membrane microtubule tethering complex	cellular_component	1	0.9210964607911173	1.0856626233707527	0.9210964607911173	39819	43230	0.9210964607911173	False
GO:0017053	transcription repressor complex	cellular_component	1	0.9210964607911173	1.0856626233707527	0.9210964607911173	39819	43230	0.9210964607911173	False
GO:0031523	Myb complex	cellular_component	1	0.9210964607911173	1.0856626233707527	0.9210964607911173	39819	43230	0.9210964607911173	False
GO:0004030	aldehyde dehydrogenase [NAD(P)+] activity	molecular_function	1	0.9210964607911173	1.0856626233707527	0.9210964607911173	39819	43230	0.9210964607911173	False
GO:0004029	aldehyde dehydrogenase (NAD+) activity	molecular_function	1	0.9210964607911173	1.0856626233707527	0.9210964607911173	39819	43230	0.9210964607911173	False
GO:0004060	arylamine N-acetyltransferase activity	molecular_function	1	0.9210964607911173	1.0856626233707527	0.9210964607911173	39819	43230	0.9210964607911173	False
GO:0045744	negative regulation of G protein-coupled receptor signaling pathway	biological_process	1	0.9210964607911173	1.0856626233707527	0.9210964607911173	39819	43230	0.9210964607911173	False
GO:0060167	regulation of adenosine receptor signaling pathway	biological_process	1	0.9210964607911173	1.0856626233707527	0.9210964607911173	39819	43230	0.9210964607911173	False
GO:0060169	negative regulation of adenosine receptor signaling pathway	biological_process	1	0.9210964607911173	1.0856626233707527	0.9210964607911173	39819	43230	0.9210964607911173	False
GO:0009163	nucleoside biosynthetic process	biological_process	1	0.9210964607911173	1.0856626233707527	0.9210964607911173	39819	43230	0.9210964607911173	False
GO:0034404	nucleobase-containing small molecule biosynthetic process	biological_process	1	0.9210964607911173	1.0856626233707527	0.9210964607911173	39819	43230	0.9210964607911173	False
GO:0046102	inosine metabolic process	biological_process	1	0.9210964607911173	1.0856626233707527	0.9210964607911173	39819	43230	0.9210964607911173	False
GO:0016884	carbon-nitrogen ligase activity, with glutamine as amido-N-donor	molecular_function	1	0.9210964607911173	1.0856626233707527	0.9210964607911173	39819	43230	0.9210964607911173	False
GO:0004642	phosphoribosylformylglycinamidine synthase activity	molecular_function	1	0.9210964607911173	1.0856626233707527	0.9210964607911173	39819	43230	0.9210964607911173	False
GO:0015928	fucosidase activity	molecular_function	1	0.9210964607911173	1.0856626233707527	0.9210964607911173	39819	43230	0.9210964607911173	False
GO:0004560	alpha-L-fucosidase activity	molecular_function	1	0.9210964607911173	1.0856626233707527	0.9210964607911173	39819	43230	0.9210964607911173	False
GO:0006422	aspartyl-tRNA aminoacylation	biological_process	1	0.9210964607911173	1.0856626233707527	0.9210964607911173	39819	43230	0.9210964607911173	False
GO:0004815	aspartate-tRNA ligase activity	molecular_function	1	0.9210964607911173	1.0856626233707527	0.9210964607911173	39819	43230	0.9210964607911173	False
GO:1901700	response to oxygen-containing compound	biological_process	1	0.9210964607911173	1.0856626233707527	0.9210964607911173	39819	43230	0.9210964607911173	False
GO:0000302	response to reactive oxygen species	biological_process	1	0.9210964607911173	1.0856626233707527	0.9210964607911173	39819	43230	0.9210964607911173	False
GO:0042542	response to hydrogen peroxide	biological_process	1	0.9210964607911173	1.0856626233707527	0.9210964607911173	39819	43230	0.9210964607911173	False
GO:0042743	hydrogen peroxide metabolic process	biological_process	1	0.9210964607911173	1.0856626233707527	0.9210964607911173	39819	43230	0.9210964607911173	False
GO:0042744	hydrogen peroxide catabolic process	biological_process	1	0.9210964607911173	1.0856626233707527	0.9210964607911173	39819	43230	0.9210964607911173	False
GO:0004096	catalase activity	molecular_function	1	0.9210964607911173	1.0856626233707527	0.9210964607911173	39819	43230	0.9210964607911173	False
GO:0071933	Arp2/3 complex binding	molecular_function	1	0.9210964607911173	1.0856626233707527	0.9210964607911173	39819	43230	0.9210964607911173	False
GO:0043291	RAVE complex	cellular_component	1	0.9210964607911173	1.0856626233707527	0.9210964607911173	39819	43230	0.9210964607911173	False
GO:0004629	phospholipase C activity	molecular_function	1	0.9210964607911173	1.0856626233707527	0.9210964607911173	39819	43230	0.9210964607911173	False
GO:0004435	phosphatidylinositol-4,5-bisphosphate phospholipase C activity	molecular_function	1	0.9210964607911173	1.0856626233707527	0.9210964607911173	39819	43230	0.9210964607911173	False
GO:0047390	glycerophosphocholine cholinephosphodiesterase activity	molecular_function	1	0.9210964607911173	1.0856626233707527	0.9210964607911173	39819	43230	0.9210964607911173	False
GO:1990709	presynaptic active zone organization	biological_process	1	0.9210964607911173	1.0856626233707527	0.9210964607911173	39819	43230	0.9210964607911173	False
GO:1904071	presynaptic active zone assembly	biological_process	1	0.9210964607911173	1.0856626233707527	0.9210964607911173	39819	43230	0.9210964607911173	False
GO:0098918	structural constituent of synapse	molecular_function	1	0.9210964607911173	1.0856626233707527	0.9210964607911173	39819	43230	0.9210964607911173	False
GO:0140949	histone H3K9 trimethyltransferase activity	molecular_function	1	0.9210964607911173	1.0856626233707527	0.9210964607911173	39819	43230	0.9210964607911173	False
GO:0098687	chromosomal region	cellular_component	1	0.9210964607911173	1.0856626233707527	0.9210964607911173	39819	43230	0.9210964607911173	False
GO:0000775	chromosome, centromeric region	cellular_component	1	0.9210964607911173	1.0856626233707527	0.9210964607911173	39819	43230	0.9210964607911173	False
GO:0008241	peptidyl-dipeptidase activity	molecular_function	1	0.9210964607911173	1.0856626233707527	0.9210964607911173	39819	43230	0.9210964607911173	False
GO:0007064	mitotic sister chromatid cohesion	biological_process	1	0.9210964607911173	1.0856626233707527	0.9210964607911173	39819	43230	0.9210964607911173	False
GO:0016137	glycoside metabolic process	biological_process	1	0.9210964607911173	1.0856626233707527	0.9210964607911173	39819	43230	0.9210964607911173	False
GO:0016139	glycoside catabolic process	biological_process	1	0.9210964607911173	1.0856626233707527	0.9210964607911173	39819	43230	0.9210964607911173	False
GO:0006004	fucose metabolic process	biological_process	1	0.9210964607911173	1.0856626233707527	0.9210964607911173	39819	43230	0.9210964607911173	False
GO:0098882	structural constituent of presynaptic active zone	molecular_function	1	0.9210964607911173	1.0856626233707527	0.9210964607911173	39819	43230	0.9210964607911173	False
GO:0098978	glutamatergic synapse	cellular_component	1	0.9210964607911173	1.0856626233707527	0.9210964607911173	39819	43230	0.9210964607911173	False
GO:0098982	GABA-ergic synapse	cellular_component	1	0.9210964607911173	1.0856626233707527	0.9210964607911173	39819	43230	0.9210964607911173	False
GO:0099569	presynaptic cytoskeleton	cellular_component	1	0.9210964607911173	1.0856626233707527	0.9210964607911173	39819	43230	0.9210964607911173	False
GO:0030863	cortical cytoskeleton	cellular_component	1	0.9210964607911173	1.0856626233707527	0.9210964607911173	39819	43230	0.9210964607911173	False
GO:0048788	cytoskeleton of presynaptic active zone	cellular_component	1	0.9210964607911173	1.0856626233707527	0.9210964607911173	39819	43230	0.9210964607911173	False
GO:0046624	sphingolipid transporter activity	molecular_function	1	0.9210964607911173	1.0856626233707527	0.9210964607911173	39819	43230	0.9210964607911173	False
GO:0031122	cytoplasmic microtubule organization	biological_process	1	0.9210964607911173	1.0856626233707527	0.9210964607911173	39819	43230	0.9210964607911173	False
GO:0051010	microtubule plus-end binding	molecular_function	1	0.9210964607911173	1.0856626233707527	0.9210964607911173	39819	43230	0.9210964607911173	False
GO:0030276	clathrin binding	molecular_function	1	0.9210964607911173	1.0856626233707527	0.9210964607911173	39819	43230	0.9210964607911173	False
GO:0032051	clathrin light chain binding	molecular_function	1	0.9210964607911173	1.0856626233707527	0.9210964607911173	39819	43230	0.9210964607911173	False
GO:0071439	clathrin complex	cellular_component	1	0.9210964607911173	1.0856626233707527	0.9210964607911173	39819	43230	0.9210964607911173	False
GO:0030132	clathrin coat of coated pit	cellular_component	1	0.9210964607911173	1.0856626233707527	0.9210964607911173	39819	43230	0.9210964607911173	False
GO:0042255	ribosome assembly	biological_process	1	0.9210964607911173	1.0856626233707527	0.9210964607911173	39819	43230	0.9210964607911173	False
GO:0042256	cytosolic ribosome assembly	biological_process	1	0.9210964607911173	1.0856626233707527	0.9210964607911173	39819	43230	0.9210964607911173	False
GO:0120017	ceramide transfer activity	molecular_function	1	0.9210964607911173	1.0856626233707527	0.9210964607911173	39819	43230	0.9210964607911173	False
GO:0120016	sphingolipid transfer activity	molecular_function	1	0.9210964607911173	1.0856626233707527	0.9210964607911173	39819	43230	0.9210964607911173	False
GO:1902388	ceramide 1-phosphate transfer activity	molecular_function	1	0.9210964607911173	1.0856626233707527	0.9210964607911173	39819	43230	0.9210964607911173	False
GO:0097001	ceramide binding	molecular_function	1	0.9210964607911173	1.0856626233707527	0.9210964607911173	39819	43230	0.9210964607911173	False
GO:0046625	sphingolipid binding	molecular_function	1	0.9210964607911173	1.0856626233707527	0.9210964607911173	39819	43230	0.9210964607911173	False
GO:1902387	ceramide 1-phosphate binding	molecular_function	1	0.9210964607911173	1.0856626233707527	0.9210964607911173	39819	43230	0.9210964607911173	False
GO:0009312	oligosaccharide biosynthetic process	biological_process	1	0.9210964607911173	1.0856626233707527	0.9210964607911173	39819	43230	0.9210964607911173	False
GO:0004583	dolichyl-phosphate-glucose-glycolipid alpha-glucosyltransferase activity	molecular_function	1	0.9210964607911173	1.0856626233707527	0.9210964607911173	39819	43230	0.9210964607911173	False
GO:0106073	dolichyl pyrophosphate Glc2Man9GlcNAc2 alpha-1,2-glucosyltransferase activity	molecular_function	1	0.9210964607911173	1.0856626233707527	0.9210964607911173	39819	43230	0.9210964607911173	False
GO:0180064	protein O-linked glycosylation via xylose	biological_process	1	0.9210964607911173	1.0856626233707527	0.9210964607911173	39819	43230	0.9210964607911173	False
GO:0050654	chondroitin sulfate proteoglycan metabolic process	biological_process	1	0.9210964607911173	1.0856626233707527	0.9210964607911173	39819	43230	0.9210964607911173	False
GO:0050650	chondroitin sulfate proteoglycan biosynthetic process	biological_process	1	0.9210964607911173	1.0856626233707527	0.9210964607911173	39819	43230	0.9210964607911173	False
GO:0015018	galactosylgalactosylxylosylprotein 3-beta-glucuronosyltransferase activity	molecular_function	1	0.9210964607911173	1.0856626233707527	0.9210964607911173	39819	43230	0.9210964607911173	False
GO:0004679	AMP-activated protein kinase activity	molecular_function	1	0.9210964607911173	1.0856626233707527	0.9210964607911173	39819	43230	0.9210964607911173	False
GO:0008455	alpha-1,6-mannosylglycoprotein 2-beta-N-acetylglucosaminyltransferase activity	molecular_function	1	0.9210964607911173	1.0856626233707527	0.9210964607911173	39819	43230	0.9210964607911173	False
GO:0006801	superoxide metabolic process	biological_process	1	0.9210964607911173	1.0856626233707527	0.9210964607911173	39819	43230	0.9210964607911173	False
GO:0008016	regulation of heart contraction	biological_process	1	0.9210964607911173	1.0856626233707527	0.9210964607911173	39819	43230	0.9210964607911173	False
GO:1903524	positive regulation of blood circulation	biological_process	1	0.9210964607911173	1.0856626233707527	0.9210964607911173	39819	43230	0.9210964607911173	False
GO:1903522	regulation of blood circulation	biological_process	1	0.9210964607911173	1.0856626233707527	0.9210964607911173	39819	43230	0.9210964607911173	False
GO:0045823	positive regulation of heart contraction	biological_process	1	0.9210964607911173	1.0856626233707527	0.9210964607911173	39819	43230	0.9210964607911173	False
GO:0071855	neuropeptide receptor binding	molecular_function	1	0.9210964607911173	1.0856626233707527	0.9210964607911173	39819	43230	0.9210964607911173	False
GO:0071858	corazonin receptor binding	molecular_function	1	0.9210964607911173	1.0856626233707527	0.9210964607911173	39819	43230	0.9210964607911173	False
GO:0006620	post-translational protein targeting to endoplasmic reticulum membrane	biological_process	1	0.9210964607911173	1.0856626233707527	0.9210964607911173	39819	43230	0.9210964607911173	False
GO:0072379	ER membrane insertion complex	cellular_component	1	0.9210964607911173	1.0856626233707527	0.9210964607911173	39819	43230	0.9210964607911173	False
GO:0072380	TRC complex	cellular_component	1	0.9210964607911173	1.0856626233707527	0.9210964607911173	39819	43230	0.9210964607911173	False
GO:0006672	ceramide metabolic process	biological_process	1	0.9210964607911173	1.0856626233707527	0.9210964607911173	39819	43230	0.9210964607911173	False
GO:0046513	ceramide biosynthetic process	biological_process	1	0.9210964607911173	1.0856626233707527	0.9210964607911173	39819	43230	0.9210964607911173	False
GO:0016454	C-palmitoyltransferase activity	molecular_function	1	0.9210964607911173	1.0856626233707527	0.9210964607911173	39819	43230	0.9210964607911173	False
GO:0004758	serine C-palmitoyltransferase activity	molecular_function	1	0.9210964607911173	1.0856626233707527	0.9210964607911173	39819	43230	0.9210964607911173	False
GO:0003714	transcription corepressor activity	molecular_function	1	0.9210964607911173	1.0856626233707527	0.9210964607911173	39819	43230	0.9210964607911173	False
GO:0070822	Sin3-type complex	cellular_component	1	0.9210964607911173	1.0856626233707527	0.9210964607911173	39819	43230	0.9210964607911173	False
GO:0004239	initiator methionyl aminopeptidase activity	molecular_function	1	0.9210964607911173	1.0856626233707527	0.9210964607911173	39819	43230	0.9210964607911173	False
GO:0046415	urate metabolic process	biological_process	1	0.9210964607911173	1.0856626233707527	0.9210964607911173	39819	43230	0.9210964607911173	False
GO:0019628	urate catabolic process	biological_process	1	0.9210964607911173	1.0856626233707527	0.9210964607911173	39819	43230	0.9210964607911173	False
GO:0000255	allantoin metabolic process	biological_process	1	0.9210964607911173	1.0856626233707527	0.9210964607911173	39819	43230	0.9210964607911173	False
GO:0051997	2-oxo-4-hydroxy-4-carboxy-5-ureidoimidazoline decarboxylase activity	molecular_function	1	0.9210964607911173	1.0856626233707527	0.9210964607911173	39819	43230	0.9210964607911173	False
GO:0009798	axis specification	biological_process	1	0.9210964607911173	1.0856626233707527	0.9210964607911173	39819	43230	0.9210964607911173	False
GO:0009948	anterior/posterior axis specification	biological_process	1	0.9210964607911173	1.0856626233707527	0.9210964607911173	39819	43230	0.9210964607911173	False
GO:0098754	detoxification	biological_process	1	0.9210964607911173	1.0856626233707527	0.9210964607911173	39819	43230	0.9210964607911173	False
GO:0061687	detoxification of inorganic compound	biological_process	1	0.9210964607911173	1.0856626233707527	0.9210964607911173	39819	43230	0.9210964607911173	False
GO:0007517	muscle organ development	biological_process	1	0.9210964607911173	1.0856626233707527	0.9210964607911173	39819	43230	0.9210964607911173	False
GO:0046847	filopodium assembly	biological_process	1	0.9210964607911173	1.0856626233707527	0.9210964607911173	39819	43230	0.9210964607911173	False
GO:1990923	PET complex	cellular_component	1	0.9210964607911173	1.0856626233707527	0.9210964607911173	39819	43230	0.9210964607911173	False
GO:0051879	Hsp90 protein binding	molecular_function	1	0.9210964607911173	1.0856626233707527	0.9210964607911173	39819	43230	0.9210964607911173	False
GO:0008171	O-methyltransferase activity	molecular_function	1	0.9210964607911173	1.0856626233707527	0.9210964607911173	39819	43230	0.9210964607911173	False
GO:0062105	RNA 2'-O-methyltransferase activity	molecular_function	1	0.9210964607911173	1.0856626233707527	0.9210964607911173	39819	43230	0.9210964607911173	False
GO:0106050	tRNA 2'-O-methyltransferase activity	molecular_function	1	0.9210964607911173	1.0856626233707527	0.9210964607911173	39819	43230	0.9210964607911173	False
GO:0015378	sodium:chloride symporter activity	molecular_function	1	0.9210964607911173	1.0856626233707527	0.9210964607911173	39819	43230	0.9210964607911173	False
GO:0015377	chloride:monoatomic cation symporter activity	molecular_function	1	0.9210964607911173	1.0856626233707527	0.9210964607911173	39819	43230	0.9210964607911173	False
GO:0005335	serotonin:sodium:chloride symporter activity	molecular_function	1	0.9210964607911173	1.0856626233707527	0.9210964607911173	39819	43230	0.9210964607911173	False
GO:0043176	amine binding	molecular_function	1	0.9210964607911173	1.0856626233707527	0.9210964607911173	39819	43230	0.9210964607911173	False
GO:0051378	serotonin binding	molecular_function	1	0.9210964607911173	1.0856626233707527	0.9210964607911173	39819	43230	0.9210964607911173	False
GO:0006081	aldehyde metabolic process	biological_process	1	0.9210964607911173	1.0856626233707527	0.9210964607911173	39819	43230	0.9210964607911173	False
GO:0019682	glyceraldehyde-3-phosphate metabolic process	biological_process	1	0.9210964607911173	1.0856626233707527	0.9210964607911173	39819	43230	0.9210964607911173	False
GO:0009052	pentose-phosphate shunt, non-oxidative branch	biological_process	1	0.9210964607911173	1.0856626233707527	0.9210964607911173	39819	43230	0.9210964607911173	False
GO:0016744	transketolase or transaldolase activity	molecular_function	1	0.9210964607911173	1.0856626233707527	0.9210964607911173	39819	43230	0.9210964607911173	False
GO:0004801	transaldolase activity	molecular_function	1	0.9210964607911173	1.0856626233707527	0.9210964607911173	39819	43230	0.9210964607911173	False
GO:2001233	regulation of apoptotic signaling pathway	biological_process	1	0.9210964607911173	1.0856626233707527	0.9210964607911173	39819	43230	0.9210964607911173	False
GO:2001235	positive regulation of apoptotic signaling pathway	biological_process	1	0.9210964607911173	1.0856626233707527	0.9210964607911173	39819	43230	0.9210964607911173	False
GO:0022627	cytosolic small ribosomal subunit	cellular_component	1	0.9210964607911173	1.0856626233707527	0.9210964607911173	39819	43230	0.9210964607911173	False
GO:0045661	regulation of myoblast differentiation	biological_process	1	0.9210964607911173	1.0856626233707527	0.9210964607911173	39819	43230	0.9210964607911173	False
GO:0045663	positive regulation of myoblast differentiation	biological_process	1	0.9210964607911173	1.0856626233707527	0.9210964607911173	39819	43230	0.9210964607911173	False
GO:0010312	detoxification of zinc ion	biological_process	1	0.9210964607911173	1.0856626233707527	0.9210964607911173	39819	43230	0.9210964607911173	False
GO:0015054	gastrin receptor activity	molecular_function	1	0.9210964607911173	1.0856626233707527	0.9210964607911173	39819	43230	0.9210964607911173	False
GO:1901610	positive regulation of vesicle transport along microtubule	biological_process	1	0.9210964607911173	1.0856626233707527	0.9210964607911173	39819	43230	0.9210964607911173	False
GO:1903742	regulation of anterograde synaptic vesicle transport	biological_process	1	0.9210964607911173	1.0856626233707527	0.9210964607911173	39819	43230	0.9210964607911173	False
GO:1902805	positive regulation of synaptic vesicle transport	biological_process	1	0.9210964607911173	1.0856626233707527	0.9210964607911173	39819	43230	0.9210964607911173	False
GO:0032388	positive regulation of intracellular transport	biological_process	1	0.9210964607911173	1.0856626233707527	0.9210964607911173	39819	43230	0.9210964607911173	False
GO:0060632	regulation of microtubule-based movement	biological_process	1	0.9210964607911173	1.0856626233707527	0.9210964607911173	39819	43230	0.9210964607911173	False
GO:1902803	regulation of synaptic vesicle transport	biological_process	1	0.9210964607911173	1.0856626233707527	0.9210964607911173	39819	43230	0.9210964607911173	False
GO:1901608	regulation of vesicle transport along microtubule	biological_process	1	0.9210964607911173	1.0856626233707527	0.9210964607911173	39819	43230	0.9210964607911173	False
GO:1902513	regulation of organelle transport along microtubule	biological_process	1	0.9210964607911173	1.0856626233707527	0.9210964607911173	39819	43230	0.9210964607911173	False
GO:1903744	positive regulation of anterograde synaptic vesicle transport	biological_process	1	0.9210964607911173	1.0856626233707527	0.9210964607911173	39819	43230	0.9210964607911173	False
GO:0072384	organelle transport along microtubule	biological_process	1	0.9210964607911173	1.0856626233707527	0.9210964607911173	39819	43230	0.9210964607911173	False
GO:1990849	vacuolar localization	biological_process	1	0.9210964607911173	1.0856626233707527	0.9210964607911173	39819	43230	0.9210964607911173	False
GO:0032418	lysosome localization	biological_process	1	0.9210964607911173	1.0856626233707527	0.9210964607911173	39819	43230	0.9210964607911173	False
GO:0042800	histone H3K4 methyltransferase activity	molecular_function	1	0.9210964607911173	1.0856626233707527	0.9210964607911173	39819	43230	0.9210964607911173	False
GO:0006104	succinyl-CoA metabolic process	biological_process	1	0.9210964607911173	1.0856626233707527	0.9210964607911173	39819	43230	0.9210964607911173	False
GO:0004774	succinate-CoA ligase activity	molecular_function	1	0.9210964607911173	1.0856626233707527	0.9210964607911173	39819	43230	0.9210964607911173	False
GO:0004776	succinate-CoA ligase (GDP-forming) activity	molecular_function	1	0.9210964607911173	1.0856626233707527	0.9210964607911173	39819	43230	0.9210964607911173	False
GO:0045239	tricarboxylic acid cycle heteromeric enzyme complex	cellular_component	1	0.9210964607911173	1.0856626233707527	0.9210964607911173	39819	43230	0.9210964607911173	False
GO:0042709	succinate-CoA ligase complex	cellular_component	1	0.9210964607911173	1.0856626233707527	0.9210964607911173	39819	43230	0.9210964607911173	False
GO:0008504	monoamine transmembrane transporter activity	molecular_function	1	0.9210964607911173	1.0856626233707527	0.9210964607911173	39819	43230	0.9210964607911173	False
GO:0015373	monoatomic anion:sodium symporter activity	molecular_function	1	0.9210964607911173	1.0856626233707527	0.9210964607911173	39819	43230	0.9210964607911173	False
GO:0015296	monoatomic anion:monoatomic cation symporter activity	molecular_function	1	0.9210964607911173	1.0856626233707527	0.9210964607911173	39819	43230	0.9210964607911173	False
GO:0004833	tryptophan 2,3-dioxygenase activity	molecular_function	1	0.9210964607911173	1.0856626233707527	0.9210964607911173	39819	43230	0.9210964607911173	False
GO:0031297	replication fork processing	biological_process	1	0.9210964607911173	1.0856626233707527	0.9210964607911173	39819	43230	0.9210964607911173	False
GO:0045005	DNA-templated DNA replication maintenance of fidelity	biological_process	1	0.9210964607911173	1.0856626233707527	0.9210964607911173	39819	43230	0.9210964607911173	False
GO:0071932	replication fork reversal	biological_process	1	0.9210964607911173	1.0856626233707527	0.9210964607911173	39819	43230	0.9210964607911173	False
GO:0033567	DNA replication, Okazaki fragment processing	biological_process	1	0.9210964607911173	1.0856626233707527	0.9210964607911173	39819	43230	0.9210964607911173	False
GO:0017116	single-stranded DNA helicase activity	molecular_function	1	0.9210964607911173	1.0856626233707527	0.9210964607911173	39819	43230	0.9210964607911173	False
GO:0048256	flap endonuclease activity	molecular_function	1	0.9210964607911173	1.0856626233707527	0.9210964607911173	39819	43230	0.9210964607911173	False
GO:0017108	5'-flap endonuclease activity	molecular_function	1	0.9210964607911173	1.0856626233707527	0.9210964607911173	39819	43230	0.9210964607911173	False
GO:0006275	regulation of DNA replication	biological_process	1	0.9210964607911173	1.0856626233707527	0.9210964607911173	39819	43230	0.9210964607911173	False
GO:0051053	negative regulation of DNA metabolic process	biological_process	1	0.9210964607911173	1.0856626233707527	0.9210964607911173	39819	43230	0.9210964607911173	False
GO:0008156	negative regulation of DNA replication	biological_process	1	0.9210964607911173	1.0856626233707527	0.9210964607911173	39819	43230	0.9210964607911173	False
GO:0042923	neuropeptide binding	molecular_function	1	0.9210964607911173	1.0856626233707527	0.9210964607911173	39819	43230	0.9210964607911173	False
GO:0032008	positive regulation of TOR signaling	biological_process	1	0.9210964607911173	1.0856626233707527	0.9210964607911173	39819	43230	0.9210964607911173	False
GO:0006900	vesicle budding from membrane	biological_process	1	0.9210964607911173	1.0856626233707527	0.9210964607911173	39819	43230	0.9210964607911173	False
GO:0090114	COPII-coated vesicle budding	biological_process	1	0.9210964607911173	1.0856626233707527	0.9210964607911173	39819	43230	0.9210964607911173	False
GO:0031080	nuclear pore outer ring	cellular_component	1	0.9210964607911173	1.0856626233707527	0.9210964607911173	39819	43230	0.9210964607911173	False
GO:0030127	COPII vesicle coat	cellular_component	1	0.9210964607911173	1.0856626233707527	0.9210964607911173	39819	43230	0.9210964607911173	False
GO:0004995	tachykinin receptor activity	molecular_function	1	0.9210964607911173	1.0856626233707527	0.9210964607911173	39819	43230	0.9210964607911173	False
GO:0019441	L-tryptophan catabolic process to kynurenine	biological_process	1	0.9210964607911173	1.0856626233707527	0.9210964607911173	39819	43230	0.9210964607911173	False
GO:0043605	amide catabolic process	biological_process	1	0.9210964607911173	1.0856626233707527	0.9210964607911173	39819	43230	0.9210964607911173	False
GO:0019442	L-tryptophan catabolic process to acetyl-CoA	biological_process	1	0.9210964607911173	1.0856626233707527	0.9210964607911173	39819	43230	0.9210964607911173	False
GO:0098574	cytoplasmic side of lysosomal membrane	cellular_component	1	0.9210964607911173	1.0856626233707527	0.9210964607911173	39819	43230	0.9210964607911173	False
GO:0099078	BORC complex	cellular_component	1	0.9210964607911173	1.0856626233707527	0.9210964607911173	39819	43230	0.9210964607911173	False
GO:0071013	catalytic step 2 spliceosome	cellular_component	1	0.9210964607911173	1.0856626233707527	0.9210964607911173	39819	43230	0.9210964607911173	False
GO:0006842	tricarboxylic acid transport	biological_process	1	0.9210964607911173	1.0856626233707527	0.9210964607911173	39819	43230	0.9210964607911173	False
GO:0035674	tricarboxylic acid transmembrane transport	biological_process	1	0.9210964607911173	1.0856626233707527	0.9210964607911173	39819	43230	0.9210964607911173	False
GO:1990546	mitochondrial tricarboxylic acid transmembrane transport	biological_process	1	0.9210964607911173	1.0856626233707527	0.9210964607911173	39819	43230	0.9210964607911173	False
GO:0015746	citrate transport	biological_process	1	0.9210964607911173	1.0856626233707527	0.9210964607911173	39819	43230	0.9210964607911173	False
GO:0006843	mitochondrial citrate transmembrane transport	biological_process	1	0.9210964607911173	1.0856626233707527	0.9210964607911173	39819	43230	0.9210964607911173	False
GO:0005371	tricarboxylate secondary active transmembrane transporter activity	molecular_function	1	0.9210964607911173	1.0856626233707527	0.9210964607911173	39819	43230	0.9210964607911173	False
GO:0015142	tricarboxylic acid transmembrane transporter activity	molecular_function	1	0.9210964607911173	1.0856626233707527	0.9210964607911173	39819	43230	0.9210964607911173	False
GO:0015137	citrate transmembrane transporter activity	molecular_function	1	0.9210964607911173	1.0856626233707527	0.9210964607911173	39819	43230	0.9210964607911173	False
GO:0071913	citrate secondary active transmembrane transporter activity	molecular_function	1	0.9210964607911173	1.0856626233707527	0.9210964607911173	39819	43230	0.9210964607911173	False
GO:0000225	N-acetylglucosaminylphosphatidylinositol deacetylase activity	molecular_function	1	0.9210964607911173	1.0856626233707527	0.9210964607911173	39819	43230	0.9210964607911173	False
GO:0070482	response to oxygen levels	biological_process	1	0.9210964607911173	1.0856626233707527	0.9210964607911173	39819	43230	0.9210964607911173	False
GO:0019934	cGMP-mediated signaling	biological_process	1	0.9210964607911173	1.0856626233707527	0.9210964607911173	39819	43230	0.9210964607911173	False
GO:0008074	guanylate cyclase complex, soluble	cellular_component	1	0.9210964607911173	1.0856626233707527	0.9210964607911173	39819	43230	0.9210964607911173	False
GO:0050954	sensory perception of mechanical stimulus	biological_process	1	0.9210964607911173	1.0856626233707527	0.9210964607911173	39819	43230	0.9210964607911173	False
GO:0032040	small-subunit processome	cellular_component	1	0.9210964607911173	1.0856626233707527	0.9210964607911173	39819	43230	0.9210964607911173	False
GO:0007007	inner mitochondrial membrane organization	biological_process	1	0.9210964607911173	1.0856626233707527	0.9210964607911173	39819	43230	0.9210964607911173	False
GO:0045039	protein insertion into mitochondrial inner membrane	biological_process	1	0.9210964607911173	1.0856626233707527	0.9210964607911173	39819	43230	0.9210964607911173	False
GO:0022884	macromolecule transmembrane transporter activity	molecular_function	1	0.9210964607911173	1.0856626233707527	0.9210964607911173	39819	43230	0.9210964607911173	False
GO:0140318	protein transporter activity	molecular_function	1	0.9210964607911173	1.0856626233707527	0.9210964607911173	39819	43230	0.9210964607911173	False
GO:0008320	protein transmembrane transporter activity	molecular_function	1	0.9210964607911173	1.0856626233707527	0.9210964607911173	39819	43230	0.9210964607911173	False
GO:0005048	signal sequence binding	molecular_function	1	0.9210964607911173	1.0856626233707527	0.9210964607911173	39819	43230	0.9210964607911173	False
GO:0030943	mitochondrion targeting sequence binding	molecular_function	1	0.9210964607911173	1.0856626233707527	0.9210964607911173	39819	43230	0.9210964607911173	False
GO:0042721	TIM22 mitochondrial import inner membrane insertion complex	cellular_component	1	0.9210964607911173	1.0856626233707527	0.9210964607911173	39819	43230	0.9210964607911173	False
GO:0032527	protein exit from endoplasmic reticulum	biological_process	1	0.9210964607911173	1.0856626233707527	0.9210964607911173	39819	43230	0.9210964607911173	False
GO:0007605	sensory perception of sound	biological_process	1	0.9210964607911173	1.0856626233707527	0.9210964607911173	39819	43230	0.9210964607911173	False
GO:0006901	vesicle coating	biological_process	1	0.9210964607911173	1.0856626233707527	0.9210964607911173	39819	43230	0.9210964607911173	False
GO:0048200	Golgi transport vesicle coating	biological_process	1	0.9210964607911173	1.0856626233707527	0.9210964607911173	39819	43230	0.9210964607911173	False
GO:0048205	COPI coating of Golgi vesicle	biological_process	1	0.9210964607911173	1.0856626233707527	0.9210964607911173	39819	43230	0.9210964607911173	False
GO:0006891	intra-Golgi vesicle-mediated transport	biological_process	1	0.9210964607911173	1.0856626233707527	0.9210964607911173	39819	43230	0.9210964607911173	False
GO:0048219	inter-Golgi cisterna vesicle-mediated transport	biological_process	1	0.9210964607911173	1.0856626233707527	0.9210964607911173	39819	43230	0.9210964607911173	False
GO:0030111	regulation of Wnt signaling pathway	biological_process	1	0.9210964607911173	1.0856626233707527	0.9210964607911173	39819	43230	0.9210964607911173	False
GO:0030177	positive regulation of Wnt signaling pathway	biological_process	1	0.9210964607911173	1.0856626233707527	0.9210964607911173	39819	43230	0.9210964607911173	False
GO:0140030	modification-dependent protein binding	molecular_function	1	0.9210964607911173	1.0856626233707527	0.9210964607911173	39819	43230	0.9210964607911173	False
GO:0031593	polyubiquitin modification-dependent protein binding	molecular_function	1	0.9210964607911173	1.0856626233707527	0.9210964607911173	39819	43230	0.9210964607911173	False
GO:0070530	K63-linked polyubiquitin modification-dependent protein binding	molecular_function	1	0.9210964607911173	1.0856626233707527	0.9210964607911173	39819	43230	0.9210964607911173	False
GO:0170036	import into the mitochondrion	biological_process	1	0.9210964607911173	1.0856626233707527	0.9210964607911173	39819	43230	0.9210964607911173	False
GO:0032329	serine transport	biological_process	1	0.9210964607911173	1.0856626233707527	0.9210964607911173	39819	43230	0.9210964607911173	False
GO:0015804	neutral amino acid transport	biological_process	1	0.9210964607911173	1.0856626233707527	0.9210964607911173	39819	43230	0.9210964607911173	False
GO:0140300	serine import into mitochondrion	biological_process	1	0.9210964607911173	1.0856626233707527	0.9210964607911173	39819	43230	0.9210964607911173	False
GO:0004587	ornithine aminotransferase activity	molecular_function	1	0.9210964607911173	1.0856626233707527	0.9210964607911173	39819	43230	0.9210964607911173	False
GO:0042802	identical protein binding	molecular_function	1	0.9210964607911173	1.0856626233707527	0.9210964607911173	39819	43230	0.9210964607911173	False
GO:0097020	COPII receptor activity	molecular_function	1	0.9210964607911173	1.0856626233707527	0.9210964607911173	39819	43230	0.9210964607911173	False
GO:0030134	COPII-coated ER to Golgi transport vesicle	cellular_component	1	0.9210964607911173	1.0856626233707527	0.9210964607911173	39819	43230	0.9210964607911173	False
GO:0099022	vesicle tethering	biological_process	1	0.9210964607911173	1.0856626233707527	0.9210964607911173	39819	43230	0.9210964607911173	False
GO:0140029	exocytic process	biological_process	1	0.9210964607911173	1.0856626233707527	0.9210964607911173	39819	43230	0.9210964607911173	False
GO:0090522	vesicle tethering involved in exocytosis	biological_process	1	0.9210964607911173	1.0856626233707527	0.9210964607911173	39819	43230	0.9210964607911173	False
GO:0006892	post-Golgi vesicle-mediated transport	biological_process	1	0.9210964607911173	1.0856626233707527	0.9210964607911173	39819	43230	0.9210964607911173	False
GO:0006893	Golgi to plasma membrane transport	biological_process	1	0.9210964607911173	1.0856626233707527	0.9210964607911173	39819	43230	0.9210964607911173	False
GO:0099023	vesicle tethering complex	cellular_component	1	0.9210964607911173	1.0856626233707527	0.9210964607911173	39819	43230	0.9210964607911173	False
GO:0000145	exocyst	cellular_component	1	0.9210964607911173	1.0856626233707527	0.9210964607911173	39819	43230	0.9210964607911173	False
GO:1990168	protein K33-linked deubiquitination	biological_process	1	0.9210964607911173	1.0856626233707527	0.9210964607911173	39819	43230	0.9210964607911173	False
GO:0035523	protein K29-linked deubiquitination	biological_process	1	0.9210964607911173	1.0856626233707527	0.9210964607911173	39819	43230	0.9210964607911173	False
GO:0071947	protein deubiquitination involved in ubiquitin-dependent protein catabolic process	biological_process	1	0.9210964607911173	1.0856626233707527	0.9210964607911173	39819	43230	0.9210964607911173	False
GO:0072350	tricarboxylic acid metabolic process	biological_process	1	0.9210964607911173	1.0856626233707527	0.9210964607911173	39819	43230	0.9210964607911173	False
GO:0006102	isocitrate metabolic process	biological_process	1	0.9210964607911173	1.0856626233707527	0.9210964607911173	39819	43230	0.9210964607911173	False
GO:0052646	alditol phosphate metabolic process	biological_process	1	0.9210964607911173	1.0856626233707527	0.9210964607911173	39819	43230	0.9210964607911173	False
GO:0006072	glycerol-3-phosphate metabolic process	biological_process	1	0.9210964607911173	1.0856626233707527	0.9210964607911173	39819	43230	0.9210964607911173	False
GO:0008252	nucleotidase activity	molecular_function	1	0.9210964607911173	1.0856626233707527	0.9210964607911173	39819	43230	0.9210964607911173	False
GO:0008253	5'-nucleotidase activity	molecular_function	1	0.9210964607911173	1.0856626233707527	0.9210964607911173	39819	43230	0.9210964607911173	False
GO:0019493	L-arginine catabolic process to L-proline	biological_process	1	0.9210964607911173	1.0856626233707527	0.9210964607911173	39819	43230	0.9210964607911173	False
GO:0010121	L-arginine catabolic process to proline via ornithine	biological_process	1	0.9210964607911173	1.0856626233707527	0.9210964607911173	39819	43230	0.9210964607911173	False
GO:0006536	glutamate metabolic process	biological_process	1	0.9210964607911173	1.0856626233707527	0.9210964607911173	39819	43230	0.9210964607911173	False
GO:0019544	L-arginine catabolic process to L-glutamate	biological_process	1	0.9210964607911173	1.0856626233707527	0.9210964607911173	39819	43230	0.9210964607911173	False
GO:0005484	SNAP receptor activity	molecular_function	1	0.9210964607911173	1.0856626233707527	0.9210964607911173	39819	43230	0.9210964607911173	False
GO:0031201	SNARE complex	cellular_component	1	0.9210964607911173	1.0856626233707527	0.9210964607911173	39819	43230	0.9210964607911173	False
GO:0031985	Golgi cisterna	cellular_component	1	0.9210964607911173	1.0856626233707527	0.9210964607911173	39819	43230	0.9210964607911173	False
GO:0005797	Golgi medial cisterna	cellular_component	1	0.9210964607911173	1.0856626233707527	0.9210964607911173	39819	43230	0.9210964607911173	False
GO:0005801	cis-Golgi network	cellular_component	1	0.9210964607911173	1.0856626233707527	0.9210964607911173	39819	43230	0.9210964607911173	False
GO:0070507	regulation of microtubule cytoskeleton organization	biological_process	1	0.9210964607911173	1.0856626233707527	0.9210964607911173	39819	43230	0.9210964607911173	False
GO:0031110	regulation of microtubule polymerization or depolymerization	biological_process	1	0.9210964607911173	1.0856626233707527	0.9210964607911173	39819	43230	0.9210964607911173	False
GO:0072698	protein localization to microtubule cytoskeleton	biological_process	1	0.9210964607911173	1.0856626233707527	0.9210964607911173	39819	43230	0.9210964607911173	False
GO:0035372	protein localization to microtubule	biological_process	1	0.9210964607911173	1.0856626233707527	0.9210964607911173	39819	43230	0.9210964607911173	False
GO:0044380	protein localization to cytoskeleton	biological_process	1	0.9210964607911173	1.0856626233707527	0.9210964607911173	39819	43230	0.9210964607911173	False
GO:1905725	protein localization to microtubule end	biological_process	1	0.9210964607911173	1.0856626233707527	0.9210964607911173	39819	43230	0.9210964607911173	False
GO:0009134	nucleoside diphosphate catabolic process	biological_process	1	0.9210964607911173	1.0856626233707527	0.9210964607911173	39819	43230	0.9210964607911173	False
GO:0030992	intraciliary transport particle B	cellular_component	1	0.9210964607911173	1.0856626233707527	0.9210964607911173	39819	43230	0.9210964607911173	False
GO:0036064	ciliary basal body	cellular_component	1	0.9210964607911173	1.0856626233707527	0.9210964607911173	39819	43230	0.9210964607911173	False
GO:0005930	axoneme	cellular_component	1	0.9210964607911173	1.0856626233707527	0.9210964607911173	39819	43230	0.9210964607911173	False
GO:0051592	response to calcium ion	biological_process	1	0.9210964607911173	1.0856626233707527	0.9210964607911173	39819	43230	0.9210964607911173	False
GO:0010038	response to metal ion	biological_process	1	0.9210964607911173	1.0856626233707527	0.9210964607911173	39819	43230	0.9210964607911173	False
GO:0071248	cellular response to metal ion	biological_process	1	0.9210964607911173	1.0856626233707527	0.9210964607911173	39819	43230	0.9210964607911173	False
GO:0071277	cellular response to calcium ion	biological_process	1	0.9210964607911173	1.0856626233707527	0.9210964607911173	39819	43230	0.9210964607911173	False
GO:0006450	regulation of translational fidelity	biological_process	1	0.9210964607911173	1.0856626233707527	0.9210964607911173	39819	43230	0.9210964607911173	False
GO:0006458	'de novo' protein folding	biological_process	1	0.9210964607911173	1.0856626233707527	0.9210964607911173	39819	43230	0.9210964607911173	False
GO:0051083	'de novo' cotranslational protein folding	biological_process	1	0.9210964607911173	1.0856626233707527	0.9210964607911173	39819	43230	0.9210964607911173	False
GO:1904825	protein localization to microtubule plus-end	biological_process	1	0.9210964607911173	1.0856626233707527	0.9210964607911173	39819	43230	0.9210964607911173	False
GO:0051764	actin crosslink formation	biological_process	1	0.9210964607911173	1.0856626233707527	0.9210964607911173	39819	43230	0.9210964607911173	False
GO:0008093	cytoskeletal anchor activity	molecular_function	1	0.9210964607911173	1.0856626233707527	0.9210964607911173	39819	43230	0.9210964607911173	False
GO:0042641	actomyosin	cellular_component	1	0.9210964607911173	1.0856626233707527	0.9210964607911173	39819	43230	0.9210964607911173	False
GO:0032432	actin filament bundle	cellular_component	1	0.9210964607911173	1.0856626233707527	0.9210964607911173	39819	43230	0.9210964607911173	False
GO:0097517	contractile actin filament bundle	cellular_component	1	0.9210964607911173	1.0856626233707527	0.9210964607911173	39819	43230	0.9210964607911173	False
GO:0001725	stress fiber	cellular_component	1	0.9210964607911173	1.0856626233707527	0.9210964607911173	39819	43230	0.9210964607911173	False
GO:1902116	negative regulation of organelle assembly	biological_process	1	0.9210964607911173	1.0856626233707527	0.9210964607911173	39819	43230	0.9210964607911173	False
GO:0046606	negative regulation of centrosome cycle	biological_process	1	0.9210964607911173	1.0856626233707527	0.9210964607911173	39819	43230	0.9210964607911173	False
GO:0046599	regulation of centriole replication	biological_process	1	0.9210964607911173	1.0856626233707527	0.9210964607911173	39819	43230	0.9210964607911173	False
GO:0046600	negative regulation of centriole replication	biological_process	1	0.9210964607911173	1.0856626233707527	0.9210964607911173	39819	43230	0.9210964607911173	False
GO:0005814	centriole	cellular_component	1	0.9210964607911173	1.0856626233707527	0.9210964607911173	39819	43230	0.9210964607911173	False
GO:0032486	Rap protein signal transduction	biological_process	1	0.9210964607911173	1.0856626233707527	0.9210964607911173	39819	43230	0.9210964607911173	False
GO:0008543	fibroblast growth factor receptor signaling pathway	biological_process	1	0.9210964607911173	1.0856626233707527	0.9210964607911173	39819	43230	0.9210964607911173	False
GO:0070851	growth factor receptor binding	molecular_function	1	0.9210964607911173	1.0856626233707527	0.9210964607911173	39819	43230	0.9210964607911173	False
GO:0005104	fibroblast growth factor receptor binding	molecular_function	1	0.9210964607911173	1.0856626233707527	0.9210964607911173	39819	43230	0.9210964607911173	False
GO:0009132	nucleoside diphosphate metabolic process	biological_process	1	0.9210964607911173	1.0856626233707527	0.9210964607911173	39819	43230	0.9210964607911173	False
GO:1901292	nucleoside phosphate catabolic process	biological_process	1	0.9210964607911173	1.0856626233707527	0.9210964607911173	39819	43230	0.9210964607911173	False
GO:0005884	actin filament	cellular_component	1	0.9210964607911173	1.0856626233707527	0.9210964607911173	39819	43230	0.9210964607911173	False
GO:0009888	tissue development	biological_process	1	0.9210964607911173	1.0856626233707527	0.9210964607911173	39819	43230	0.9210964607911173	False
GO:0060537	muscle tissue development	biological_process	1	0.9210964607911173	1.0856626233707527	0.9210964607911173	39819	43230	0.9210964607911173	False
GO:0008307	structural constituent of muscle	molecular_function	1	0.9210964607911173	1.0856626233707527	0.9210964607911173	39819	43230	0.9210964607911173	False
GO:0042805	actinin binding	molecular_function	1	0.9210964607911173	1.0856626233707527	0.9210964607911173	39819	43230	0.9210964607911173	False
GO:0030018	Z disc	cellular_component	1	0.9210964607911173	1.0856626233707527	0.9210964607911173	39819	43230	0.9210964607911173	False
GO:0005744	TIM23 mitochondrial import inner membrane translocase complex	cellular_component	1	0.9210964607911173	1.0856626233707527	0.9210964607911173	39819	43230	0.9210964607911173	False
GO:0031573	mitotic intra-S DNA damage checkpoint signaling	biological_process	1	0.9210964607911173	1.0856626233707527	0.9210964607911173	39819	43230	0.9210964607911173	False
GO:0033313	meiotic cell cycle checkpoint signaling	biological_process	1	0.9210964607911173	1.0856626233707527	0.9210964607911173	39819	43230	0.9210964607911173	False
GO:0044778	meiotic DNA integrity checkpoint signaling	biological_process	1	0.9210964607911173	1.0856626233707527	0.9210964607911173	39819	43230	0.9210964607911173	False
GO:0010826	negative regulation of centrosome duplication	biological_process	1	0.9210964607911173	1.0856626233707527	0.9210964607911173	39819	43230	0.9210964607911173	False
GO:1902115	regulation of organelle assembly	biological_process	1	0.9210964607911173	1.0856626233707527	0.9210964607911173	39819	43230	0.9210964607911173	False
GO:0046605	regulation of centrosome cycle	biological_process	1	0.9210964607911173	1.0856626233707527	0.9210964607911173	39819	43230	0.9210964607911173	False
GO:0010824	regulation of centrosome duplication	biological_process	1	0.9210964607911173	1.0856626233707527	0.9210964607911173	39819	43230	0.9210964607911173	False
GO:0006298	mismatch repair	biological_process	1	0.9210964607911173	1.0856626233707527	0.9210964607911173	39819	43230	0.9210964607911173	False
GO:0071942	XPC complex	cellular_component	1	0.9210964607911173	1.0856626233707527	0.9210964607911173	39819	43230	0.9210964607911173	False
GO:0000111	nucleotide-excision repair factor 2 complex	cellular_component	1	0.9210964607911173	1.0856626233707527	0.9210964607911173	39819	43230	0.9210964607911173	False
GO:0015718	monocarboxylic acid transport	biological_process	1	0.9210964607911173	1.0856626233707527	0.9210964607911173	39819	43230	0.9210964607911173	False
GO:0140354	lipid import into cell	biological_process	1	0.9210964607911173	1.0856626233707527	0.9210964607911173	39819	43230	0.9210964607911173	False
GO:0015909	long-chain fatty acid transport	biological_process	1	0.9210964607911173	1.0856626233707527	0.9210964607911173	39819	43230	0.9210964607911173	False
GO:0015908	fatty acid transport	biological_process	1	0.9210964607911173	1.0856626233707527	0.9210964607911173	39819	43230	0.9210964607911173	False
GO:0044539	long-chain fatty acid import into cell	biological_process	1	0.9210964607911173	1.0856626233707527	0.9210964607911173	39819	43230	0.9210964607911173	False
GO:0004467	long-chain fatty acid-CoA ligase activity	molecular_function	1	0.9210964607911173	1.0856626233707527	0.9210964607911173	39819	43230	0.9210964607911173	False
GO:0170055	lipid transmembrane transporter activity	molecular_function	1	0.9210964607911173	1.0856626233707527	0.9210964607911173	39819	43230	0.9210964607911173	False
GO:0015245	fatty acid transmembrane transporter activity	molecular_function	1	0.9210964607911173	1.0856626233707527	0.9210964607911173	39819	43230	0.9210964607911173	False
GO:0008028	monocarboxylic acid transmembrane transporter activity	molecular_function	1	0.9210964607911173	1.0856626233707527	0.9210964607911173	39819	43230	0.9210964607911173	False
GO:0005324	long-chain fatty acid transmembrane transporter activity	molecular_function	1	0.9210964607911173	1.0856626233707527	0.9210964607911173	39819	43230	0.9210964607911173	False
GO:0042500	aspartic endopeptidase activity, intramembrane cleaving	molecular_function	1	0.9210964607911173	1.0856626233707527	0.9210964607911173	39819	43230	0.9210964607911173	False
GO:0098576	lumenal side of membrane	cellular_component	1	0.9210964607911173	1.0856626233707527	0.9210964607911173	39819	43230	0.9210964607911173	False
GO:0098553	lumenal side of endoplasmic reticulum membrane	cellular_component	1	0.9210964607911173	1.0856626233707527	0.9210964607911173	39819	43230	0.9210964607911173	False
GO:0030660	Golgi-associated vesicle membrane	cellular_component	1	0.9210964607911173	1.0856626233707527	0.9210964607911173	39819	43230	0.9210964607911173	False
GO:0098554	cytoplasmic side of endoplasmic reticulum membrane	cellular_component	1	0.9210964607911173	1.0856626233707527	0.9210964607911173	39819	43230	0.9210964607911173	False
GO:0007008	outer mitochondrial membrane organization	biological_process	1	0.9210964607911173	1.0856626233707527	0.9210964607911173	39819	43230	0.9210964607911173	False
GO:0045040	protein insertion into mitochondrial outer membrane	biological_process	1	0.9210964607911173	1.0856626233707527	0.9210964607911173	39819	43230	0.9210964607911173	False
GO:0010992	ubiquitin recycling	biological_process	1	0.9210964607911173	1.0856626233707527	0.9210964607911173	39819	43230	0.9210964607911173	False
GO:0106068	SUMO ligase complex	cellular_component	1	0.9210964607911173	1.0856626233707527	0.9210964607911173	39819	43230	0.9210964607911173	False
GO:0030915	Smc5-Smc6 complex	cellular_component	1	0.9210964607911173	1.0856626233707527	0.9210964607911173	39819	43230	0.9210964607911173	False
GO:0032012	regulation of ARF protein signal transduction	biological_process	1	0.9210964607911173	1.0856626233707527	0.9210964607911173	39819	43230	0.9210964607911173	False
GO:0007420	brain development	biological_process	1	0.9210964607911173	1.0856626233707527	0.9210964607911173	39819	43230	0.9210964607911173	False
GO:0017046	peptide hormone binding	molecular_function	1	0.9210964607911173	1.0856626233707527	0.9210964607911173	39819	43230	0.9210964607911173	False
GO:0016126	sterol biosynthetic process	biological_process	1	0.9210964607911173	1.0856626233707527	0.9210964607911173	39819	43230	0.9210964607911173	False
GO:1902767	isoprenoid biosynthetic process via mevalonate	biological_process	1	0.9210964607911173	1.0856626233707527	0.9210964607911173	39819	43230	0.9210964607911173	False
GO:0010142	farnesyl diphosphate biosynthetic process, mevalonate pathway	biological_process	1	0.9210964607911173	1.0856626233707527	0.9210964607911173	39819	43230	0.9210964607911173	False
GO:0046912	acyltransferase activity, acyl groups converted into alkyl on transfer	molecular_function	1	0.9210964607911173	1.0856626233707527	0.9210964607911173	39819	43230	0.9210964607911173	False
GO:0004421	hydroxymethylglutaryl-CoA synthase activity	molecular_function	1	0.9210964607911173	1.0856626233707527	0.9210964607911173	39819	43230	0.9210964607911173	False
GO:0061355	Wnt protein secretion	biological_process	1	0.9210964607911173	1.0856626233707527	0.9210964607911173	39819	43230	0.9210964607911173	False
GO:0017147	Wnt-protein binding	molecular_function	1	0.9210964607911173	1.0856626233707527	0.9210964607911173	39819	43230	0.9210964607911173	False
GO:0042734	presynaptic membrane	cellular_component	1	0.9210964607911173	1.0856626233707527	0.9210964607911173	39819	43230	0.9210964607911173	False
GO:0010623	programmed cell death involved in cell development	biological_process	1	0.9210964607911173	1.0856626233707527	0.9210964607911173	39819	43230	0.9210964607911173	False
GO:1902742	apoptotic process involved in development	biological_process	1	0.9210964607911173	1.0856626233707527	0.9210964607911173	39819	43230	0.9210964607911173	False
GO:0045476	nurse cell apoptotic process	biological_process	1	0.9210964607911173	1.0856626233707527	0.9210964607911173	39819	43230	0.9210964607911173	False
GO:0007525	somatic muscle development	biological_process	1	0.9210964607911173	1.0856626233707527	0.9210964607911173	39819	43230	0.9210964607911173	False
GO:0007526	larval somatic muscle development	biological_process	1	0.9210964607911173	1.0856626233707527	0.9210964607911173	39819	43230	0.9210964607911173	False
GO:0035166	post-embryonic hemopoiesis	biological_process	1	0.9210964607911173	1.0856626233707527	0.9210964607911173	39819	43230	0.9210964607911173	False
GO:0030097	hemopoiesis	biological_process	1	0.9210964607911173	1.0856626233707527	0.9210964607911173	39819	43230	0.9210964607911173	False
GO:0035167	larval lymph gland hemopoiesis	biological_process	1	0.9210964607911173	1.0856626233707527	0.9210964607911173	39819	43230	0.9210964607911173	False
GO:0048608	reproductive structure development	biological_process	1	0.9210964607911173	1.0856626233707527	0.9210964607911173	39819	43230	0.9210964607911173	False
GO:0008406	gonad development	biological_process	1	0.9210964607911173	1.0856626233707527	0.9210964607911173	39819	43230	0.9210964607911173	False
GO:0048813	dendrite morphogenesis	biological_process	1	0.9210964607911173	1.0856626233707527	0.9210964607911173	39819	43230	0.9210964607911173	False
GO:0008037	cell recognition	biological_process	1	0.9210964607911173	1.0856626233707527	0.9210964607911173	39819	43230	0.9210964607911173	False
GO:0008038	neuron recognition	biological_process	1	0.9210964607911173	1.0856626233707527	0.9210964607911173	39819	43230	0.9210964607911173	False
GO:0016198	axon choice point recognition	biological_process	1	0.9210964607911173	1.0856626233707527	0.9210964607911173	39819	43230	0.9210964607911173	False
GO:0016199	axon midline choice point recognition	biological_process	1	0.9210964607911173	1.0856626233707527	0.9210964607911173	39819	43230	0.9210964607911173	False
GO:0008409	5'-3' exonuclease activity	molecular_function	1	0.9210964607911173	1.0856626233707527	0.9210964607911173	39819	43230	0.9210964607911173	False
GO:0015926	glucosidase activity	molecular_function	1	0.9210964607911173	1.0856626233707527	0.9210964607911173	39819	43230	0.9210964607911173	False
GO:0090599	alpha-glucosidase activity	molecular_function	1	0.9210964607911173	1.0856626233707527	0.9210964607911173	39819	43230	0.9210964607911173	False
GO:0004573	Glc3Man9GlcNAc2 oligosaccharide glucosidase activity	molecular_function	1	0.9210964607911173	1.0856626233707527	0.9210964607911173	39819	43230	0.9210964607911173	False
GO:1903561	extracellular vesicle	cellular_component	1	0.9210964607911173	1.0856626233707527	0.9210964607911173	39819	43230	0.9210964607911173	False
GO:0043230	extracellular organelle	cellular_component	1	0.9210964607911173	1.0856626233707527	0.9210964607911173	39819	43230	0.9210964607911173	False
GO:0065010	extracellular membrane-bounded organelle	cellular_component	1	0.9210964607911173	1.0856626233707527	0.9210964607911173	39819	43230	0.9210964607911173	False
GO:0070062	extracellular exosome	cellular_component	1	0.9210964607911173	1.0856626233707527	0.9210964607911173	39819	43230	0.9210964607911173	False
GO:0042461	photoreceptor cell development	biological_process	1	0.9210964607911173	1.0856626233707527	0.9210964607911173	39819	43230	0.9210964607911173	False
GO:0042462	eye photoreceptor cell development	biological_process	1	0.9210964607911173	1.0856626233707527	0.9210964607911173	39819	43230	0.9210964607911173	False
GO:0042051	compound eye photoreceptor development	biological_process	1	0.9210964607911173	1.0856626233707527	0.9210964607911173	39819	43230	0.9210964607911173	False
GO:0045467	R7 cell development	biological_process	1	0.9210964607911173	1.0856626233707527	0.9210964607911173	39819	43230	0.9210964607911173	False
GO:0042706	eye photoreceptor cell fate commitment	biological_process	1	0.9210964607911173	1.0856626233707527	0.9210964607911173	39819	43230	0.9210964607911173	False
GO:0001752	compound eye photoreceptor fate commitment	biological_process	1	0.9210964607911173	1.0856626233707527	0.9210964607911173	39819	43230	0.9210964607911173	False
GO:0048663	neuron fate commitment	biological_process	1	0.9210964607911173	1.0856626233707527	0.9210964607911173	39819	43230	0.9210964607911173	False
GO:0046552	photoreceptor cell fate commitment	biological_process	1	0.9210964607911173	1.0856626233707527	0.9210964607911173	39819	43230	0.9210964607911173	False
GO:0007464	R3/R4 cell fate commitment	biological_process	1	0.9210964607911173	1.0856626233707527	0.9210964607911173	39819	43230	0.9210964607911173	False
GO:1902292	cell cycle DNA replication initiation	biological_process	1	0.9210964607911173	1.0856626233707527	0.9210964607911173	39819	43230	0.9210964607911173	False
GO:1902315	nuclear cell cycle DNA replication initiation	biological_process	1	0.9210964607911173	1.0856626233707527	0.9210964607911173	39819	43230	0.9210964607911173	False
GO:1902975	mitotic DNA replication initiation	biological_process	1	0.9210964607911173	1.0856626233707527	0.9210964607911173	39819	43230	0.9210964607911173	False
GO:0007507	heart development	biological_process	1	0.9210964607911173	1.0856626233707527	0.9210964607911173	39819	43230	0.9210964607911173	False
GO:0007508	larval heart development	biological_process	1	0.9210964607911173	1.0856626233707527	0.9210964607911173	39819	43230	0.9210964607911173	False
GO:0061343	cell adhesion involved in heart morphogenesis	biological_process	1	0.9210964607911173	1.0856626233707527	0.9210964607911173	39819	43230	0.9210964607911173	False
GO:0019107	myristoyltransferase activity	molecular_function	1	0.9210964607911173	1.0856626233707527	0.9210964607911173	39819	43230	0.9210964607911173	False
GO:0050633	acetyl-CoA C-myristoyltransferase activity	molecular_function	1	0.9210964607911173	1.0856626233707527	0.9210964607911173	39819	43230	0.9210964607911173	False
GO:0003988	acetyl-CoA C-acyltransferase activity	molecular_function	1	0.9210964607911173	1.0856626233707527	0.9210964607911173	39819	43230	0.9210964607911173	False
GO:1990414	replication-born double-strand break repair via sister chromatid exchange	biological_process	1	0.9210964607911173	1.0856626233707527	0.9210964607911173	39819	43230	0.9210964607911173	False
GO:0070199	establishment of protein localization to chromosome	biological_process	1	0.9210964607911173	1.0856626233707527	0.9210964607911173	39819	43230	0.9210964607911173	False
GO:0043457	regulation of cellular respiration	biological_process	1	0.9210964607911173	1.0856626233707527	0.9210964607911173	39819	43230	0.9210964607911173	False
GO:0090324	negative regulation of oxidative phosphorylation	biological_process	1	0.9210964607911173	1.0856626233707527	0.9210964607911173	39819	43230	0.9210964607911173	False
GO:0061608	nuclear import signal receptor activity	molecular_function	1	0.9210964607911173	1.0856626233707527	0.9210964607911173	39819	43230	0.9210964607911173	False
GO:0042302	structural constituent of cuticle	molecular_function	1	0.9210964607911173	1.0856626233707527	0.9210964607911173	39819	43230	0.9210964607911173	False
GO:0004703	G protein-coupled receptor kinase activity	molecular_function	1	0.9210964607911173	1.0856626233707527	0.9210964607911173	39819	43230	0.9210964607911173	False
GO:0071819	DUBm complex	cellular_component	1	0.9210964607911173	1.0856626233707527	0.9210964607911173	39819	43230	0.9210964607911173	False
GO:0005222	intracellularly cAMP-activated cation channel activity	molecular_function	1	0.9210964607911173	1.0856626233707527	0.9210964607911173	39819	43230	0.9210964607911173	False
GO:0030551	cyclic nucleotide binding	molecular_function	1	0.9210964607911173	1.0856626233707527	0.9210964607911173	39819	43230	0.9210964607911173	False
GO:0030553	cGMP binding	molecular_function	1	0.9210964607911173	1.0856626233707527	0.9210964607911173	39819	43230	0.9210964607911173	False
GO:0017071	intracellular cyclic nucleotide activated cation channel complex	cellular_component	1	0.9210964607911173	1.0856626233707527	0.9210964607911173	39819	43230	0.9210964607911173	False
GO:0031146	SCF-dependent proteasomal ubiquitin-dependent protein catabolic process	biological_process	1	0.9210964607911173	1.0856626233707527	0.9210964607911173	39819	43230	0.9210964607911173	False
GO:0019005	SCF ubiquitin ligase complex	cellular_component	1	0.9210964607911173	1.0856626233707527	0.9210964607911173	39819	43230	0.9210964607911173	False
GO:0002082	regulation of oxidative phosphorylation	biological_process	1	0.9210964607911173	1.0856626233707527	0.9210964607911173	39819	43230	0.9210964607911173	False
GO:1903715	regulation of aerobic respiration	biological_process	1	0.9210964607911173	1.0856626233707527	0.9210964607911173	39819	43230	0.9210964607911173	False
GO:1901856	negative regulation of cellular respiration	biological_process	1	0.9210964607911173	1.0856626233707527	0.9210964607911173	39819	43230	0.9210964607911173	False
GO:0043467	regulation of generation of precursor metabolites and energy	biological_process	1	0.9210964607911173	1.0856626233707527	0.9210964607911173	39819	43230	0.9210964607911173	False
GO:0015101	organic cation transmembrane transporter activity	molecular_function	1	0.9210964607911173	1.0856626233707527	0.9210964607911173	39819	43230	0.9210964607911173	False
GO:0000064	L-ornithine transmembrane transporter activity	molecular_function	1	0.9210964607911173	1.0856626233707527	0.9210964607911173	39819	43230	0.9210964607911173	False
GO:0009395	phospholipid catabolic process	biological_process	1	0.9210964607911173	1.0856626233707527	0.9210964607911173	39819	43230	0.9210964607911173	False
GO:0004630	phospholipase D activity	molecular_function	1	0.9210964607911173	1.0856626233707527	0.9210964607911173	39819	43230	0.9210964607911173	False
GO:0006012	galactose metabolic process	biological_process	1	0.9210964607911173	1.0856626233707527	0.9210964607911173	39819	43230	0.9210964607911173	False
GO:0019200	carbohydrate kinase activity	molecular_function	1	0.9210964607911173	1.0856626233707527	0.9210964607911173	39819	43230	0.9210964607911173	False
GO:0004335	galactokinase activity	molecular_function	1	0.9210964607911173	1.0856626233707527	0.9210964607911173	39819	43230	0.9210964607911173	False
GO:0030160	synaptic receptor adaptor activity	molecular_function	1	0.9210964607911173	1.0856626233707527	0.9210964607911173	39819	43230	0.9210964607911173	False
GO:0035255	ionotropic glutamate receptor binding	molecular_function	1	0.9210964607911173	1.0856626233707527	0.9210964607911173	39819	43230	0.9210964607911173	False
GO:0044309	neuron spine	cellular_component	1	0.9210964607911173	1.0856626233707527	0.9210964607911173	39819	43230	0.9210964607911173	False
GO:0098794	postsynapse	cellular_component	1	0.9210964607911173	1.0856626233707527	0.9210964607911173	39819	43230	0.9210964607911173	False
GO:0043197	dendritic spine	cellular_component	1	0.9210964607911173	1.0856626233707527	0.9210964607911173	39819	43230	0.9210964607911173	False
GO:0005547	phosphatidylinositol-3,4,5-trisphosphate binding	molecular_function	1	0.9210964607911173	1.0856626233707527	0.9210964607911173	39819	43230	0.9210964607911173	False
GO:0071944	cell periphery	cellular_component	1	0.9210964607911173	1.0856626233707527	0.9210964607911173	39819	43230	0.9210964607911173	False
GO:0005223	intracellularly cGMP-activated cation channel activity	molecular_function	1	0.9210964607911173	1.0856626233707527	0.9210964607911173	39819	43230	0.9210964607911173	False
GO:0071169	establishment of protein localization to chromatin	biological_process	1	0.9210964607911173	1.0856626233707527	0.9210964607911173	39819	43230	0.9210964607911173	False
GO:0034085	establishment of sister chromatid cohesion	biological_process	1	0.9210964607911173	1.0856626233707527	0.9210964607911173	39819	43230	0.9210964607911173	False
GO:0034087	establishment of mitotic sister chromatid cohesion	biological_process	1	0.9210964607911173	1.0856626233707527	0.9210964607911173	39819	43230	0.9210964607911173	False
GO:0140588	chromatin looping	biological_process	1	0.9210964607911173	1.0856626233707527	0.9210964607911173	39819	43230	0.9210964607911173	False
GO:0061775	cohesin loader activity	molecular_function	1	0.9210964607911173	1.0856626233707527	0.9210964607911173	39819	43230	0.9210964607911173	False
GO:0032116	SMC loading complex	cellular_component	1	0.9210964607911173	1.0856626233707527	0.9210964607911173	39819	43230	0.9210964607911173	False
GO:0090694	Scc2-Scc4 cohesin loading complex	cellular_component	1	0.9210964607911173	1.0856626233707527	0.9210964607911173	39819	43230	0.9210964607911173	False
GO:0051259	protein complex oligomerization	biological_process	1	0.9210964607911173	1.0856626233707527	0.9210964607911173	39819	43230	0.9210964607911173	False
GO:0051260	protein homooligomerization	biological_process	1	0.9210964607911173	1.0856626233707527	0.9210964607911173	39819	43230	0.9210964607911173	False
GO:0005251	delayed rectifier potassium channel activity	molecular_function	1	0.9210964607911173	1.0856626233707527	0.9210964607911173	39819	43230	0.9210964607911173	False
GO:0051125	regulation of actin nucleation	biological_process	1	0.9210964607911173	1.0856626233707527	0.9210964607911173	39819	43230	0.9210964607911173	False
GO:0034315	regulation of Arp2/3 complex-mediated actin nucleation	biological_process	1	0.9210964607911173	1.0856626233707527	0.9210964607911173	39819	43230	0.9210964607911173	False
GO:0019904	protein domain specific binding	molecular_function	1	0.9210964607911173	1.0856626233707527	0.9210964607911173	39819	43230	0.9210964607911173	False
GO:0032588	trans-Golgi network membrane	cellular_component	1	0.9210964607911173	1.0856626233707527	0.9210964607911173	39819	43230	0.9210964607911173	False
GO:0031956	medium-chain fatty acid-CoA ligase activity	molecular_function	1	0.9210964607911173	1.0856626233707527	0.9210964607911173	39819	43230	0.9210964607911173	False
GO:1903352	L-ornithine transmembrane transport	biological_process	1	0.9210964607911173	1.0856626233707527	0.9210964607911173	39819	43230	0.9210964607911173	False
GO:0015822	ornithine transport	biological_process	1	0.9210964607911173	1.0856626233707527	0.9210964607911173	39819	43230	0.9210964607911173	False
GO:1902475	L-alpha-amino acid transmembrane transport	biological_process	1	0.9210964607911173	1.0856626233707527	0.9210964607911173	39819	43230	0.9210964607911173	False
GO:0015807	L-amino acid transport	biological_process	1	0.9210964607911173	1.0856626233707527	0.9210964607911173	39819	43230	0.9210964607911173	False
GO:1990575	mitochondrial L-ornithine transmembrane transport	biological_process	1	0.9210964607911173	1.0856626233707527	0.9210964607911173	39819	43230	0.9210964607911173	False
GO:0004767	sphingomyelin phosphodiesterase activity	molecular_function	1	0.9210964607911173	1.0856626233707527	0.9210964607911173	39819	43230	0.9210964607911173	False
GO:0042577	lipid phosphatase activity	molecular_function	1	0.9210964607911173	1.0856626233707527	0.9210964607911173	39819	43230	0.9210964607911173	False
GO:0008195	phosphatidate phosphatase activity	molecular_function	1	0.9210964607911173	1.0856626233707527	0.9210964607911173	39819	43230	0.9210964607911173	False
GO:0044389	ubiquitin-like protein ligase binding	molecular_function	1	0.9210964607911173	1.0856626233707527	0.9210964607911173	39819	43230	0.9210964607911173	False
GO:0070180	large ribosomal subunit rRNA binding	molecular_function	1	0.9210964607911173	1.0856626233707527	0.9210964607911173	39819	43230	0.9210964607911173	False
GO:0022625	cytosolic large ribosomal subunit	cellular_component	1	0.9210964607911173	1.0856626233707527	0.9210964607911173	39819	43230	0.9210964607911173	False
GO:0001558	regulation of cell growth	biological_process	1	0.9210964607911173	1.0856626233707527	0.9210964607911173	39819	43230	0.9210964607911173	False
GO:0019838	growth factor binding	molecular_function	1	0.9210964607911173	1.0856626233707527	0.9210964607911173	39819	43230	0.9210964607911173	False
GO:0005520	insulin-like growth factor binding	molecular_function	1	0.9210964607911173	1.0856626233707527	0.9210964607911173	39819	43230	0.9210964607911173	False
GO:0004350	glutamate-5-semialdehyde dehydrogenase activity	molecular_function	1	0.9210964607911173	1.0856626233707527	0.9210964607911173	39819	43230	0.9210964607911173	False
GO:0019202	amino acid kinase activity	molecular_function	1	0.9210964607911173	1.0856626233707527	0.9210964607911173	39819	43230	0.9210964607911173	False
GO:0005179	hormone activity	molecular_function	1	0.9210964607911173	1.0856626233707527	0.9210964607911173	39819	43230	0.9210964607911173	False
GO:0000026	alpha-1,2-mannosyltransferase activity	molecular_function	1	0.9210964607911173	1.0856626233707527	0.9210964607911173	39819	43230	0.9210964607911173	False
GO:0120562	GlcNAc(2)-PP-Dol mannosyltransferase activity	molecular_function	1	0.9210964607911173	1.0856626233707527	0.9210964607911173	39819	43230	0.9210964607911173	False
GO:0004377	GDP-Man:Man(3)GlcNAc(2)-PP-Dol alpha-1,2-mannosyltransferase activity	molecular_function	1	0.9210964607911173	1.0856626233707527	0.9210964607911173	39819	43230	0.9210964607911173	False
GO:0016774	phosphotransferase activity, carboxyl group as acceptor	molecular_function	1	0.9210964607911173	1.0856626233707527	0.9210964607911173	39819	43230	0.9210964607911173	False
GO:0004349	glutamate 5-kinase activity	molecular_function	1	0.9210964607911173	1.0856626233707527	0.9210964607911173	39819	43230	0.9210964607911173	False
GO:2001135	regulation of endocytic recycling	biological_process	1	0.9210964607911173	1.0856626233707527	0.9210964607911173	39819	43230	0.9210964607911173	False
GO:0052744	phosphatidylinositol monophosphate phosphatase activity	molecular_function	1	0.9210964607911173	1.0856626233707527	0.9210964607911173	39819	43230	0.9210964607911173	False
GO:0034596	phosphatidylinositol phosphate 4-phosphatase activity	molecular_function	1	0.9210964607911173	1.0856626233707527	0.9210964607911173	39819	43230	0.9210964607911173	False
GO:0043812	phosphatidylinositol-4-phosphate phosphatase activity	molecular_function	1	0.9210964607911173	1.0856626233707527	0.9210964607911173	39819	43230	0.9210964607911173	False
GO:0016895	DNA exonuclease activity, producing 5'-phosphomonoesters	molecular_function	1	0.9210964607911173	1.0856626233707527	0.9210964607911173	39819	43230	0.9210964607911173	False
GO:0008296	3'-5'-DNA exonuclease activity	molecular_function	1	0.9210964607911173	1.0856626233707527	0.9210964607911173	39819	43230	0.9210964607911173	False
GO:0004529	DNA exonuclease activity	molecular_function	1	0.9210964607911173	1.0856626233707527	0.9210964607911173	39819	43230	0.9210964607911173	False
GO:0008309	double-stranded DNA exodeoxyribonuclease activity	molecular_function	1	0.9210964607911173	1.0856626233707527	0.9210964607911173	39819	43230	0.9210964607911173	False
GO:0008311	double-stranded DNA 3'-5' DNA exonuclease activity	molecular_function	1	0.9210964607911173	1.0856626233707527	0.9210964607911173	39819	43230	0.9210964607911173	False
GO:0003906	DNA-(apurinic or apyrimidinic site) endonuclease activity	molecular_function	1	0.9210964607911173	1.0856626233707527	0.9210964607911173	39819	43230	0.9210964607911173	False
GO:0005250	A-type (transient outward) potassium channel activity	molecular_function	1	0.9210964607911173	1.0856626233707527	0.9210964607911173	39819	43230	0.9210964607911173	False
GO:0019208	phosphatase regulator activity	molecular_function	1	0.9210964607911173	1.0856626233707527	0.9210964607911173	39819	43230	0.9210964607911173	False
GO:0019888	protein phosphatase regulator activity	molecular_function	1	0.9210964607911173	1.0856626233707527	0.9210964607911173	39819	43230	0.9210964607911173	False
GO:0008287	protein serine/threonine phosphatase complex	cellular_component	1	0.9210964607911173	1.0856626233707527	0.9210964607911173	39819	43230	0.9210964607911173	False
GO:1903293	phosphatase complex	cellular_component	1	0.9210964607911173	1.0856626233707527	0.9210964607911173	39819	43230	0.9210964607911173	False
GO:0000159	protein phosphatase type 2A complex	cellular_component	1	0.9210964607911173	1.0856626233707527	0.9210964607911173	39819	43230	0.9210964607911173	False
GO:0016556	mRNA modification	biological_process	1	0.9210964607911173	1.0856626233707527	0.9210964607911173	39819	43230	0.9210964607911173	False
GO:1990481	mRNA pseudouridine synthesis	biological_process	1	0.9210964607911173	1.0856626233707527	0.9210964607911173	39819	43230	0.9210964607911173	False
GO:0120114	Sm-like protein family complex	cellular_component	1	0.9210964607911173	1.0856626233707527	0.9210964607911173	39819	43230	0.9210964607911173	False
GO:1990726	Lsm1-7-Pat1 complex	cellular_component	1	0.9210964607911173	1.0856626233707527	0.9210964607911173	39819	43230	0.9210964607911173	False
GO:0008641	ubiquitin-like modifier activating enzyme activity	molecular_function	1	0.9210964607911173	1.0856626233707527	0.9210964607911173	39819	43230	0.9210964607911173	False
GO:0140658	ATP-dependent chromatin remodeler activity	molecular_function	1	0.9210964607911173	1.0856626233707527	0.9210964607911173	39819	43230	0.9210964607911173	False
GO:0003785	actin monomer binding	molecular_function	1	0.9210964607911173	1.0856626233707527	0.9210964607911173	39819	43230	0.9210964607911173	False
GO:0045121	membrane raft	cellular_component	1	0.9210964607911173	1.0856626233707527	0.9210964607911173	39819	43230	0.9210964607911173	False
GO:0044853	plasma membrane raft	cellular_component	1	0.9210964607911173	1.0856626233707527	0.9210964607911173	39819	43230	0.9210964607911173	False
GO:0098857	membrane microdomain	cellular_component	1	0.9210964607911173	1.0856626233707527	0.9210964607911173	39819	43230	0.9210964607911173	False
GO:0005901	caveola	cellular_component	1	0.9210964607911173	1.0856626233707527	0.9210964607911173	39819	43230	0.9210964607911173	False
GO:0046349	amino sugar biosynthetic process	biological_process	1	0.9210964607911173	1.0856626233707527	0.9210964607911173	39819	43230	0.9210964607911173	False
GO:0002061	pyrimidine nucleobase binding	molecular_function	1	0.9210964607911173	1.0856626233707527	0.9210964607911173	39819	43230	0.9210964607911173	False
GO:0002058	uracil binding	molecular_function	1	0.9210964607911173	1.0856626233707527	0.9210964607911173	39819	43230	0.9210964607911173	False
GO:0017113	dihydropyrimidine dehydrogenase (NADP+) activity	molecular_function	1	0.9210964607911173	1.0856626233707527	0.9210964607911173	39819	43230	0.9210964607911173	False
GO:0004152	dihydroorotate dehydrogenase activity	molecular_function	1	0.9210964607911173	1.0856626233707527	0.9210964607911173	39819	43230	0.9210964607911173	False
GO:0099518	vesicle cytoskeletal trafficking	biological_process	1	0.9210964607911173	1.0856626233707527	0.9210964607911173	39819	43230	0.9210964607911173	False
GO:0006284	base-excision repair	biological_process	1	0.9210964607911173	1.0856626233707527	0.9210964607911173	39819	43230	0.9210964607911173	False
GO:0006210	thymine catabolic process	biological_process	1	0.9210964607911173	1.0856626233707527	0.9210964607911173	39819	43230	0.9210964607911173	False
GO:0019482	beta-alanine metabolic process	biological_process	1	0.9210964607911173	1.0856626233707527	0.9210964607911173	39819	43230	0.9210964607911173	False
GO:0170043	non-proteinogenic amino acid biosynthetic process	biological_process	1	0.9210964607911173	1.0856626233707527	0.9210964607911173	39819	43230	0.9210964607911173	False
GO:0019483	beta-alanine biosynthetic process	biological_process	1	0.9210964607911173	1.0856626233707527	0.9210964607911173	39819	43230	0.9210964607911173	False
GO:0009174	pyrimidine ribonucleoside monophosphate biosynthetic process	biological_process	1	0.9210964607911173	1.0856626233707527	0.9210964607911173	39819	43230	0.9210964607911173	False
GO:0009130	pyrimidine nucleoside monophosphate biosynthetic process	biological_process	1	0.9210964607911173	1.0856626233707527	0.9210964607911173	39819	43230	0.9210964607911173	False
GO:0046049	UMP metabolic process	biological_process	1	0.9210964607911173	1.0856626233707527	0.9210964607911173	39819	43230	0.9210964607911173	False
GO:0009220	pyrimidine ribonucleotide biosynthetic process	biological_process	1	0.9210964607911173	1.0856626233707527	0.9210964607911173	39819	43230	0.9210964607911173	False
GO:0009218	pyrimidine ribonucleotide metabolic process	biological_process	1	0.9210964607911173	1.0856626233707527	0.9210964607911173	39819	43230	0.9210964607911173	False
GO:0009129	pyrimidine nucleoside monophosphate metabolic process	biological_process	1	0.9210964607911173	1.0856626233707527	0.9210964607911173	39819	43230	0.9210964607911173	False
GO:0009173	pyrimidine ribonucleoside monophosphate metabolic process	biological_process	1	0.9210964607911173	1.0856626233707527	0.9210964607911173	39819	43230	0.9210964607911173	False
GO:0006222	UMP biosynthetic process	biological_process	1	0.9210964607911173	1.0856626233707527	0.9210964607911173	39819	43230	0.9210964607911173	False
GO:0044205	'de novo' UMP biosynthetic process	biological_process	1	0.9210964607911173	1.0856626233707527	0.9210964607911173	39819	43230	0.9210964607911173	False
GO:0002054	nucleobase binding	molecular_function	1	0.9210964607911173	1.0856626233707527	0.9210964607911173	39819	43230	0.9210964607911173	False
GO:0004535	poly(A)-specific ribonuclease activity	molecular_function	1	0.9210964607911173	1.0856626233707527	0.9210964607911173	39819	43230	0.9210964607911173	False
GO:0034243	regulation of transcription elongation by RNA polymerase II	biological_process	1	0.9210964607911173	1.0856626233707527	0.9210964607911173	39819	43230	0.9210964607911173	False
GO:0032784	regulation of DNA-templated transcription elongation	biological_process	1	0.9210964607911173	1.0856626233707527	0.9210964607911173	39819	43230	0.9210964607911173	False
GO:0032786	positive regulation of DNA-templated transcription, elongation	biological_process	1	0.9210964607911173	1.0856626233707527	0.9210964607911173	39819	43230	0.9210964607911173	False
GO:0032968	positive regulation of transcription elongation by RNA polymerase II	biological_process	1	0.9210964607911173	1.0856626233707527	0.9210964607911173	39819	43230	0.9210964607911173	False
GO:0140994	RNA polymerase II CTD heptapeptide repeat modifying activity	molecular_function	1	0.9210964607911173	1.0856626233707527	0.9210964607911173	39819	43230	0.9210964607911173	False
GO:0008353	RNA polymerase II CTD heptapeptide repeat kinase activity	molecular_function	1	0.9210964607911173	1.0856626233707527	0.9210964607911173	39819	43230	0.9210964607911173	False
GO:0030332	cyclin binding	molecular_function	1	0.9210964607911173	1.0856626233707527	0.9210964607911173	39819	43230	0.9210964607911173	False
GO:0019908	nuclear cyclin-dependent protein kinase holoenzyme complex	cellular_component	1	0.9210964607911173	1.0856626233707527	0.9210964607911173	39819	43230	0.9210964607911173	False
GO:0000307	cyclin-dependent protein kinase holoenzyme complex	cellular_component	1	0.9210964607911173	1.0856626233707527	0.9210964607911173	39819	43230	0.9210964607911173	False
GO:0032806	carboxy-terminal domain protein kinase complex	cellular_component	1	0.9210964607911173	1.0856626233707527	0.9210964607911173	39819	43230	0.9210964607911173	False
GO:0008024	cyclin/CDK positive transcription elongation factor complex	cellular_component	1	0.9210964607911173	1.0856626233707527	0.9210964607911173	39819	43230	0.9210964607911173	False
GO:0019860	uracil metabolic process	biological_process	1	0.9210964607911173	1.0856626233707527	0.9210964607911173	39819	43230	0.9210964607911173	False
GO:0006212	uracil catabolic process	biological_process	1	0.9210964607911173	1.0856626233707527	0.9210964607911173	39819	43230	0.9210964607911173	False
GO:0019859	thymine metabolic process	biological_process	1	0.9210964607911173	1.0856626233707527	0.9210964607911173	39819	43230	0.9210964607911173	False
GO:0006047	UDP-N-acetylglucosamine metabolic process	biological_process	1	0.9210964607911173	1.0856626233707527	0.9210964607911173	39819	43230	0.9210964607911173	False
GO:0006048	UDP-N-acetylglucosamine biosynthetic process	biological_process	1	0.9210964607911173	1.0856626233707527	0.9210964607911173	39819	43230	0.9210964607911173	False
GO:0016868	intramolecular phosphotransferase activity	molecular_function	1	0.9210964607911173	1.0856626233707527	0.9210964607911173	39819	43230	0.9210964607911173	False
GO:0004610	phosphoacetylglucosamine mutase activity	molecular_function	1	0.9210964607911173	1.0856626233707527	0.9210964607911173	39819	43230	0.9210964607911173	False
GO:0043269	regulation of monoatomic ion transport	biological_process	1	0.9210964607911173	1.0856626233707527	0.9210964607911173	39819	43230	0.9210964607911173	False
GO:2001256	regulation of store-operated calcium entry	biological_process	1	0.9210964607911173	1.0856626233707527	0.9210964607911173	39819	43230	0.9210964607911173	False
GO:0099643	signal release from synapse	biological_process	1	0.9210964607911173	1.0856626233707527	0.9210964607911173	39819	43230	0.9210964607911173	False
GO:0016079	synaptic vesicle exocytosis	biological_process	1	0.9210964607911173	1.0856626233707527	0.9210964607911173	39819	43230	0.9210964607911173	False
GO:0032253	dense core granule localization	biological_process	1	0.9210964607911173	1.0856626233707527	0.9210964607911173	39819	43230	0.9210964607911173	False
GO:0017156	calcium-ion regulated exocytosis	biological_process	1	0.9210964607911173	1.0856626233707527	0.9210964607911173	39819	43230	0.9210964607911173	False
GO:0032252	secretory granule localization	biological_process	1	0.9210964607911173	1.0856626233707527	0.9210964607911173	39819	43230	0.9210964607911173	False
GO:1990504	dense core granule exocytosis	biological_process	1	0.9210964607911173	1.0856626233707527	0.9210964607911173	39819	43230	0.9210964607911173	False
GO:0034483	heparan sulfate sulfotransferase activity	molecular_function	1	0.9210964607911173	1.0856626233707527	0.9210964607911173	39819	43230	0.9210964607911173	False
GO:0050698	proteoglycan sulfotransferase activity	molecular_function	1	0.9210964607911173	1.0856626233707527	0.9210964607911173	39819	43230	0.9210964607911173	False
GO:0017095	heparan sulfate 6-sulfotransferase activity	molecular_function	1	0.9210964607911173	1.0856626233707527	0.9210964607911173	39819	43230	0.9210964607911173	False
GO:0031010	ISWI-type complex	cellular_component	1	0.9210964607911173	1.0856626233707527	0.9210964607911173	39819	43230	0.9210964607911173	False
GO:0016589	NURF complex	cellular_component	1	0.9210964607911173	1.0856626233707527	0.9210964607911173	39819	43230	0.9210964607911173	False
GO:0044665	MLL1/2 complex	cellular_component	1	0.9210964607911173	1.0856626233707527	0.9210964607911173	39819	43230	0.9210964607911173	False
GO:0071339	MLL1 complex	cellular_component	1	0.9210964607911173	1.0856626233707527	0.9210964607911173	39819	43230	0.9210964607911173	False
GO:1901503	ether biosynthetic process	biological_process	1	0.9210964607911173	1.0856626233707527	0.9210964607911173	39819	43230	0.9210964607911173	False
GO:0046504	glycerol ether biosynthetic process	biological_process	1	0.9210964607911173	1.0856626233707527	0.9210964607911173	39819	43230	0.9210964607911173	False
GO:0008611	ether lipid biosynthetic process	biological_process	1	0.9210964607911173	1.0856626233707527	0.9210964607911173	39819	43230	0.9210964607911173	False
GO:0008609	alkylglycerone-phosphate synthase activity	molecular_function	1	0.9210964607911173	1.0856626233707527	0.9210964607911173	39819	43230	0.9210964607911173	False
GO:0071558	histone H3K27me2/H3K27me3 demethylase activity	molecular_function	1	0.9210964607911173	1.0856626233707527	0.9210964607911173	39819	43230	0.9210964607911173	False
GO:0031490	chromatin DNA binding	molecular_function	1	0.9210964607911173	1.0856626233707527	0.9210964607911173	39819	43230	0.9210964607911173	False
GO:0043992	histone H3K9 acetyltransferase activity	molecular_function	1	0.9210964607911173	1.0856626233707527	0.9210964607911173	39819	43230	0.9210964607911173	False
GO:0140672	ATAC complex	cellular_component	1	0.9210964607911173	1.0856626233707527	0.9210964607911173	39819	43230	0.9210964607911173	False
GO:0008239	dipeptidyl-peptidase activity	molecular_function	1	0.9210964607911173	1.0856626233707527	0.9210964607911173	39819	43230	0.9210964607911173	False
GO:0030145	manganese ion binding	molecular_function	1	0.9210964607911173	1.0856626233707527	0.9210964607911173	39819	43230	0.9210964607911173	False
GO:0047223	beta-1,3-galactosyl-O-glycosyl-glycoprotein beta-1,3-N-acetylglucosaminyltransferase activity	molecular_function	1	0.9210964607911173	1.0856626233707527	0.9210964607911173	39819	43230	0.9210964607911173	False
GO:0003827	alpha-1,3-mannosylglycoprotein 2-beta-N-acetylglucosaminyltransferase activity	molecular_function	1	0.9210964607911173	1.0856626233707527	0.9210964607911173	39819	43230	0.9210964607911173	False
GO:0051924	regulation of calcium ion transport	biological_process	1	0.9210964607911173	1.0856626233707527	0.9210964607911173	39819	43230	0.9210964607911173	False
GO:0010959	regulation of metal ion transport	biological_process	1	0.9210964607911173	1.0856626233707527	0.9210964607911173	39819	43230	0.9210964607911173	False
GO:0099604	ligand-gated calcium channel activity	molecular_function	1	0.9210964607911173	1.0856626233707527	0.9210964607911173	39819	43230	0.9210964607911173	False
GO:0015278	intracellularly gated calcium channel activity	molecular_function	1	0.9210964607911173	1.0856626233707527	0.9210964607911173	39819	43230	0.9210964607911173	False
GO:0005220	inositol 1,4,5-trisphosphate-gated calcium channel activity	molecular_function	1	0.9210964607911173	1.0856626233707527	0.9210964607911173	39819	43230	0.9210964607911173	False
GO:0070492	oligosaccharide binding	molecular_function	1	0.9210964607911173	1.0856626233707527	0.9210964607911173	39819	43230	0.9210964607911173	False
GO:0003844	1,4-alpha-glucan branching enzyme activity	molecular_function	1	0.9210964607911173	1.0856626233707527	0.9210964607911173	39819	43230	0.9210964607911173	False
GO:0003689	DNA clamp loader activity	molecular_function	1	0.9210964607911173	1.0856626233707527	0.9210964607911173	39819	43230	0.9210964607911173	False
GO:0140303	intramembrane lipid transporter activity	molecular_function	1	0.9210964607911173	1.0856626233707527	0.9210964607911173	39819	43230	0.9210964607911173	False
GO:0140326	ATPase-coupled intramembrane lipid transporter activity	molecular_function	1	0.9210964607911173	1.0856626233707527	0.9210964607911173	39819	43230	0.9210964607911173	False
GO:0009791	post-embryonic development	biological_process	1	0.9210964607911173	1.0856626233707527	0.9210964607911173	39819	43230	0.9210964607911173	False
GO:0071163	DNA replication preinitiation complex assembly	biological_process	1	0.9210964607911173	1.0856626233707527	0.9210964607911173	39819	43230	0.9210964607911173	False
GO:1902977	mitotic DNA replication preinitiation complex assembly	biological_process	1	0.9210964607911173	1.0856626233707527	0.9210964607911173	39819	43230	0.9210964607911173	False
GO:0003688	DNA replication origin binding	molecular_function	1	0.9210964607911173	1.0856626233707527	0.9210964607911173	39819	43230	0.9210964607911173	False
GO:0046485	ether lipid metabolic process	biological_process	1	0.9210964607911173	1.0856626233707527	0.9210964607911173	39819	43230	0.9210964607911173	False
GO:0004555	alpha,alpha-trehalase activity	molecular_function	1	0.9210964607911173	1.0856626233707527	0.9210964607911173	39819	43230	0.9210964607911173	False
GO:0030833	regulation of actin filament polymerization	biological_process	1	0.9210964607911173	1.0856626233707527	0.9210964607911173	39819	43230	0.9210964607911173	False
GO:0032272	negative regulation of protein polymerization	biological_process	1	0.9210964607911173	1.0856626233707527	0.9210964607911173	39819	43230	0.9210964607911173	False
GO:0031333	negative regulation of protein-containing complex assembly	biological_process	1	0.9210964607911173	1.0856626233707527	0.9210964607911173	39819	43230	0.9210964607911173	False
GO:1902904	negative regulation of supramolecular fiber organization	biological_process	1	0.9210964607911173	1.0856626233707527	0.9210964607911173	39819	43230	0.9210964607911173	False
GO:0030832	regulation of actin filament length	biological_process	1	0.9210964607911173	1.0856626233707527	0.9210964607911173	39819	43230	0.9210964607911173	False
GO:0008064	regulation of actin polymerization or depolymerization	biological_process	1	0.9210964607911173	1.0856626233707527	0.9210964607911173	39819	43230	0.9210964607911173	False
GO:0032535	regulation of cellular component size	biological_process	1	0.9210964607911173	1.0856626233707527	0.9210964607911173	39819	43230	0.9210964607911173	False
GO:0090066	regulation of anatomical structure size	biological_process	1	0.9210964607911173	1.0856626233707527	0.9210964607911173	39819	43230	0.9210964607911173	False
GO:0030837	negative regulation of actin filament polymerization	biological_process	1	0.9210964607911173	1.0856626233707527	0.9210964607911173	39819	43230	0.9210964607911173	False
GO:0000470	maturation of LSU-rRNA	biological_process	1	0.9210964607911173	1.0856626233707527	0.9210964607911173	39819	43230	0.9210964607911173	False
GO:0000460	maturation of 5.8S rRNA	biological_process	1	0.9210964607911173	1.0856626233707527	0.9210964607911173	39819	43230	0.9210964607911173	False
GO:0042134	rRNA primary transcript binding	molecular_function	1	0.9210964607911173	1.0856626233707527	0.9210964607911173	39819	43230	0.9210964607911173	False
GO:0030687	preribosome, large subunit precursor	cellular_component	1	0.9210964607911173	1.0856626233707527	0.9210964607911173	39819	43230	0.9210964607911173	False
GO:0050803	regulation of synapse structure or activity	biological_process	1	0.9210964607911173	1.0856626233707527	0.9210964607911173	39819	43230	0.9210964607911173	False
GO:0006836	neurotransmitter transport	biological_process	1	0.9210964607911173	1.0856626233707527	0.9210964607911173	39819	43230	0.9210964607911173	False
GO:0098700	neurotransmitter loading into synaptic vesicle	biological_process	1	0.9210964607911173	1.0856626233707527	0.9210964607911173	39819	43230	0.9210964607911173	False
GO:0005326	neurotransmitter transmembrane transporter activity	molecular_function	1	0.9210964607911173	1.0856626233707527	0.9210964607911173	39819	43230	0.9210964607911173	False
GO:0060076	excitatory synapse	cellular_component	1	0.9210964607911173	1.0856626233707527	0.9210964607911173	39819	43230	0.9210964607911173	False
GO:0004577	N-acetylglucosaminyldiphosphodolichol N-acetylglucosaminyltransferase activity	molecular_function	1	0.9210964607911173	1.0856626233707527	0.9210964607911173	39819	43230	0.9210964607911173	False
GO:0043541	UDP-N-acetylglucosamine transferase complex	cellular_component	1	0.9210964607911173	1.0856626233707527	0.9210964607911173	39819	43230	0.9210964607911173	False
GO:0000407	phagophore assembly site	cellular_component	1	0.9210964607911173	1.0856626233707527	0.9210964607911173	39819	43230	0.9210964607911173	False
GO:1990316	Atg1/ULK1 kinase complex	cellular_component	1	0.9210964607911173	1.0856626233707527	0.9210964607911173	39819	43230	0.9210964607911173	False
GO:0046352	disaccharide catabolic process	biological_process	1	0.9210964607911173	1.0856626233707527	0.9210964607911173	39819	43230	0.9210964607911173	False
GO:0016052	carbohydrate catabolic process	biological_process	1	0.9210964607911173	1.0856626233707527	0.9210964607911173	39819	43230	0.9210964607911173	False
GO:0009313	oligosaccharide catabolic process	biological_process	1	0.9210964607911173	1.0856626233707527	0.9210964607911173	39819	43230	0.9210964607911173	False
GO:0005991	trehalose metabolic process	biological_process	1	0.9210964607911173	1.0856626233707527	0.9210964607911173	39819	43230	0.9210964607911173	False
GO:0005984	disaccharide metabolic process	biological_process	1	0.9210964607911173	1.0856626233707527	0.9210964607911173	39819	43230	0.9210964607911173	False
GO:0005993	trehalose catabolic process	biological_process	1	0.9210964607911173	1.0856626233707527	0.9210964607911173	39819	43230	0.9210964607911173	False
GO:0015927	trehalase activity	molecular_function	1	0.9210964607911173	1.0856626233707527	0.9210964607911173	39819	43230	0.9210964607911173	False
GO:0000152	nuclear ubiquitin ligase complex	cellular_component	1	0.9210964607911173	1.0856626233707527	0.9210964607911173	39819	43230	0.9210964607911173	False
GO:0005680	anaphase-promoting complex	cellular_component	1	0.9210964607911173	1.0856626233707527	0.9210964607911173	39819	43230	0.9210964607911173	False
GO:0031338	regulation of vesicle fusion	biological_process	1	0.9210964607911173	1.0856626233707527	0.9210964607911173	39819	43230	0.9210964607911173	False
GO:0031340	positive regulation of vesicle fusion	biological_process	1	0.9210964607911173	1.0856626233707527	0.9210964607911173	39819	43230	0.9210964607911173	False
GO:1903533	regulation of protein targeting	biological_process	1	0.9210964607911173	1.0856626233707527	0.9210964607911173	39819	43230	0.9210964607911173	False
GO:0090313	regulation of protein targeting to membrane	biological_process	1	0.9210964607911173	1.0856626233707527	0.9210964607911173	39819	43230	0.9210964607911173	False
GO:0070201	regulation of establishment of protein localization	biological_process	1	0.9210964607911173	1.0856626233707527	0.9210964607911173	39819	43230	0.9210964607911173	False
GO:0032880	regulation of protein localization	biological_process	1	0.9210964607911173	1.0856626233707527	0.9210964607911173	39819	43230	0.9210964607911173	False
GO:1904951	positive regulation of establishment of protein localization	biological_process	1	0.9210964607911173	1.0856626233707527	0.9210964607911173	39819	43230	0.9210964607911173	False
GO:0090314	positive regulation of protein targeting to membrane	biological_process	1	0.9210964607911173	1.0856626233707527	0.9210964607911173	39819	43230	0.9210964607911173	False
GO:0034764	positive regulation of transmembrane transport	biological_process	1	0.9210964607911173	1.0856626233707527	0.9210964607911173	39819	43230	0.9210964607911173	False
GO:0034762	regulation of transmembrane transport	biological_process	1	0.9210964607911173	1.0856626233707527	0.9210964607911173	39819	43230	0.9210964607911173	False
GO:0010827	regulation of D-glucose transmembrane transport	biological_process	1	0.9210964607911173	1.0856626233707527	0.9210964607911173	39819	43230	0.9210964607911173	False
GO:0010828	positive regulation of D-glucose transmembrane transport	biological_process	1	0.9210964607911173	1.0856626233707527	0.9210964607911173	39819	43230	0.9210964607911173	False
GO:0065002	intracellular protein transmembrane transport	biological_process	1	0.9210964607911173	1.0856626233707527	0.9210964607911173	39819	43230	0.9210964607911173	False
GO:0035249	synaptic transmission, glutamatergic	biological_process	1	0.9210964607911173	1.0856626233707527	0.9210964607911173	39819	43230	0.9210964607911173	False
GO:0007423	sensory organ development	biological_process	1	0.9210964607911173	1.0856626233707527	0.9210964607911173	39819	43230	0.9210964607911173	False
GO:0001654	eye development	biological_process	1	0.9210964607911173	1.0856626233707527	0.9210964607911173	39819	43230	0.9210964607911173	False
GO:0007088	regulation of mitotic nuclear division	biological_process	1	0.9210964607911173	1.0856626233707527	0.9210964607911173	39819	43230	0.9210964607911173	False
GO:0030071	regulation of mitotic metaphase/anaphase transition	biological_process	1	0.9210964607911173	1.0856626233707527	0.9210964607911173	39819	43230	0.9210964607911173	False
GO:0033045	regulation of sister chromatid segregation	biological_process	1	0.9210964607911173	1.0856626233707527	0.9210964607911173	39819	43230	0.9210964607911173	False
GO:0010965	regulation of mitotic sister chromatid separation	biological_process	1	0.9210964607911173	1.0856626233707527	0.9210964607911173	39819	43230	0.9210964607911173	False
GO:0090231	regulation of spindle checkpoint	biological_process	1	0.9210964607911173	1.0856626233707527	0.9210964607911173	39819	43230	0.9210964607911173	False
GO:0051983	regulation of chromosome segregation	biological_process	1	0.9210964607911173	1.0856626233707527	0.9210964607911173	39819	43230	0.9210964607911173	False
GO:0051783	regulation of nuclear division	biological_process	1	0.9210964607911173	1.0856626233707527	0.9210964607911173	39819	43230	0.9210964607911173	False
GO:1901976	regulation of cell cycle checkpoint	biological_process	1	0.9210964607911173	1.0856626233707527	0.9210964607911173	39819	43230	0.9210964607911173	False
GO:1902099	regulation of metaphase/anaphase transition of cell cycle	biological_process	1	0.9210964607911173	1.0856626233707527	0.9210964607911173	39819	43230	0.9210964607911173	False
GO:0033047	regulation of mitotic sister chromatid segregation	biological_process	1	0.9210964607911173	1.0856626233707527	0.9210964607911173	39819	43230	0.9210964607911173	False
GO:1905818	regulation of chromosome separation	biological_process	1	0.9210964607911173	1.0856626233707527	0.9210964607911173	39819	43230	0.9210964607911173	False
GO:1903504	regulation of mitotic spindle checkpoint	biological_process	1	0.9210964607911173	1.0856626233707527	0.9210964607911173	39819	43230	0.9210964607911173	False
GO:0033044	regulation of chromosome organization	biological_process	1	0.9210964607911173	1.0856626233707527	0.9210964607911173	39819	43230	0.9210964607911173	False
GO:0090266	regulation of mitotic cell cycle spindle assembly checkpoint	biological_process	1	0.9210964607911173	1.0856626233707527	0.9210964607911173	39819	43230	0.9210964607911173	False
GO:0051241	negative regulation of multicellular organismal process	biological_process	1	0.9210964607911173	1.0856626233707527	0.9210964607911173	39819	43230	0.9210964607911173	False
GO:0046620	regulation of organ growth	biological_process	1	0.9210964607911173	1.0856626233707527	0.9210964607911173	39819	43230	0.9210964607911173	False
GO:0048640	negative regulation of developmental growth	biological_process	1	0.9210964607911173	1.0856626233707527	0.9210964607911173	39819	43230	0.9210964607911173	False
GO:0046621	negative regulation of organ growth	biological_process	1	0.9210964607911173	1.0856626233707527	0.9210964607911173	39819	43230	0.9210964607911173	False
GO:0051896	regulation of phosphatidylinositol 3-kinase/protein kinase B signal transduction	biological_process	1	0.9210964607911173	1.0856626233707527	0.9210964607911173	39819	43230	0.9210964607911173	False
GO:0051898	negative regulation of phosphatidylinositol 3-kinase/protein kinase B signal transduction	biological_process	1	0.9210964607911173	1.0856626233707527	0.9210964607911173	39819	43230	0.9210964607911173	False
GO:0098927	vesicle-mediated transport between endosomal compartments	biological_process	1	0.9210964607911173	1.0856626233707527	0.9210964607911173	39819	43230	0.9210964607911173	False
GO:0045022	early endosome to late endosome transport	biological_process	1	0.9210964607911173	1.0856626233707527	0.9210964607911173	39819	43230	0.9210964607911173	False
GO:0035014	phosphatidylinositol 3-kinase regulator activity	molecular_function	1	0.9210964607911173	1.0856626233707527	0.9210964607911173	39819	43230	0.9210964607911173	False
GO:0141039	phosphatidylinositol 3-kinase inhibitor activity	molecular_function	1	0.9210964607911173	1.0856626233707527	0.9210964607911173	39819	43230	0.9210964607911173	False
GO:0003002	regionalization	biological_process	1	0.9210964607911173	1.0856626233707527	0.9210964607911173	39819	43230	0.9210964607911173	False
GO:0009952	anterior/posterior pattern specification	biological_process	1	0.9210964607911173	1.0856626233707527	0.9210964607911173	39819	43230	0.9210964607911173	False
GO:0007365	periodic partitioning	biological_process	1	0.9210964607911173	1.0856626233707527	0.9210964607911173	39819	43230	0.9210964607911173	False
GO:0007366	periodic partitioning by pair rule gene	biological_process	1	0.9210964607911173	1.0856626233707527	0.9210964607911173	39819	43230	0.9210964607911173	False
GO:0032783	super elongation complex	cellular_component	1	0.9210964607911173	1.0856626233707527	0.9210964607911173	39819	43230	0.9210964607911173	False
GO:0048598	embryonic morphogenesis	biological_process	1	0.9210964607911173	1.0856626233707527	0.9210964607911173	39819	43230	0.9210964607911173	False
GO:0002178	palmitoyltransferase complex	cellular_component	1	0.9210964607911173	1.0856626233707527	0.9210964607911173	39819	43230	0.9210964607911173	False
GO:1900371	regulation of purine nucleotide biosynthetic process	biological_process	1	0.9210964607911173	1.0856626233707527	0.9210964607911173	39819	43230	0.9210964607911173	False
GO:0030808	regulation of nucleotide biosynthetic process	biological_process	1	0.9210964607911173	1.0856626233707527	0.9210964607911173	39819	43230	0.9210964607911173	False
GO:1903578	regulation of ATP metabolic process	biological_process	1	0.9210964607911173	1.0856626233707527	0.9210964607911173	39819	43230	0.9210964607911173	False
GO:0019220	regulation of phosphate metabolic process	biological_process	1	0.9210964607911173	1.0856626233707527	0.9210964607911173	39819	43230	0.9210964607911173	False
GO:0006140	regulation of nucleotide metabolic process	biological_process	1	0.9210964607911173	1.0856626233707527	0.9210964607911173	39819	43230	0.9210964607911173	False
GO:0051174	regulation of phosphorus metabolic process	biological_process	1	0.9210964607911173	1.0856626233707527	0.9210964607911173	39819	43230	0.9210964607911173	False
GO:1900542	regulation of purine nucleotide metabolic process	biological_process	1	0.9210964607911173	1.0856626233707527	0.9210964607911173	39819	43230	0.9210964607911173	False
GO:0006627	protein processing involved in protein targeting to mitochondrion	biological_process	1	0.9210964607911173	1.0856626233707527	0.9210964607911173	39819	43230	0.9210964607911173	False
GO:0090385	phagosome-lysosome fusion	biological_process	1	0.9210964607911173	1.0856626233707527	0.9210964607911173	39819	43230	0.9210964607911173	False
GO:0007041	lysosomal transport	biological_process	1	0.9210964607911173	1.0856626233707527	0.9210964607911173	39819	43230	0.9210964607911173	False
GO:0008333	endosome to lysosome transport	biological_process	1	0.9210964607911173	1.0856626233707527	0.9210964607911173	39819	43230	0.9210964607911173	False
GO:0045335	phagocytic vesicle	cellular_component	1	0.9210964607911173	1.0856626233707527	0.9210964607911173	39819	43230	0.9210964607911173	False
GO:0017145	stem cell division	biological_process	1	0.9210964607911173	1.0856626233707527	0.9210964607911173	39819	43230	0.9210964607911173	False
GO:0042078	germ-line stem cell division	biological_process	1	0.9210964607911173	1.0856626233707527	0.9210964607911173	39819	43230	0.9210964607911173	False
GO:0006360	transcription by RNA polymerase I	biological_process	1	0.9210964607911173	1.0856626233707527	0.9210964607911173	39819	43230	0.9210964607911173	False
GO:0035330	regulation of hippo signaling	biological_process	1	0.9210964607911173	1.0856626233707527	0.9210964607911173	39819	43230	0.9210964607911173	False
GO:0045926	negative regulation of growth	biological_process	1	0.9210964607911173	1.0856626233707527	0.9210964607911173	39819	43230	0.9210964607911173	False
GO:0051093	negative regulation of developmental process	biological_process	1	0.9210964607911173	1.0856626233707527	0.9210964607911173	39819	43230	0.9210964607911173	False
GO:2001169	regulation of ATP biosynthetic process	biological_process	1	0.9210964607911173	1.0856626233707527	0.9210964607911173	39819	43230	0.9210964607911173	False
GO:1905706	regulation of mitochondrial ATP synthesis coupled proton transport	biological_process	1	0.9210964607911173	1.0856626233707527	0.9210964607911173	39819	43230	0.9210964607911173	False
GO:0043487	regulation of RNA stability	biological_process	1	0.9210964607911173	1.0856626233707527	0.9210964607911173	39819	43230	0.9210964607911173	False
GO:0061013	regulation of mRNA catabolic process	biological_process	1	0.9210964607911173	1.0856626233707527	0.9210964607911173	39819	43230	0.9210964607911173	False
GO:0043488	regulation of mRNA stability	biological_process	1	0.9210964607911173	1.0856626233707527	0.9210964607911173	39819	43230	0.9210964607911173	False
GO:0044528	regulation of mitochondrial mRNA stability	biological_process	1	0.9210964607911173	1.0856626233707527	0.9210964607911173	39819	43230	0.9210964607911173	False
GO:0034979	NAD-dependent protein lysine deacetylase activity	molecular_function	1	0.9210964607911173	1.0856626233707527	0.9210964607911173	39819	43230	0.9210964607911173	False
GO:0004407	histone deacetylase activity	molecular_function	1	0.9210964607911173	1.0856626233707527	0.9210964607911173	39819	43230	0.9210964607911173	False
GO:0033558	protein lysine deacetylase activity	molecular_function	1	0.9210964607911173	1.0856626233707527	0.9210964607911173	39819	43230	0.9210964607911173	False
GO:0141218	NAD-dependent protein lysine deacylase activity	molecular_function	1	0.9210964607911173	1.0856626233707527	0.9210964607911173	39819	43230	0.9210964607911173	False
GO:0017136	histone deacetylase activity, NAD-dependent	molecular_function	1	0.9210964607911173	1.0856626233707527	0.9210964607911173	39819	43230	0.9210964607911173	False
GO:0001217	DNA-binding transcription repressor activity	molecular_function	1	0.9210964607911173	1.0856626233707527	0.9210964607911173	39819	43230	0.9210964607911173	False
GO:0001227	DNA-binding transcription repressor activity, RNA polymerase II-specific	molecular_function	1	0.9210964607911173	1.0856626233707527	0.9210964607911173	39819	43230	0.9210964607911173	False
GO:0035966	response to topologically incorrect protein	biological_process	1	0.9210964607911173	1.0856626233707527	0.9210964607911173	39819	43230	0.9210964607911173	False
GO:0006986	response to unfolded protein	biological_process	1	0.9210964607911173	1.0856626233707527	0.9210964607911173	39819	43230	0.9210964607911173	False
GO:0004046	aminoacylase activity	molecular_function	1	0.9210964607911173	1.0856626233707527	0.9210964607911173	39819	43230	0.9210964607911173	False
GO:0016441	post-transcriptional gene silencing	biological_process	1	0.9210964607911173	1.0856626233707527	0.9210964607911173	39819	43230	0.9210964607911173	False
GO:0035194	regulatory ncRNA-mediated post-transcriptional gene silencing	biological_process	1	0.9210964607911173	1.0856626233707527	0.9210964607911173	39819	43230	0.9210964607911173	False
GO:0031127	alpha-(1,2)-fucosyltransferase activity	molecular_function	1	0.9210964607911173	1.0856626233707527	0.9210964607911173	39819	43230	0.9210964607911173	False
GO:0008107	galactoside 2-alpha-L-fucosyltransferase activity	molecular_function	1	0.9210964607911173	1.0856626233707527	0.9210964607911173	39819	43230	0.9210964607911173	False
GO:0070212	protein poly-ADP-ribosylation	biological_process	1	0.9210964607911173	1.0856626233707527	0.9210964607911173	39819	43230	0.9210964607911173	False
GO:1990404	NAD+-protein mono-ADP-ribosyltransferase activity	molecular_function	1	0.9210964607911173	1.0856626233707527	0.9210964607911173	39819	43230	0.9210964607911173	False
GO:0003950	NAD+ poly-ADP-ribosyltransferase activity	molecular_function	1	0.9210964607911173	1.0856626233707527	0.9210964607911173	39819	43230	0.9210964607911173	False
GO:0007220	Notch receptor processing	biological_process	1	0.9210964607911173	1.0856626233707527	0.9210964607911173	39819	43230	0.9210964607911173	False
GO:0080135	regulation of cellular response to stress	biological_process	1	0.9210964607911173	1.0856626233707527	0.9210964607911173	39819	43230	0.9210964607911173	False
GO:0006282	regulation of DNA repair	biological_process	1	0.9210964607911173	1.0856626233707527	0.9210964607911173	39819	43230	0.9210964607911173	False
GO:0009205	purine ribonucleoside triphosphate metabolic process	biological_process	1	0.9210964607911173	1.0856626233707527	0.9210964607911173	39819	43230	0.9210964607911173	False
GO:0046034	ATP metabolic process	biological_process	1	0.9210964607911173	1.0856626233707527	0.9210964607911173	39819	43230	0.9210964607911173	False
GO:0009141	nucleoside triphosphate metabolic process	biological_process	1	0.9210964607911173	1.0856626233707527	0.9210964607911173	39819	43230	0.9210964607911173	False
GO:0009144	purine nucleoside triphosphate metabolic process	biological_process	1	0.9210964607911173	1.0856626233707527	0.9210964607911173	39819	43230	0.9210964607911173	False
GO:1990966	ATP generation from poly-ADP-D-ribose	biological_process	1	0.9210964607911173	1.0856626233707527	0.9210964607911173	39819	43230	0.9210964607911173	False
GO:0004649	poly(ADP-ribose) glycohydrolase activity	molecular_function	1	0.9210964607911173	1.0856626233707527	0.9210964607911173	39819	43230	0.9210964607911173	False
GO:0030048	actin filament-based movement	biological_process	1	0.9210964607911173	1.0856626233707527	0.9210964607911173	39819	43230	0.9210964607911173	False
GO:0000146	microfilament motor activity	molecular_function	1	0.9210964607911173	1.0856626233707527	0.9210964607911173	39819	43230	0.9210964607911173	False
GO:0098858	actin-based cell projection	cellular_component	1	0.9210964607911173	1.0856626233707527	0.9210964607911173	39819	43230	0.9210964607911173	False
GO:0005902	microvillus	cellular_component	1	0.9210964607911173	1.0856626233707527	0.9210964607911173	39819	43230	0.9210964607911173	False
GO:0016212	kynurenine-oxoglutarate transaminase activity	molecular_function	1	0.9210964607911173	1.0856626233707527	0.9210964607911173	39819	43230	0.9210964607911173	False
GO:0106354	tRNA surveillance	biological_process	1	0.9210964607911173	1.0856626233707527	0.9210964607911173	39819	43230	0.9210964607911173	False
GO:0016078	tRNA decay	biological_process	1	0.9210964607911173	1.0856626233707527	0.9210964607911173	39819	43230	0.9210964607911173	False
GO:0071038	TRAMP-dependent tRNA surveillance pathway	biological_process	1	0.9210964607911173	1.0856626233707527	0.9210964607911173	39819	43230	0.9210964607911173	False
GO:0043144	sno(s)RNA processing	biological_process	1	0.9210964607911173	1.0856626233707527	0.9210964607911173	39819	43230	0.9210964607911173	False
GO:0031126	sno(s)RNA 3'-end processing	biological_process	1	0.9210964607911173	1.0856626233707527	0.9210964607911173	39819	43230	0.9210964607911173	False
GO:0071051	poly(A)-dependent snoRNA 3'-end processing	biological_process	1	0.9210964607911173	1.0856626233707527	0.9210964607911173	39819	43230	0.9210964607911173	False
GO:0016076	snRNA catabolic process	biological_process	1	0.9210964607911173	1.0856626233707527	0.9210964607911173	39819	43230	0.9210964607911173	False
GO:0071037	nuclear polyadenylation-dependent snRNA catabolic process	biological_process	1	0.9210964607911173	1.0856626233707527	0.9210964607911173	39819	43230	0.9210964607911173	False
GO:0016077	sno(s)RNA catabolic process	biological_process	1	0.9210964607911173	1.0856626233707527	0.9210964607911173	39819	43230	0.9210964607911173	False
GO:0071036	nuclear polyadenylation-dependent snoRNA catabolic process	biological_process	1	0.9210964607911173	1.0856626233707527	0.9210964607911173	39819	43230	0.9210964607911173	False
GO:0071035	nuclear polyadenylation-dependent rRNA catabolic process	biological_process	1	0.9210964607911173	1.0856626233707527	0.9210964607911173	39819	43230	0.9210964607911173	False
GO:0071034	CUT catabolic process	biological_process	1	0.9210964607911173	1.0856626233707527	0.9210964607911173	39819	43230	0.9210964607911173	False
GO:0071039	nuclear polyadenylation-dependent CUT catabolic process	biological_process	1	0.9210964607911173	1.0856626233707527	0.9210964607911173	39819	43230	0.9210964607911173	False
GO:0097176	epoxide metabolic process	biological_process	1	0.9210964607911173	1.0856626233707527	0.9210964607911173	39819	43230	0.9210964607911173	False
GO:0033961	cis-stilbene-oxide hydrolase activity	molecular_function	1	0.9210964607911173	1.0856626233707527	0.9210964607911173	39819	43230	0.9210964607911173	False
GO:0071041	antisense RNA transcript catabolic process	biological_process	1	0.9210964607911173	1.0856626233707527	0.9210964607911173	39819	43230	0.9210964607911173	False
GO:0042868	antisense RNA metabolic process	biological_process	1	0.9210964607911173	1.0856626233707527	0.9210964607911173	39819	43230	0.9210964607911173	False
GO:0071040	nuclear polyadenylation-dependent antisense transcript catabolic process	biological_process	1	0.9210964607911173	1.0856626233707527	0.9210964607911173	39819	43230	0.9210964607911173	False
GO:0006309	apoptotic DNA fragmentation	biological_process	1	0.9210964607911173	1.0856626233707527	0.9210964607911173	39819	43230	0.9210964607911173	False
GO:0016889	DNA endonuclease activity, producing 3'-phosphomonoesters	molecular_function	1	0.9210964607911173	1.0856626233707527	0.9210964607911173	39819	43230	0.9210964607911173	False
GO:0004531	deoxyribonuclease II activity	molecular_function	1	0.9210964607911173	1.0856626233707527	0.9210964607911173	39819	43230	0.9210964607911173	False
GO:0008198	ferrous iron binding	molecular_function	1	0.9210964607911173	1.0856626233707527	0.9210964607911173	39819	43230	0.9210964607911173	False
GO:0030141	secretory granule	cellular_component	1	0.9210964607911173	1.0856626233707527	0.9210964607911173	39819	43230	0.9210964607911173	False
GO:0006120	mitochondrial electron transport, NADH to ubiquinone	biological_process	1	0.9210964607911173	1.0856626233707527	0.9210964607911173	39819	43230	0.9210964607911173	False
GO:0098803	respiratory chain complex	cellular_component	1	0.9210964607911173	1.0856626233707527	0.9210964607911173	39819	43230	0.9210964607911173	False
GO:0030964	NADH dehydrogenase complex	cellular_component	1	0.9210964607911173	1.0856626233707527	0.9210964607911173	39819	43230	0.9210964607911173	False
GO:1990204	oxidoreductase complex	cellular_component	1	0.9210964607911173	1.0856626233707527	0.9210964607911173	39819	43230	0.9210964607911173	False
GO:0045271	respiratory chain complex I	cellular_component	1	0.9210964607911173	1.0856626233707527	0.9210964607911173	39819	43230	0.9210964607911173	False
GO:0008349	MAP kinase kinase kinase kinase activity	molecular_function	1	0.9210964607911173	1.0856626233707527	0.9210964607911173	39819	43230	0.9210964607911173	False
GO:0008334	histone mRNA metabolic process	biological_process	1	0.9210964607911173	1.0856626233707527	0.9210964607911173	39819	43230	0.9210964607911173	False
GO:0071044	histone mRNA catabolic process	biological_process	1	0.9210964607911173	1.0856626233707527	0.9210964607911173	39819	43230	0.9210964607911173	False
GO:0031125	rRNA 3'-end processing	biological_process	1	0.9210964607911173	1.0856626233707527	0.9210964607911173	39819	43230	0.9210964607911173	False
GO:0000467	exonucleolytic trimming to generate mature 3'-end of 5.8S rRNA from tricistronic rRNA transcript (SSU-rRNA, 5.8S rRNA, LSU-rRNA)	biological_process	1	0.9210964607911173	1.0856626233707527	0.9210964607911173	39819	43230	0.9210964607911173	False
GO:0003727	single-stranded RNA binding	molecular_function	1	0.9210964607911173	1.0856626233707527	0.9210964607911173	39819	43230	0.9210964607911173	False
GO:0000178	exosome (RNase complex)	cellular_component	1	0.9210964607911173	1.0856626233707527	0.9210964607911173	39819	43230	0.9210964607911173	False
GO:1905354	exoribonuclease complex	cellular_component	1	0.9210964607911173	1.0856626233707527	0.9210964607911173	39819	43230	0.9210964607911173	False
GO:0004806	triacylglycerol lipase activity	molecular_function	1	0.9210964607911173	1.0856626233707527	0.9210964607911173	39819	43230	0.9210964607911173	False
GO:0062197	cellular response to chemical stress	biological_process	1	0.9210964607911173	1.0856626233707527	0.9210964607911173	39819	43230	0.9210964607911173	False
GO:0034599	cellular response to oxidative stress	biological_process	1	0.9210964607911173	1.0856626233707527	0.9210964607911173	39819	43230	0.9210964607911173	False
GO:0045454	cell redox homeostasis	biological_process	1	0.9210964607911173	1.0856626233707527	0.9210964607911173	39819	43230	0.9210964607911173	False
GO:0015035	protein-disulfide reductase activity	molecular_function	1	0.9210964607911173	1.0856626233707527	0.9210964607911173	39819	43230	0.9210964607911173	False
GO:0047134	protein-disulfide reductase [NAD(P)H] activity	molecular_function	1	0.9210964607911173	1.0856626233707527	0.9210964607911173	39819	43230	0.9210964607911173	False
GO:0004791	thioredoxin-disulfide reductase (NADPH) activity	molecular_function	1	0.9210964607911173	1.0856626233707527	0.9210964607911173	39819	43230	0.9210964607911173	False
GO:0015038	glutathione disulfide oxidoreductase activity	molecular_function	1	0.9210964607911173	1.0856626233707527	0.9210964607911173	39819	43230	0.9210964607911173	False
GO:0004362	glutathione-disulfide reductase (NADPH) activity	molecular_function	1	0.9210964607911173	1.0856626233707527	0.9210964607911173	39819	43230	0.9210964607911173	False
GO:0000176	nuclear exosome (RNase complex)	cellular_component	1	0.9210964607911173	1.0856626233707527	0.9210964607911173	39819	43230	0.9210964607911173	False
GO:0006383	transcription by RNA polymerase III	biological_process	1	0.9210964607911173	1.0856626233707527	0.9210964607911173	39819	43230	0.9210964607911173	False
GO:0042796	snRNA transcription by RNA polymerase III	biological_process	1	0.9210964607911173	1.0856626233707527	0.9210964607911173	39819	43230	0.9210964607911173	False
GO:0042795	snRNA transcription by RNA polymerase II	biological_process	1	0.9210964607911173	1.0856626233707527	0.9210964607911173	39819	43230	0.9210964607911173	False
GO:0000992	RNA polymerase III cis-regulatory region sequence-specific DNA binding	molecular_function	1	0.9210964607911173	1.0856626233707527	0.9210964607911173	39819	43230	0.9210964607911173	False
GO:0001016	RNA polymerase III transcription regulatory region sequence-specific DNA binding	molecular_function	1	0.9210964607911173	1.0856626233707527	0.9210964607911173	39819	43230	0.9210964607911173	False
GO:0001006	RNA polymerase III type 3 promoter sequence-specific DNA binding	molecular_function	1	0.9210964607911173	1.0856626233707527	0.9210964607911173	39819	43230	0.9210964607911173	False
GO:0019185	snRNA-activating protein complex	cellular_component	1	0.9210964607911173	1.0856626233707527	0.9210964607911173	39819	43230	0.9210964607911173	False
GO:0006367	transcription initiation at RNA polymerase II promoter	biological_process	1	0.9210964607911173	1.0856626233707527	0.9210964607911173	39819	43230	0.9210964607911173	False
GO:0005672	transcription factor TFIIA complex	cellular_component	1	0.9210964607911173	1.0856626233707527	0.9210964607911173	39819	43230	0.9210964607911173	False
GO:0031526	brush border membrane	cellular_component	1	0.9210964607911173	1.0856626233707527	0.9210964607911173	39819	43230	0.9210964607911173	False
GO:0042254	ribosome biogenesis	biological_process	1	0.9210964607911173	1.0856626233707527	0.9210964607911173	39819	43230	0.9210964607911173	False
GO:1990275	preribosome binding	molecular_function	1	0.9210964607911173	1.0856626233707527	0.9210964607911173	39819	43230	0.9210964607911173	False
GO:0042350	GDP-L-fucose biosynthetic process	biological_process	1	0.9210964607911173	1.0856626233707527	0.9210964607911173	39819	43230	0.9210964607911173	False
GO:0019673	GDP-mannose metabolic process	biological_process	1	0.9210964607911173	1.0856626233707527	0.9210964607911173	39819	43230	0.9210964607911173	False
GO:0046368	GDP-L-fucose metabolic process	biological_process	1	0.9210964607911173	1.0856626233707527	0.9210964607911173	39819	43230	0.9210964607911173	False
GO:0042351	'de novo' GDP-L-fucose biosynthetic process	biological_process	1	0.9210964607911173	1.0856626233707527	0.9210964607911173	39819	43230	0.9210964607911173	False
GO:0008446	GDP-mannose 4,6-dehydratase activity	molecular_function	1	0.9210964607911173	1.0856626233707527	0.9210964607911173	39819	43230	0.9210964607911173	False
GO:0031647	regulation of protein stability	biological_process	1	0.9210964607911173	1.0856626233707527	0.9210964607911173	39819	43230	0.9210964607911173	False
GO:0050821	protein stabilization	biological_process	1	0.9210964607911173	1.0856626233707527	0.9210964607911173	39819	43230	0.9210964607911173	False
GO:0032045	guanyl-nucleotide exchange factor complex	cellular_component	1	0.9210964607911173	1.0856626233707527	0.9210964607911173	39819	43230	0.9210964607911173	False
GO:0035658	Mon1-Ccz1 complex	cellular_component	1	0.9210964607911173	1.0856626233707527	0.9210964607911173	39819	43230	0.9210964607911173	False
GO:0044089	positive regulation of cellular component biogenesis	biological_process	1	0.9210964607911173	1.0856626233707527	0.9210964607911173	39819	43230	0.9210964607911173	False
GO:0031334	positive regulation of protein-containing complex assembly	biological_process	1	0.9210964607911173	1.0856626233707527	0.9210964607911173	39819	43230	0.9210964607911173	False
GO:0032273	positive regulation of protein polymerization	biological_process	1	0.9210964607911173	1.0856626233707527	0.9210964607911173	39819	43230	0.9210964607911173	False
GO:0031109	microtubule polymerization or depolymerization	biological_process	1	0.9210964607911173	1.0856626233707527	0.9210964607911173	39819	43230	0.9210964607911173	False
GO:0051258	protein polymerization	biological_process	1	0.9210964607911173	1.0856626233707527	0.9210964607911173	39819	43230	0.9210964607911173	False
GO:0046785	microtubule polymerization	biological_process	1	0.9210964607911173	1.0856626233707527	0.9210964607911173	39819	43230	0.9210964607911173	False
GO:1904893	negative regulation of receptor signaling pathway via STAT	biological_process	1	0.9210964607911173	1.0856626233707527	0.9210964607911173	39819	43230	0.9210964607911173	False
GO:0046425	regulation of receptor signaling pathway via JAK-STAT	biological_process	1	0.9210964607911173	1.0856626233707527	0.9210964607911173	39819	43230	0.9210964607911173	False
GO:1904892	regulation of receptor signaling pathway via STAT	biological_process	1	0.9210964607911173	1.0856626233707527	0.9210964607911173	39819	43230	0.9210964607911173	False
GO:0046426	negative regulation of receptor signaling pathway via JAK-STAT	biological_process	1	0.9210964607911173	1.0856626233707527	0.9210964607911173	39819	43230	0.9210964607911173	False
GO:0070372	regulation of ERK1 and ERK2 cascade	biological_process	1	0.9210964607911173	1.0856626233707527	0.9210964607911173	39819	43230	0.9210964607911173	False
GO:0070373	negative regulation of ERK1 and ERK2 cascade	biological_process	1	0.9210964607911173	1.0856626233707527	0.9210964607911173	39819	43230	0.9210964607911173	False
GO:0010833	telomere maintenance via telomere lengthening	biological_process	1	0.9210964607911173	1.0856626233707527	0.9210964607911173	39819	43230	0.9210964607911173	False
GO:0006278	RNA-templated DNA biosynthetic process	biological_process	1	0.9210964607911173	1.0856626233707527	0.9210964607911173	39819	43230	0.9210964607911173	False
GO:0007004	telomere maintenance via telomerase	biological_process	1	0.9210964607911173	1.0856626233707527	0.9210964607911173	39819	43230	0.9210964607911173	False
GO:0006312	mitotic recombination	biological_process	1	0.9210964607911173	1.0856626233707527	0.9210964607911173	39819	43230	0.9210964607911173	False
GO:0000722	telomere maintenance via recombination	biological_process	1	0.9210964607911173	1.0856626233707527	0.9210964607911173	39819	43230	0.9210964607911173	False
GO:0070192	chromosome organization involved in meiotic cell cycle	biological_process	1	0.9210964607911173	1.0856626233707527	0.9210964607911173	39819	43230	0.9210964607911173	False
GO:0098847	sequence-specific single stranded DNA binding	molecular_function	1	0.9210964607911173	1.0856626233707527	0.9210964607911173	39819	43230	0.9210964607911173	False
GO:0043047	single-stranded telomeric DNA binding	molecular_function	1	0.9210964607911173	1.0856626233707527	0.9210964607911173	39819	43230	0.9210964607911173	False
GO:0051880	G-quadruplex DNA binding	molecular_function	1	0.9210964607911173	1.0856626233707527	0.9210964607911173	39819	43230	0.9210964607911173	False
GO:0003691	double-stranded telomeric DNA binding	molecular_function	1	0.9210964607911173	1.0856626233707527	0.9210964607911173	39819	43230	0.9210964607911173	False
GO:0030870	Mre11 complex	cellular_component	1	0.9210964607911173	1.0856626233707527	0.9210964607911173	39819	43230	0.9210964607911173	False
GO:0000228	nuclear chromosome	cellular_component	1	0.9210964607911173	1.0856626233707527	0.9210964607911173	39819	43230	0.9210964607911173	False
GO:0000793	condensed chromosome	cellular_component	1	0.9210964607911173	1.0856626233707527	0.9210964607911173	39819	43230	0.9210964607911173	False
GO:0000794	condensed nuclear chromosome	cellular_component	1	0.9210964607911173	1.0856626233707527	0.9210964607911173	39819	43230	0.9210964607911173	False
GO:0004312	fatty acid synthase activity	molecular_function	1	0.9210964607911173	1.0856626233707527	0.9210964607911173	39819	43230	0.9210964607911173	False
GO:0033787	cyanocobalamin reductase (cyanide-eliminating) (NADP+) activity	molecular_function	1	0.9210964607911173	1.0856626233707527	0.9210964607911173	39819	43230	0.9210964607911173	False
GO:0008172	S-methyltransferase activity	molecular_function	1	0.9210964607911173	1.0856626233707527	0.9210964607911173	39819	43230	0.9210964607911173	False
GO:0008119	thiopurine S-methyltransferase activity	molecular_function	1	0.9210964607911173	1.0856626233707527	0.9210964607911173	39819	43230	0.9210964607911173	False
GO:0005372	water transmembrane transporter activity	molecular_function	1	0.9210964607911173	1.0856626233707527	0.9210964607911173	39819	43230	0.9210964607911173	False
GO:0015250	water channel activity	molecular_function	1	0.9210964607911173	1.0856626233707527	0.9210964607911173	39819	43230	0.9210964607911173	False
GO:0015168	glycerol transmembrane transporter activity	molecular_function	1	0.9210964607911173	1.0856626233707527	0.9210964607911173	39819	43230	0.9210964607911173	False
GO:0015166	polyol transmembrane transporter activity	molecular_function	1	0.9210964607911173	1.0856626233707527	0.9210964607911173	39819	43230	0.9210964607911173	False
GO:0015254	glycerol channel activity	molecular_function	1	0.9210964607911173	1.0856626233707527	0.9210964607911173	39819	43230	0.9210964607911173	False
GO:0000479	endonucleolytic cleavage of tricistronic rRNA transcript (SSU-rRNA, 5.8S rRNA, LSU-rRNA)	biological_process	1	0.9210964607911173	1.0856626233707527	0.9210964607911173	39819	43230	0.9210964607911173	False
GO:0000448	cleavage in ITS2 between 5.8S rRNA and LSU-rRNA of tricistronic rRNA transcript (SSU-rRNA, 5.8S rRNA, LSU-rRNA)	biological_process	1	0.9210964607911173	1.0856626233707527	0.9210964607911173	39819	43230	0.9210964607911173	False
GO:0051731	polynucleotide 5'-hydroxyl-kinase activity	molecular_function	1	0.9210964607911173	1.0856626233707527	0.9210964607911173	39819	43230	0.9210964607911173	False
GO:0070936	protein K48-linked ubiquitination	biological_process	1	0.9210964607911173	1.0856626233707527	0.9210964607911173	39819	43230	0.9210964607911173	False
GO:0004176	ATP-dependent peptidase activity	molecular_function	1	0.9210964607911173	1.0856626233707527	0.9210964607911173	39819	43230	0.9210964607911173	False
GO:0005745	m-AAA complex	cellular_component	1	0.9210964607911173	1.0856626233707527	0.9210964607911173	39819	43230	0.9210964607911173	False
GO:0048038	quinone binding	molecular_function	1	0.9210964607911173	1.0856626233707527	0.9210964607911173	39819	43230	0.9210964607911173	False
GO:0016638	oxidoreductase activity, acting on the CH-NH2 group of donors	molecular_function	1	0.9210964607911173	1.0856626233707527	0.9210964607911173	39819	43230	0.9210964607911173	False
GO:0016641	oxidoreductase activity, acting on the CH-NH2 group of donors, oxygen as acceptor	molecular_function	1	0.9210964607911173	1.0856626233707527	0.9210964607911173	39819	43230	0.9210964607911173	False
GO:0008131	primary methylamine oxidase activity	molecular_function	1	0.9210964607911173	1.0856626233707527	0.9210964607911173	39819	43230	0.9210964607911173	False
GO:0033627	cell adhesion mediated by integrin	biological_process	1	0.9210964607911173	1.0856626233707527	0.9210964607911173	39819	43230	0.9210964607911173	False
GO:0005178	integrin binding	molecular_function	1	0.9210964607911173	1.0856626233707527	0.9210964607911173	39819	43230	0.9210964607911173	False
GO:0098636	protein complex involved in cell adhesion	cellular_component	1	0.9210964607911173	1.0856626233707527	0.9210964607911173	39819	43230	0.9210964607911173	False
GO:0098802	plasma membrane signaling receptor complex	cellular_component	1	0.9210964607911173	1.0856626233707527	0.9210964607911173	39819	43230	0.9210964607911173	False
GO:0008305	integrin complex	cellular_component	1	0.9210964607911173	1.0856626233707527	0.9210964607911173	39819	43230	0.9210964607911173	False
GO:0000394	RNA splicing, via endonucleolytic cleavage and ligation	biological_process	1	0.9210964607911173	1.0856626233707527	0.9210964607911173	39819	43230	0.9210964607911173	False
GO:0006388	tRNA splicing, via endonucleolytic cleavage and ligation	biological_process	1	0.9210964607911173	1.0856626233707527	0.9210964607911173	39819	43230	0.9210964607911173	False
GO:0170057	RNA ligase (GTP) activity	molecular_function	1	0.9210964607911173	1.0856626233707527	0.9210964607911173	39819	43230	0.9210964607911173	False
GO:0003972	RNA ligase (ATP) activity	molecular_function	1	0.9210964607911173	1.0856626233707527	0.9210964607911173	39819	43230	0.9210964607911173	False
GO:0072669	tRNA-splicing ligase complex	cellular_component	1	0.9210964607911173	1.0856626233707527	0.9210964607911173	39819	43230	0.9210964607911173	False
GO:0033013	tetrapyrrole metabolic process	biological_process	1	0.9210964607911173	1.0856626233707527	0.9210964607911173	39819	43230	0.9210964607911173	False
GO:0009235	cobalamin metabolic process	biological_process	1	0.9210964607911173	1.0856626233707527	0.9210964607911173	39819	43230	0.9210964607911173	False
GO:0016723	oxidoreductase activity, acting on metal ions, NAD or NADP as acceptor	molecular_function	1	0.9210964607911173	1.0856626233707527	0.9210964607911173	39819	43230	0.9210964607911173	False
GO:0016722	oxidoreductase activity, acting on metal ions	molecular_function	1	0.9210964607911173	1.0856626233707527	0.9210964607911173	39819	43230	0.9210964607911173	False
GO:0016743	carboxyl- or carbamoyltransferase activity	molecular_function	1	0.9210964607911173	1.0856626233707527	0.9210964607911173	39819	43230	0.9210964607911173	False
GO:0004709	MAP kinase kinase kinase activity	molecular_function	1	0.9210964607911173	1.0856626233707527	0.9210964607911173	39819	43230	0.9210964607911173	False
GO:0016882	cyclo-ligase activity	molecular_function	1	0.9210964607911173	1.0856626233707527	0.9210964607911173	39819	43230	0.9210964607911173	False
GO:0004641	phosphoribosylformylglycinamidine cyclo-ligase activity	molecular_function	1	0.9210964607911173	1.0856626233707527	0.9210964607911173	39819	43230	0.9210964607911173	False
GO:0004637	phosphoribosylamine-glycine ligase activity	molecular_function	1	0.9210964607911173	1.0856626233707527	0.9210964607911173	39819	43230	0.9210964607911173	False
GO:0042826	histone deacetylase binding	molecular_function	1	0.9210964607911173	1.0856626233707527	0.9210964607911173	39819	43230	0.9210964607911173	False
GO:0071596	ubiquitin-dependent protein catabolic process via the N-end rule pathway	biological_process	1	0.9210964607911173	1.0856626233707527	0.9210964607911173	39819	43230	0.9210964607911173	False
GO:0044272	sulfur compound biosynthetic process	biological_process	1	0.9210964607911173	1.0856626233707527	0.9210964607911173	39819	43230	0.9210964607911173	False
GO:0015936	coenzyme A metabolic process	biological_process	1	0.9210964607911173	1.0856626233707527	0.9210964607911173	39819	43230	0.9210964607911173	False
GO:0015937	coenzyme A biosynthetic process	biological_process	1	0.9210964607911173	1.0856626233707527	0.9210964607911173	39819	43230	0.9210964607911173	False
GO:0004140	dephospho-CoA kinase activity	molecular_function	1	0.9210964607911173	1.0856626233707527	0.9210964607911173	39819	43230	0.9210964607911173	False
GO:0010314	phosphatidylinositol-5-phosphate binding	molecular_function	1	0.9210964607911173	1.0856626233707527	0.9210964607911173	39819	43230	0.9210964607911173	False
GO:0051177	meiotic sister chromatid cohesion	biological_process	1	0.9210964607911173	1.0856626233707527	0.9210964607911173	39819	43230	0.9210964607911173	False
GO:0008278	cohesin complex	cellular_component	1	0.9210964607911173	1.0856626233707527	0.9210964607911173	39819	43230	0.9210964607911173	False
GO:0030893	meiotic cohesin complex	cellular_component	1	0.9210964607911173	1.0856626233707527	0.9210964607911173	39819	43230	0.9210964607911173	False
GO:0097541	axonemal basal plate	cellular_component	1	0.9210964607911173	1.0856626233707527	0.9210964607911173	39819	43230	0.9210964607911173	False
GO:0070259	tyrosyl-DNA phosphodiesterase activity	molecular_function	1	0.9210964607911173	1.0856626233707527	0.9210964607911173	39819	43230	0.9210964607911173	False
GO:0070260	5'-tyrosyl-DNA phosphodiesterase activity	molecular_function	1	0.9210964607911173	1.0856626233707527	0.9210964607911173	39819	43230	0.9210964607911173	False
GO:0016605	PML body	cellular_component	1	0.9210964607911173	1.0856626233707527	0.9210964607911173	39819	43230	0.9210964607911173	False
GO:0005549	odorant binding	molecular_function	1	0.9210964607911173	1.0856626233707527	0.9210964607911173	39819	43230	0.9210964607911173	False
GO:0016540	protein autoprocessing	biological_process	1	0.9210964607911173	1.0856626233707527	0.9210964607911173	39819	43230	0.9210964607911173	False
GO:0016881	acid-amino acid ligase activity	molecular_function	1	0.9210964607911173	1.0856626233707527	0.9210964607911173	39819	43230	0.9210964607911173	False
GO:0004326	tetrahydrofolylpolyglutamate synthase activity	molecular_function	1	0.9210964607911173	1.0856626233707527	0.9210964607911173	39819	43230	0.9210964607911173	False
GO:0034062	5'-3' RNA polymerase activity	molecular_function	1	0.9210964607911173	1.0856626233707527	0.9210964607911173	39819	43230	0.9210964607911173	False
GO:0097747	RNA polymerase activity	molecular_function	1	0.9210964607911173	1.0856626233707527	0.9210964607911173	39819	43230	0.9210964607911173	False
GO:0003899	DNA-directed RNA polymerase activity	molecular_function	1	0.9210964607911173	1.0856626233707527	0.9210964607911173	39819	43230	0.9210964607911173	False
GO:0055029	nuclear DNA-directed RNA polymerase complex	cellular_component	1	0.9210964607911173	1.0856626233707527	0.9210964607911173	39819	43230	0.9210964607911173	False
GO:0005665	RNA polymerase II, core complex	cellular_component	1	0.9210964607911173	1.0856626233707527	0.9210964607911173	39819	43230	0.9210964607911173	False
GO:0051537	2 iron, 2 sulfur cluster binding	molecular_function	1	0.9210964607911173	1.0856626233707527	0.9210964607911173	39819	43230	0.9210964607911173	False
GO:0046083	adenine metabolic process	biological_process	1	0.9210964607911173	1.0856626233707527	0.9210964607911173	39819	43230	0.9210964607911173	False
GO:0046084	adenine biosynthetic process	biological_process	1	0.9210964607911173	1.0856626233707527	0.9210964607911173	39819	43230	0.9210964607911173	False
GO:0016742	hydroxymethyl-, formyl- and related transferase activity	molecular_function	1	0.9210964607911173	1.0856626233707527	0.9210964607911173	39819	43230	0.9210964607911173	False
GO:0004644	phosphoribosylglycinamide formyltransferase activity	molecular_function	1	0.9210964607911173	1.0856626233707527	0.9210964607911173	39819	43230	0.9210964607911173	False
GO:0008203	cholesterol metabolic process	biological_process	1	0.9210964607911173	1.0856626233707527	0.9210964607911173	39819	43230	0.9210964607911173	False
GO:0072349	modified amino acid transmembrane transporter activity	molecular_function	1	0.9210964607911173	1.0856626233707527	0.9210964607911173	39819	43230	0.9210964607911173	False
GO:0004556	alpha-amylase activity	molecular_function	1	0.9210964607911173	1.0856626233707527	0.9210964607911173	39819	43230	0.9210964607911173	False
GO:0000099	sulfur amino acid transmembrane transporter activity	molecular_function	1	0.9210964607911173	1.0856626233707527	0.9210964607911173	39819	43230	0.9210964607911173	False
GO:1901682	sulfur compound transmembrane transporter activity	molecular_function	1	0.9210964607911173	1.0856626233707527	0.9210964607911173	39819	43230	0.9210964607911173	False
GO:0015184	L-cystine transmembrane transporter activity	molecular_function	1	0.9210964607911173	1.0856626233707527	0.9210964607911173	39819	43230	0.9210964607911173	False
