species	population	chromosome	start	end	highest_LR	lowest_alpha	region_size
EntNic	EntNic_aaRJ-C225	HiC_scaffold_1	3118081	3131990	523.95394	4.913366e-05	13909
EntNic	EntNic_aaRJ-C225	HiC_scaffold_1	3379377	3380170	175.31933	0.000454474	793
EntNic	EntNic_aaRJ-C225	HiC_scaffold_1	3382478	3382737	115.261857	0.0004390943	259
EntNic	EntNic_aaRJ-C225	HiC_scaffold_1	3383539	3384913	106.084209	0.0001824936	1374
EntNic	EntNic_aaRJ-C225	HiC_scaffold_1	3385269	3385300	93.389375	0.0001004515	31
EntNic	EntNic_aaRJ-C225	HiC_scaffold_1	3111510	3111565	71.714878	0.0006870656	55
EntNic	EntNic_aaRJ-C225	HiC_scaffold_1	3378363	3378611	53.118263	0.00105287	248
